
===== 01 (#01 - 2025-04-19 Sanap Cliffs, Gozo) 14:24:57
[youtube] Extracting URL: https://www.youtube.com/watch?v=r6r1XjqfQOA
[youtube] r6r1XjqfQOA: Downloading webpage
[youtube] Sleeping 1.0 seconds ...
[youtube] r6r1XjqfQOA: Downloading visionos player API JSON
[youtube] Sleeping 1.0 seconds ...
[youtube] r6r1XjqfQOA: Downloading m3u8 information
[info] r6r1XjqfQOA: Downloading 1 format(s): 251
[info] Downloading video thumbnail 41 ...
[info] Writing video thumbnail 41 to: /Users/marcelbuian/projects/mb/marcel-vibe/Deepium 2026/MarcelVibe/01/Moby - In This World (Amonita & Makebo Edit) - 2020.webp
[ThumbnailsConvertor] Converting thumbnail "/Users/marcelbuian/projects/mb/marcel-vibe/Deepium 2026/MarcelVibe/01/Moby - In This World (Amonita & Makebo Edit) - 2020.webp" to jpg
Deleting original file /Users/marcelbuian/projects/mb/marcel-vibe/Deepium 2026/MarcelVibe/01/Moby - In This World (Amonita & Makebo Edit) - 2020.webp (pass -k to keep)
[download] Sleeping 1.35 seconds ...
[download] Destination: /Users/marcelbuian/projects/mb/marcel-vibe/Deepium 2026/MarcelVibe/01/Moby - In This World (Amonita & Makebo Edit) - 2020.webm

[download]   0.0% of    6.17MiB at  443.09KiB/s ETA 00:14
[download]   0.0% of    6.17MiB at    1.06MiB/s ETA 00:05
[download]   0.1% of    6.17MiB at    2.25MiB/s ETA 00:02
[download]   0.2% of    6.17MiB at    4.39MiB/s ETA 00:01
[download]   0.5% of    6.17MiB at    3.99MiB/s ETA 00:01
[download]   1.0% of    6.17MiB at    4.76MiB/s ETA 00:01
[download]   2.0% of    6.17MiB at    7.14MiB/s ETA 00:00
[download]   4.0% of    6.17MiB at    9.71MiB/s ETA 00:00
[download]   8.1% of    6.17MiB at   14.55MiB/s ETA 00:00
[download]  16.2% of    6.17MiB at   14.74MiB/s ETA 00:00
[download]  32.4% of    6.17MiB at   14.86MiB/s ETA 00:00
[download]  64.8% of    6.17MiB at    7.30MiB/s ETA 00:00
[download] 100.0% of    6.17MiB at    7.42MiB/s ETA 00:00
[download] 100% of    6.17MiB in 00:00:00 at 6.57MiB/s   
[ExtractAudio] Destination: /Users/marcelbuian/projects/mb/marcel-vibe/Deepium 2026/MarcelVibe/01/Moby - In This World (Amonita & Makebo Edit) - 2020.mp3
Deleting original file /Users/marcelbuian/projects/mb/marcel-vibe/Deepium 2026/MarcelVibe/01/Moby - In This World (Amonita & Makebo Edit) - 2020.webm (pass -k to keep)
[Metadata] Adding metadata to "/Users/marcelbuian/projects/mb/marcel-vibe/Deepium 2026/MarcelVibe/01/Moby - In This World (Amonita & Makebo Edit) - 2020.mp3"
[EmbedThumbnail] ffmpeg: Adding thumbnail to "/Users/marcelbuian/projects/mb/marcel-vibe/Deepium 2026/MarcelVibe/01/Moby - In This World (Amonita & Makebo Edit) - 2020.mp3"
[youtube] Extracting URL: https://www.youtube.com/watch?v=_7Ir0ScYZYc
[youtube] Sleeping 1.0 seconds ...
[youtube] _7Ir0ScYZYc: Downloading webpage
[youtube] Sleeping 1.0 seconds ...
[youtube] _7Ir0ScYZYc: Downloading visionos player API JSON
[youtube] Sleeping 1.0 seconds ...
[youtube] _7Ir0ScYZYc: Downloading m3u8 information
[info] _7Ir0ScYZYc: Downloading 1 format(s): 251
[info] Downloading video thumbnail 41 ...
[info] Writing video thumbnail 41 to: /Users/marcelbuian/projects/mb/marcel-vibe/Deepium 2026/MarcelVibe/01/Andre Rizo - Colindul Cerbui (feat. Narcia Suciu) - 2016.webp
[ThumbnailsConvertor] Converting thumbnail "/Users/marcelbuian/projects/mb/marcel-vibe/Deepium 2026/MarcelVibe/01/Andre Rizo - Colindul Cerbui (feat. Narcia Suciu) - 2016.webp" to jpg
Deleting original file /Users/marcelbuian/projects/mb/marcel-vibe/Deepium 2026/MarcelVibe/01/Andre Rizo - Colindul Cerbui (feat. Narcia Suciu) - 2016.webp (pass -k to keep)
[download] Sleeping 1.17 seconds ...
[download] Destination: /Users/marcelbuian/projects/mb/marcel-vibe/Deepium 2026/MarcelVibe/01/Andre Rizo - Colindul Cerbui (feat. Narcia Suciu) - 2016.webm

[download]   0.0% of    4.57MiB at  489.47KiB/s ETA 00:09
[download]   0.1% of    4.57MiB at    1.23MiB/s ETA 00:03
[download]   0.1% of    4.57MiB at    2.68MiB/s ETA 00:01
[download]   0.3% of    4.57MiB at    5.45MiB/s ETA 00:00
[download]   0.7% of    4.57MiB at    3.46MiB/s ETA 00:01
[download]   1.3% of    4.57MiB at    4.72MiB/s ETA 00:00
[download]   2.7% of    4.57MiB at    7.17MiB/s ETA 00:00
[download]   5.5% of    4.57MiB at    9.96MiB/s ETA 00:00
[download]  10.9% of    4.57MiB at   12.70MiB/s ETA 00:00
[download]  21.9% of    4.57MiB at    9.00MiB/s ETA 00:00
[download]  43.8% of    4.57MiB at    7.05MiB/s ETA 00:00
[download]  87.5% of    4.57MiB at   11.69MiB/s ETA 00:00
[download] 100.0% of    4.57MiB at    7.76MiB/s ETA 00:00
[download] 100% of    4.57MiB in 00:00:00 at 5.48MiB/s   
[ExtractAudio] Destination: /Users/marcelbuian/projects/mb/marcel-vibe/Deepium 2026/MarcelVibe/01/Andre Rizo - Colindul Cerbui (feat. Narcia Suciu) - 2016.mp3
Deleting original file /Users/marcelbuian/projects/mb/marcel-vibe/Deepium 2026/MarcelVibe/01/Andre Rizo - Colindul Cerbui (feat. Narcia Suciu) - 2016.webm (pass -k to keep)
[Metadata] Adding metadata to "/Users/marcelbuian/projects/mb/marcel-vibe/Deepium 2026/MarcelVibe/01/Andre Rizo - Colindul Cerbui (feat. Narcia Suciu) - 2016.mp3"
[EmbedThumbnail] ffmpeg: Adding thumbnail to "/Users/marcelbuian/projects/mb/marcel-vibe/Deepium 2026/MarcelVibe/01/Andre Rizo - Colindul Cerbui (feat. Narcia Suciu) - 2016.mp3"
[youtube] Extracting URL: https://www.youtube.com/watch?v=bZA8DPyEgzU
[youtube] Sleeping 1.0 seconds ...
[youtube] bZA8DPyEgzU: Downloading webpage
[youtube] Sleeping 1.0 seconds ...
[youtube] bZA8DPyEgzU: Downloading visionos player API JSON
[youtube] Sleeping 1.0 seconds ...
[youtube] bZA8DPyEgzU: Downloading m3u8 information
[info] bZA8DPyEgzU: Downloading 1 format(s): 251
[info] Downloading video thumbnail 41 ...
[info] Writing video thumbnail 41 to: /Users/marcelbuian/projects/mb/marcel-vibe/Deepium 2026/MarcelVibe/01/Legroni & Peredel feat. Ilana Lorraine — Feel Me (Original Mix) - 2020.webp
[ThumbnailsConvertor] Converting thumbnail "/Users/marcelbuian/projects/mb/marcel-vibe/Deepium 2026/MarcelVibe/01/Legroni & Peredel feat. Ilana Lorraine — Feel Me (Original Mix) - 2020.webp" to jpg
Deleting original file /Users/marcelbuian/projects/mb/marcel-vibe/Deepium 2026/MarcelVibe/01/Legroni & Peredel feat. Ilana Lorraine — Feel Me (Original Mix) - 2020.webp (pass -k to keep)
[download] Sleeping 1.25 seconds ...
[download] Destination: /Users/marcelbuian/projects/mb/marcel-vibe/Deepium 2026/MarcelVibe/01/Legroni & Peredel feat. Ilana Lorraine — Feel Me (Original Mix) - 2020.webm

[download]   0.0% of    7.28MiB at  477.28KiB/s ETA 00:15
[download]   0.0% of    7.28MiB at    1.17MiB/s ETA 00:06
[download]   0.1% of    7.28MiB at    2.52MiB/s ETA 00:02
[download]   0.2% of    7.28MiB at    5.03MiB/s ETA 00:01
[download]   0.4% of    7.28MiB at    4.01MiB/s ETA 00:01
[download]   0.8% of    7.28MiB at    4.95MiB/s ETA 00:01
[download]   1.7% of    7.28MiB at    6.99MiB/s ETA 00:01
[download]   3.4% of    7.28MiB at    9.66MiB/s ETA 00:00
[download]   6.9% of    7.28MiB at   14.26MiB/s ETA 00:00
[download]  13.7% of    7.28MiB at   14.70MiB/s ETA 00:00
[download]  27.5% of    7.28MiB at   15.19MiB/s ETA 00:00
[download]  54.9% of    7.28MiB at   12.31MiB/s ETA 00:00
[download] 100.0% of    7.28MiB at   11.52MiB/s ETA 00:00
[download] 100% of    7.28MiB in 00:00:00 at 9.62MiB/s   
[ExtractAudio] Destination: /Users/marcelbuian/projects/mb/marcel-vibe/Deepium 2026/MarcelVibe/01/Legroni & Peredel feat. Ilana Lorraine — Feel Me (Original Mix) - 2020.mp3
Deleting original file /Users/marcelbuian/projects/mb/marcel-vibe/Deepium 2026/MarcelVibe/01/Legroni & Peredel feat. Ilana Lorraine — Feel Me (Original Mix) - 2020.webm (pass -k to keep)
[Metadata] Adding metadata to "/Users/marcelbuian/projects/mb/marcel-vibe/Deepium 2026/MarcelVibe/01/Legroni & Peredel feat. Ilana Lorraine — Feel Me (Original Mix) - 2020.mp3"
[EmbedThumbnail] ffmpeg: Adding thumbnail to "/Users/marcelbuian/projects/mb/marcel-vibe/Deepium 2026/MarcelVibe/01/Legroni & Peredel feat. Ilana Lorraine — Feel Me (Original Mix) - 2020.mp3"
[youtube] Extracting URL: https://www.youtube.com/watch?v=_zx_gCZpyNU
[youtube] Sleeping 1.0 seconds ...
[youtube] _zx_gCZpyNU: Downloading webpage
[youtube] Sleeping 1.0 seconds ...
[youtube] _zx_gCZpyNU: Downloading visionos player API JSON
[youtube] Sleeping 1.0 seconds ...
[youtube] _zx_gCZpyNU: Downloading m3u8 information
[info] _zx_gCZpyNU: Downloading 1 format(s): 251
[info] Downloading video thumbnail 41 ...
[info] Writing video thumbnail 41 to: /Users/marcelbuian/projects/mb/marcel-vibe/Deepium 2026/MarcelVibe/01/Joseph Ray - Blue Nights (Mixed) - 2023.webp
[ThumbnailsConvertor] Converting thumbnail "/Users/marcelbuian/projects/mb/marcel-vibe/Deepium 2026/MarcelVibe/01/Joseph Ray - Blue Nights (Mixed) - 2023.webp" to jpg
Deleting original file /Users/marcelbuian/projects/mb/marcel-vibe/Deepium 2026/MarcelVibe/01/Joseph Ray - Blue Nights (Mixed) - 2023.webp (pass -k to keep)
[download] Sleeping 1.68 seconds ...
[download] Destination: /Users/marcelbuian/projects/mb/marcel-vibe/Deepium 2026/MarcelVibe/01/Joseph Ray - Blue Nights (Mixed) - 2023.webm

[download]   0.0% of    4.23MiB at  449.69KiB/s ETA 00:09
[download]   0.1% of    4.23MiB at    1.07MiB/s ETA 00:03
[download]   0.2% of    4.23MiB at    2.29MiB/s ETA 00:01
[download]   0.3% of    4.23MiB at    4.60MiB/s ETA 00:00
[download]   0.7% of    4.23MiB at    4.63MiB/s ETA 00:00
[download]   1.5% of    4.23MiB at    5.15MiB/s ETA 00:00
[download]   2.9% of    4.23MiB at    6.90MiB/s ETA 00:00
[download]   5.9% of    4.23MiB at   10.10MiB/s ETA 00:00
[download]  11.8% of    4.23MiB at   14.94MiB/s ETA 00:00
[download]  23.6% of    4.23MiB at    9.57MiB/s ETA 00:00
[download]  47.3% of    4.23MiB at    8.87MiB/s ETA 00:00
[download]  94.6% of    4.23MiB at    9.81MiB/s ETA 00:00
[download] 100.0% of    4.23MiB at   10.18MiB/s ETA 00:00
[download] 100% of    4.23MiB in 00:00:00 at 7.56MiB/s   
[ExtractAudio] Destination: /Users/marcelbuian/projects/mb/marcel-vibe/Deepium 2026/MarcelVibe/01/Joseph Ray - Blue Nights (Mixed) - 2023.mp3
Deleting original file /Users/marcelbuian/projects/mb/marcel-vibe/Deepium 2026/MarcelVibe/01/Joseph Ray - Blue Nights (Mixed) - 2023.webm (pass -k to keep)
[Metadata] Adding metadata to "/Users/marcelbuian/projects/mb/marcel-vibe/Deepium 2026/MarcelVibe/01/Joseph Ray - Blue Nights (Mixed) - 2023.mp3"
[EmbedThumbnail] ffmpeg: Adding thumbnail to "/Users/marcelbuian/projects/mb/marcel-vibe/Deepium 2026/MarcelVibe/01/Joseph Ray - Blue Nights (Mixed) - 2023.mp3"
[youtube] Extracting URL: https://www.youtube.com/watch?v=RwLNAJDQOXc
[youtube] Sleeping 1.0 seconds ...
[youtube] RwLNAJDQOXc: Downloading webpage
[youtube] Sleeping 1.0 seconds ...
[youtube] RwLNAJDQOXc: Downloading visionos player API JSON
[youtube] Sleeping 1.0 seconds ...
[youtube] RwLNAJDQOXc: Downloading m3u8 information
[info] RwLNAJDQOXc: Downloading 1 format(s): 251
[info] Downloading video thumbnail 41 ...
[info] Writing video thumbnail 41 to: /Users/marcelbuian/projects/mb/marcel-vibe/Deepium 2026/MarcelVibe/01/Above & Beyond - Sun In Your Eyes (Marsh Extended Mix) - 2025.webp
[ThumbnailsConvertor] Converting thumbnail "/Users/marcelbuian/projects/mb/marcel-vibe/Deepium 2026/MarcelVibe/01/Above & Beyond - Sun In Your Eyes (Marsh Extended Mix) - 2025.webp" to jpg
Deleting original file /Users/marcelbuian/projects/mb/marcel-vibe/Deepium 2026/MarcelVibe/01/Above & Beyond - Sun In Your Eyes (Marsh Extended Mix) - 2025.webp (pass -k to keep)
[download] Sleeping 1.31 seconds ...
[download] Destination: /Users/marcelbuian/projects/mb/marcel-vibe/Deepium 2026/MarcelVibe/01/Above & Beyond - Sun In Your Eyes (Marsh Extended Mix) - 2025.webm

[download]   0.0% of    7.18MiB at  481.05KiB/s ETA 00:15
[download]   0.0% of    7.18MiB at    1.25MiB/s ETA 00:05
[download]   0.1% of    7.18MiB at    2.76MiB/s ETA 00:02
[download]   0.2% of    7.18MiB at    5.50MiB/s ETA 00:01
[download]   0.4% of    7.18MiB at    4.55MiB/s ETA 00:01
[download]   0.9% of    7.18MiB at    4.68MiB/s ETA 00:01
[download]   1.7% of    7.18MiB at    6.82MiB/s ETA 00:01
[download]   3.5% of    7.18MiB at    9.49MiB/s ETA 00:00
[download]   6.9% of    7.18MiB at   13.27MiB/s ETA 00:00
[download]  13.9% of    7.18MiB at   15.28MiB/s ETA 00:00
[download]  27.8% of    7.18MiB at    6.31MiB/s ETA 00:00
[download]  55.7% of    7.18MiB at    8.89MiB/s ETA 00:00
[download] 100.0% of    7.18MiB at    9.35MiB/s ETA 00:00
[download] 100% of    7.18MiB in 00:00:00 at 7.53MiB/s   
[ExtractAudio] Destination: /Users/marcelbuian/projects/mb/marcel-vibe/Deepium 2026/MarcelVibe/01/Above & Beyond - Sun In Your Eyes (Marsh Extended Mix) - 2025.mp3
Deleting original file /Users/marcelbuian/projects/mb/marcel-vibe/Deepium 2026/MarcelVibe/01/Above & Beyond - Sun In Your Eyes (Marsh Extended Mix) - 2025.webm (pass -k to keep)
[Metadata] Adding metadata to "/Users/marcelbuian/projects/mb/marcel-vibe/Deepium 2026/MarcelVibe/01/Above & Beyond - Sun In Your Eyes (Marsh Extended Mix) - 2025.mp3"
[EmbedThumbnail] ffmpeg: Adding thumbnail to "/Users/marcelbuian/projects/mb/marcel-vibe/Deepium 2026/MarcelVibe/01/Above & Beyond - Sun In Your Eyes (Marsh Extended Mix) - 2025.mp3"
[youtube] Extracting URL: https://www.youtube.com/watch?v=cXt5052Wubg
[youtube] Sleeping 1.0 seconds ...
[youtube] cXt5052Wubg: Downloading webpage
[youtube] Sleeping 1.0 seconds ...
[youtube] cXt5052Wubg: Downloading visionos player API JSON
[youtube] Sleeping 1.0 seconds ...
[youtube] cXt5052Wubg: Downloading m3u8 information
[info] cXt5052Wubg: Downloading 1 format(s): 251
[info] Downloading video thumbnail 41 ...
[info] Writing video thumbnail 41 to: /Users/marcelbuian/projects/mb/marcel-vibe/Deepium 2026/MarcelVibe/01/Joseph Ray - Cos Of You (WYM466) - 2023.webp
[ThumbnailsConvertor] Converting thumbnail "/Users/marcelbuian/projects/mb/marcel-vibe/Deepium 2026/MarcelVibe/01/Joseph Ray - Cos Of You (WYM466) - 2023.webp" to jpg
Deleting original file /Users/marcelbuian/projects/mb/marcel-vibe/Deepium 2026/MarcelVibe/01/Joseph Ray - Cos Of You (WYM466) - 2023.webp (pass -k to keep)
[download] Sleeping 1.78 seconds ...
[download] Destination: /Users/marcelbuian/projects/mb/marcel-vibe/Deepium 2026/MarcelVibe/01/Joseph Ray - Cos Of You (WYM466) - 2023.webm

[download]   0.0% of    4.90MiB at  977.47KiB/s ETA 00:05
[download]   0.1% of    4.90MiB at    1.98MiB/s ETA 00:02
[download]   0.1% of    4.90MiB at    4.26MiB/s ETA 00:01
[download]   0.3% of    4.90MiB at    8.69MiB/s ETA 00:00
[download]   0.6% of    4.90MiB at   16.98MiB/s ETA 00:00
[download]   1.3% of    4.90MiB at   32.34MiB/s ETA 00:00
[download]   2.5% of    4.90MiB at   14.88MiB/s ETA 00:00
[download]   5.1% of    4.90MiB at   15.12MiB/s ETA 00:00
[download]  10.2% of    4.90MiB at   16.53MiB/s ETA 00:00
[download]  20.4% of    4.90MiB at   15.03MiB/s ETA 00:00
[download]  40.8% of    4.90MiB at   15.26MiB/s ETA 00:00
[download]  81.6% of    4.90MiB at    8.97MiB/s ETA 00:00
[download] 100.0% of    4.90MiB at   10.50MiB/s ETA 00:00
[download] 100% of    4.90MiB in 00:00:00 at 8.00MiB/s   
[ExtractAudio] Destination: /Users/marcelbuian/projects/mb/marcel-vibe/Deepium 2026/MarcelVibe/01/Joseph Ray - Cos Of You (WYM466) - 2023.mp3
Deleting original file /Users/marcelbuian/projects/mb/marcel-vibe/Deepium 2026/MarcelVibe/01/Joseph Ray - Cos Of You (WYM466) - 2023.webm (pass -k to keep)
[Metadata] Adding metadata to "/Users/marcelbuian/projects/mb/marcel-vibe/Deepium 2026/MarcelVibe/01/Joseph Ray - Cos Of You (WYM466) - 2023.mp3"
[EmbedThumbnail] ffmpeg: Adding thumbnail to "/Users/marcelbuian/projects/mb/marcel-vibe/Deepium 2026/MarcelVibe/01/Joseph Ray - Cos Of You (WYM466) - 2023.mp3"
[youtube] Extracting URL: https://www.youtube.com/watch?v=3X7-ee3255c
[youtube] Sleeping 1.0 seconds ...
[youtube] 3X7-ee3255c: Downloading webpage
[youtube] Sleeping 1.0 seconds ...
[youtube] 3X7-ee3255c: Downloading visionos player API JSON
[youtube] Sleeping 1.0 seconds ...
[youtube] 3X7-ee3255c: Downloading m3u8 information
[info] 3X7-ee3255c: Downloading 1 format(s): 251
[info] Downloading video thumbnail 41 ...
[info] Writing video thumbnail 41 to: /Users/marcelbuian/projects/mb/marcel-vibe/Deepium 2026/MarcelVibe/01/Mantra - Kick My Mind - 2013.webp
[ThumbnailsConvertor] Converting thumbnail "/Users/marcelbuian/projects/mb/marcel-vibe/Deepium 2026/MarcelVibe/01/Mantra - Kick My Mind - 2013.webp" to jpg
Deleting original file /Users/marcelbuian/projects/mb/marcel-vibe/Deepium 2026/MarcelVibe/01/Mantra - Kick My Mind - 2013.webp (pass -k to keep)
[download] Sleeping 2.70 seconds ...
[download] Destination: /Users/marcelbuian/projects/mb/marcel-vibe/Deepium 2026/MarcelVibe/01/Mantra - Kick My Mind - 2013.webm

[download]   0.0% of    6.17MiB at  Unknown B/s ETA Unknown
[download]   0.0% of    6.17MiB at    2.07MiB/s ETA 00:02  
[download]   0.1% of    6.17MiB at    4.18MiB/s ETA 00:01
[download]   0.2% of    6.17MiB at    7.94MiB/s ETA 00:00
[download]   0.5% of    6.17MiB at   14.55MiB/s ETA 00:00
[download]   1.0% of    6.17MiB at   26.20MiB/s ETA 00:00
[download]   2.0% of    6.17MiB at   15.88MiB/s ETA 00:00
[download]   4.0% of    6.17MiB at   13.24MiB/s ETA 00:00
[download]   8.1% of    6.17MiB at   14.25MiB/s ETA 00:00
[download]  16.2% of    6.17MiB at   14.38MiB/s ETA 00:00
[download]  32.4% of    6.17MiB at   14.71MiB/s ETA 00:00
[download]  64.8% of    6.17MiB at   12.41MiB/s ETA 00:00
[download] 100.0% of    6.17MiB at   11.23MiB/s ETA 00:00
[download] 100% of    6.17MiB in 00:00:01 at 5.42MiB/s   
[ExtractAudio] Destination: /Users/marcelbuian/projects/mb/marcel-vibe/Deepium 2026/MarcelVibe/01/Mantra - Kick My Mind - 2013.mp3
Deleting original file /Users/marcelbuian/projects/mb/marcel-vibe/Deepium 2026/MarcelVibe/01/Mantra - Kick My Mind - 2013.webm (pass -k to keep)
[Metadata] Adding metadata to "/Users/marcelbuian/projects/mb/marcel-vibe/Deepium 2026/MarcelVibe/01/Mantra - Kick My Mind - 2013.mp3"
[EmbedThumbnail] ffmpeg: Adding thumbnail to "/Users/marcelbuian/projects/mb/marcel-vibe/Deepium 2026/MarcelVibe/01/Mantra - Kick My Mind - 2013.mp3"
[youtube] Extracting URL: https://www.youtube.com/watch?v=57yv_qj2naM
[youtube] Sleeping 1.0 seconds ...
[youtube] 57yv_qj2naM: Downloading webpage
[youtube] Sleeping 1.0 seconds ...
[youtube] 57yv_qj2naM: Downloading visionos player API JSON
[youtube] Sleeping 1.0 seconds ...
[youtube] 57yv_qj2naM: Downloading m3u8 information
[info] 57yv_qj2naM: Downloading 1 format(s): 251
[info] Downloading video thumbnail 41 ...
[info] Writing video thumbnail 41 to: /Users/marcelbuian/projects/mb/marcel-vibe/Deepium 2026/MarcelVibe/01/Serious Dancers, Tim Green - Callahan (Tim Green Edit) - 2023.webp
[ThumbnailsConvertor] Converting thumbnail "/Users/marcelbuian/projects/mb/marcel-vibe/Deepium 2026/MarcelVibe/01/Serious Dancers, Tim Green - Callahan (Tim Green Edit) - 2023.webp" to jpg
Deleting original file /Users/marcelbuian/projects/mb/marcel-vibe/Deepium 2026/MarcelVibe/01/Serious Dancers, Tim Green - Callahan (Tim Green Edit) - 2023.webp (pass -k to keep)
[download] Sleeping 2.55 seconds ...
[download] Destination: /Users/marcelbuian/projects/mb/marcel-vibe/Deepium 2026/MarcelVibe/01/Serious Dancers, Tim Green - Callahan (Tim Green Edit) - 2023.webm

[download]   0.0% of    9.38MiB at  993.91KiB/s ETA 00:09
[download]   0.0% of    9.38MiB at    2.03MiB/s ETA 00:04
[download]   0.1% of    9.38MiB at    4.21MiB/s ETA 00:02
[download]   0.2% of    9.38MiB at    8.19MiB/s ETA 00:01
[download]   0.3% of    9.38MiB at   15.29MiB/s ETA 00:00
[download]   0.7% of    9.38MiB at   20.87MiB/s ETA 00:00
[download]   1.3% of    9.38MiB at   32.19MiB/s ETA 00:00
[download]   2.7% of    9.38MiB at   33.24MiB/s ETA 00:00
[download]   5.3% of    9.38MiB at   30.83MiB/s ETA 00:00
[download]  10.6% of    9.38MiB at   20.69MiB/s ETA 00:00
[download]  21.3% of    9.38MiB at   17.05MiB/s ETA 00:00
[download]  42.6% of    9.38MiB at   15.05MiB/s ETA 00:00
[download]  85.3% of    9.38MiB at   11.46MiB/s ETA 00:00
[download] 100.0% of    9.38MiB at   11.09MiB/s ETA 00:00
[download] 100% of    9.38MiB in 00:00:00 at 9.62MiB/s   
[ExtractAudio] Destination: /Users/marcelbuian/projects/mb/marcel-vibe/Deepium 2026/MarcelVibe/01/Serious Dancers, Tim Green - Callahan (Tim Green Edit) - 2023.mp3
Deleting original file /Users/marcelbuian/projects/mb/marcel-vibe/Deepium 2026/MarcelVibe/01/Serious Dancers, Tim Green - Callahan (Tim Green Edit) - 2023.webm (pass -k to keep)
[Metadata] Adding metadata to "/Users/marcelbuian/projects/mb/marcel-vibe/Deepium 2026/MarcelVibe/01/Serious Dancers, Tim Green - Callahan (Tim Green Edit) - 2023.mp3"
[EmbedThumbnail] ffmpeg: Adding thumbnail to "/Users/marcelbuian/projects/mb/marcel-vibe/Deepium 2026/MarcelVibe/01/Serious Dancers, Tim Green - Callahan (Tim Green Edit) - 2023.mp3"
[youtube] Extracting URL: https://www.youtube.com/watch?v=C1GyrQmSljc
[youtube] Sleeping 1.0 seconds ...
[youtube] C1GyrQmSljc: Downloading webpage
[youtube] Sleeping 1.0 seconds ...
[youtube] C1GyrQmSljc: Downloading visionos player API JSON
[youtube] Sleeping 1.0 seconds ...
[youtube] C1GyrQmSljc: Downloading m3u8 information
[info] C1GyrQmSljc: Downloading 1 format(s): 251
[info] Downloading video thumbnail 44 ...
[info] Writing video thumbnail 44 to: /Users/marcelbuian/projects/mb/marcel-vibe/Deepium 2026/MarcelVibe/01/Soul Engineera & Nursultan Kun - Dusk Symphony (Extended Mix) Amulanga - 2023.webp
[ThumbnailsConvertor] Converting thumbnail "/Users/marcelbuian/projects/mb/marcel-vibe/Deepium 2026/MarcelVibe/01/Soul Engineera & Nursultan Kun - Dusk Symphony (Extended Mix) Amulanga - 2023.webp" to jpg
Deleting original file /Users/marcelbuian/projects/mb/marcel-vibe/Deepium 2026/MarcelVibe/01/Soul Engineera & Nursultan Kun - Dusk Symphony (Extended Mix) Amulanga - 2023.webp (pass -k to keep)
[download] Sleeping 1.40 seconds ...
[download] Destination: /Users/marcelbuian/projects/mb/marcel-vibe/Deepium 2026/MarcelVibe/01/Soul Engineera & Nursultan Kun - Dusk Symphony (Extended Mix) Amulanga - 2023.webm

[download]   0.0% of    6.85MiB at  510.13KiB/s ETA 00:13
[download]   0.0% of    6.85MiB at    1.14MiB/s ETA 00:06
[download]   0.1% of    6.85MiB at    2.36MiB/s ETA 00:02
[download]   0.2% of    6.85MiB at    4.55MiB/s ETA 00:01
[download]   0.4% of    6.85MiB at    4.64MiB/s ETA 00:01
[download]   0.9% of    6.85MiB at    5.13MiB/s ETA 00:01
[download]   1.8% of    6.85MiB at    7.32MiB/s ETA 00:00
[download]   3.6% of    6.85MiB at    9.56MiB/s ETA 00:00
[download]   7.3% of    6.85MiB at   14.91MiB/s ETA 00:00
[download]  14.6% of    6.85MiB at   14.87MiB/s ETA 00:00
[download]  29.2% of    6.85MiB at   15.04MiB/s ETA 00:00
[download]  58.3% of    6.85MiB at   23.23MiB/s ETA 00:00
[download] 100.0% of    6.85MiB at   13.64MiB/s ETA 00:00
[download] 100% of    6.85MiB in 00:00:01 at 5.49MiB/s   
[ExtractAudio] Destination: /Users/marcelbuian/projects/mb/marcel-vibe/Deepium 2026/MarcelVibe/01/Soul Engineera & Nursultan Kun - Dusk Symphony (Extended Mix) Amulanga - 2023.mp3
Deleting original file /Users/marcelbuian/projects/mb/marcel-vibe/Deepium 2026/MarcelVibe/01/Soul Engineera & Nursultan Kun - Dusk Symphony (Extended Mix) Amulanga - 2023.webm (pass -k to keep)
[Metadata] Adding metadata to "/Users/marcelbuian/projects/mb/marcel-vibe/Deepium 2026/MarcelVibe/01/Soul Engineera & Nursultan Kun - Dusk Symphony (Extended Mix) Amulanga - 2023.mp3"
[EmbedThumbnail] ffmpeg: Adding thumbnail to "/Users/marcelbuian/projects/mb/marcel-vibe/Deepium 2026/MarcelVibe/01/Soul Engineera & Nursultan Kun - Dusk Symphony (Extended Mix) Amulanga - 2023.mp3"
[youtube] Extracting URL: https://www.youtube.com/watch?v=CNXas_sTayU
[youtube] Sleeping 1.0 seconds ...
[youtube] CNXas_sTayU: Downloading webpage
[youtube] Sleeping 1.0 seconds ...
[youtube] CNXas_sTayU: Downloading visionos player API JSON
[youtube] Sleeping 1.0 seconds ...
[youtube] CNXas_sTayU: Downloading m3u8 information
[info] CNXas_sTayU: Downloading 1 format(s): 251
[info] Downloading video thumbnail 41 ...
[info] Writing video thumbnail 41 to: /Users/marcelbuian/projects/mb/marcel-vibe/Deepium 2026/MarcelVibe/01/Jody Wisternoff & Blake.08 - BLAM (Extended Mix) - 2024.webp
[ThumbnailsConvertor] Converting thumbnail "/Users/marcelbuian/projects/mb/marcel-vibe/Deepium 2026/MarcelVibe/01/Jody Wisternoff & Blake.08 - BLAM (Extended Mix) - 2024.webp" to jpg
Deleting original file /Users/marcelbuian/projects/mb/marcel-vibe/Deepium 2026/MarcelVibe/01/Jody Wisternoff & Blake.08 - BLAM (Extended Mix) - 2024.webp (pass -k to keep)
[download] Sleeping 2.25 seconds ...
[download] Destination: /Users/marcelbuian/projects/mb/marcel-vibe/Deepium 2026/MarcelVibe/01/Jody Wisternoff & Blake.08 - BLAM (Extended Mix) - 2024.webm

[download]   0.0% of    4.80MiB at  106.68KiB/s ETA 00:46
[download]   0.1% of    4.80MiB at  298.45KiB/s ETA 00:16
[download]   0.1% of    4.80MiB at  671.40KiB/s ETA 00:07
[download]   0.3% of    4.80MiB at    1.37MiB/s ETA 00:03
[download]   0.6% of    4.80MiB at    1.86MiB/s ETA 00:02
[download]   1.3% of    4.80MiB at    1.62MiB/s ETA 00:02
[download]   2.6% of    4.80MiB at    3.21MiB/s ETA 00:01
[download]   5.2% of    4.80MiB at    4.01MiB/s ETA 00:01
[download]  10.4% of    4.80MiB at    3.22MiB/s ETA 00:01
[download]  20.8% of    4.80MiB at    2.47MiB/s ETA 00:01
[download]  41.7% of    4.80MiB at    1.35MiB/s ETA 00:02
[download]  61.0% of    4.80MiB at  933.50KiB/s ETA 00:02
[download]  72.2% of    4.80MiB at  831.33KiB/s ETA 00:01
[download]  82.8% of    4.80MiB at  851.51KiB/s ETA 00:00
[download] 100.0% of    4.80MiB at  879.92KiB/s ETA 00:00
[download] 100% of    4.80MiB in 00:00:05 at 837.50KiB/s 
[ExtractAudio] Destination: /Users/marcelbuian/projects/mb/marcel-vibe/Deepium 2026/MarcelVibe/01/Jody Wisternoff & Blake.08 - BLAM (Extended Mix) - 2024.mp3
Deleting original file /Users/marcelbuian/projects/mb/marcel-vibe/Deepium 2026/MarcelVibe/01/Jody Wisternoff & Blake.08 - BLAM (Extended Mix) - 2024.webm (pass -k to keep)
[Metadata] Adding metadata to "/Users/marcelbuian/projects/mb/marcel-vibe/Deepium 2026/MarcelVibe/01/Jody Wisternoff & Blake.08 - BLAM (Extended Mix) - 2024.mp3"
[EmbedThumbnail] ffmpeg: Adding thumbnail to "/Users/marcelbuian/projects/mb/marcel-vibe/Deepium 2026/MarcelVibe/01/Jody Wisternoff & Blake.08 - BLAM (Extended Mix) - 2024.mp3"
[youtube] Extracting URL: https://www.youtube.com/watch?v=cg7lSyMMDwI
[youtube] Sleeping 1.0 seconds ...
[youtube] cg7lSyMMDwI: Downloading webpage
[youtube] Sleeping 1.0 seconds ...
[youtube] cg7lSyMMDwI: Downloading visionos player API JSON
[youtube] Sleeping 1.0 seconds ...
[youtube] cg7lSyMMDwI: Downloading m3u8 information
[info] cg7lSyMMDwI: Downloading 1 format(s): 251
[info] Downloading video thumbnail 44 ...
[info] Writing video thumbnail 44 to: /Users/marcelbuian/projects/mb/marcel-vibe/Deepium 2026/MarcelVibe/01/Felix Raphael ft. Ghenwa Nemnom - Miracle (Radio Mix) - 2022.webp
[ThumbnailsConvertor] Converting thumbnail "/Users/marcelbuian/projects/mb/marcel-vibe/Deepium 2026/MarcelVibe/01/Felix Raphael ft. Ghenwa Nemnom - Miracle (Radio Mix) - 2022.webp" to jpg
Deleting original file /Users/marcelbuian/projects/mb/marcel-vibe/Deepium 2026/MarcelVibe/01/Felix Raphael ft. Ghenwa Nemnom - Miracle (Radio Mix) - 2022.webp (pass -k to keep)
[download] Sleeping 1.03 seconds ...
[download] Destination: /Users/marcelbuian/projects/mb/marcel-vibe/Deepium 2026/MarcelVibe/01/Felix Raphael ft. Ghenwa Nemnom - Miracle (Radio Mix) - 2022.webm

[download]   0.0% of    4.89MiB at  Unknown B/s ETA Unknown
[download]   0.1% of    4.89MiB at  Unknown B/s ETA Unknown
[download]   0.1% of    4.89MiB at    6.82MiB/s ETA 00:00  
[download]   0.3% of    4.89MiB at   13.16MiB/s ETA 00:00
[download]   0.6% of    4.89MiB at   24.85MiB/s ETA 00:00
[download]   1.3% of    4.89MiB at   16.42MiB/s ETA 00:00
[download]   2.5% of    4.89MiB at   13.07MiB/s ETA 00:00
[download]   5.1% of    4.89MiB at   14.77MiB/s ETA 00:00
[download]  10.2% of    4.89MiB at   14.86MiB/s ETA 00:00
[download]  20.4% of    4.89MiB at   14.92MiB/s ETA 00:00
[download]  40.9% of    4.89MiB at   14.86MiB/s ETA 00:00
[download]  81.8% of    4.89MiB at   19.78MiB/s ETA 00:00
[download] 100.0% of    4.89MiB at    4.77MiB/s ETA 00:00
[download] 100% of    4.89MiB in 00:00:01 at 3.05MiB/s   
[ExtractAudio] Destination: /Users/marcelbuian/projects/mb/marcel-vibe/Deepium 2026/MarcelVibe/01/Felix Raphael ft. Ghenwa Nemnom - Miracle (Radio Mix) - 2022.mp3
Deleting original file /Users/marcelbuian/projects/mb/marcel-vibe/Deepium 2026/MarcelVibe/01/Felix Raphael ft. Ghenwa Nemnom - Miracle (Radio Mix) - 2022.webm (pass -k to keep)
[Metadata] Adding metadata to "/Users/marcelbuian/projects/mb/marcel-vibe/Deepium 2026/MarcelVibe/01/Felix Raphael ft. Ghenwa Nemnom - Miracle (Radio Mix) - 2022.mp3"
[EmbedThumbnail] ffmpeg: Adding thumbnail to "/Users/marcelbuian/projects/mb/marcel-vibe/Deepium 2026/MarcelVibe/01/Felix Raphael ft. Ghenwa Nemnom - Miracle (Radio Mix) - 2022.mp3"
[youtube] Extracting URL: https://www.youtube.com/watch?v=Mr97RgYjWdA
[youtube] Sleeping 1.0 seconds ...
[youtube] Mr97RgYjWdA: Downloading webpage
[youtube] Sleeping 1.0 seconds ...
[youtube] Mr97RgYjWdA: Downloading visionos player API JSON
[youtube] Sleeping 1.0 seconds ...
[youtube] Mr97RgYjWdA: Downloading m3u8 information
[info] Mr97RgYjWdA: Downloading 1 format(s): 251
[info] Downloading video thumbnail 41 ...
[info] Writing video thumbnail 41 to: /Users/marcelbuian/projects/mb/marcel-vibe/Deepium 2026/MarcelVibe/01/DJ Chus & Dennis Cruz - The Sun (Drums Mix) - 2018.webp
[ThumbnailsConvertor] Converting thumbnail "/Users/marcelbuian/projects/mb/marcel-vibe/Deepium 2026/MarcelVibe/01/DJ Chus & Dennis Cruz - The Sun (Drums Mix) - 2018.webp" to jpg
Deleting original file /Users/marcelbuian/projects/mb/marcel-vibe/Deepium 2026/MarcelVibe/01/DJ Chus & Dennis Cruz - The Sun (Drums Mix) - 2018.webp (pass -k to keep)
[download] Sleeping 2.75 seconds ...
[download] Destination: /Users/marcelbuian/projects/mb/marcel-vibe/Deepium 2026/MarcelVibe/01/DJ Chus & Dennis Cruz - The Sun (Drums Mix) - 2018.webm

[download]   0.0% of    8.39MiB at  Unknown B/s ETA Unknown
[download]   0.0% of    8.39MiB at    1.98MiB/s ETA 00:04  
[download]   0.1% of    8.39MiB at    2.75MiB/s ETA 00:03
[download]   0.2% of    8.39MiB at    5.40MiB/s ETA 00:01
[download]   0.4% of    8.39MiB at   10.28MiB/s ETA 00:00
[download]   0.7% of    8.39MiB at   17.23MiB/s ETA 00:00
[download]   1.5% of    8.39MiB at   18.93MiB/s ETA 00:00
[download]   3.0% of    8.39MiB at   16.43MiB/s ETA 00:00
[download]   5.9% of    8.39MiB at   16.33MiB/s ETA 00:00
[download]  11.9% of    8.39MiB at   15.29MiB/s ETA 00:00
[download]  23.8% of    8.39MiB at   15.12MiB/s ETA 00:00
[download]  47.6% of    8.39MiB at   19.75MiB/s ETA 00:00
[download]  95.3% of    8.39MiB at   18.38MiB/s ETA 00:00
[download] 100.0% of    8.39MiB at   17.28MiB/s ETA 00:00
[download] 100% of    8.39MiB in 00:00:00 at 12.46MiB/s  
[ExtractAudio] Destination: /Users/marcelbuian/projects/mb/marcel-vibe/Deepium 2026/MarcelVibe/01/DJ Chus & Dennis Cruz - The Sun (Drums Mix) - 2018.mp3
Deleting original file /Users/marcelbuian/projects/mb/marcel-vibe/Deepium 2026/MarcelVibe/01/DJ Chus & Dennis Cruz - The Sun (Drums Mix) - 2018.webm (pass -k to keep)
[Metadata] Adding metadata to "/Users/marcelbuian/projects/mb/marcel-vibe/Deepium 2026/MarcelVibe/01/DJ Chus & Dennis Cruz - The Sun (Drums Mix) - 2018.mp3"
[EmbedThumbnail] ffmpeg: Adding thumbnail to "/Users/marcelbuian/projects/mb/marcel-vibe/Deepium 2026/MarcelVibe/01/DJ Chus & Dennis Cruz - The Sun (Drums Mix) - 2018.mp3"
[youtube] Extracting URL: https://www.youtube.com/watch?v=6hbNlmGBydY
[youtube] Sleeping 1.0 seconds ...
[youtube] 6hbNlmGBydY: Downloading webpage
[youtube] Sleeping 1.0 seconds ...
[youtube] 6hbNlmGBydY: Downloading visionos player API JSON
[youtube] Sleeping 1.0 seconds ...
[youtube] 6hbNlmGBydY: Downloading m3u8 information
[info] 6hbNlmGBydY: Downloading 1 format(s): 251
[info] Downloading video thumbnail 41 ...
[info] Writing video thumbnail 41 to: /Users/marcelbuian/projects/mb/marcel-vibe/Deepium 2026/MarcelVibe/01/UOAK & Jope - Can You See (Soul Engineers Extended Remix) - 2024.webp
[ThumbnailsConvertor] Converting thumbnail "/Users/marcelbuian/projects/mb/marcel-vibe/Deepium 2026/MarcelVibe/01/UOAK & Jope - Can You See (Soul Engineers Extended Remix) - 2024.webp" to jpg
Deleting original file /Users/marcelbuian/projects/mb/marcel-vibe/Deepium 2026/MarcelVibe/01/UOAK & Jope - Can You See (Soul Engineers Extended Remix) - 2024.webp (pass -k to keep)
[download] Sleeping 2.61 seconds ...
[download] Destination: /Users/marcelbuian/projects/mb/marcel-vibe/Deepium 2026/MarcelVibe/01/UOAK & Jope - Can You See (Soul Engineers Extended Remix) - 2024.webm

[download]   0.0% of    7.45MiB at  965.32KiB/s ETA 00:07
[download]   0.0% of    7.45MiB at    2.35MiB/s ETA 00:03
[download]   0.1% of    7.45MiB at    5.12MiB/s ETA 00:01
[download]   0.2% of    7.45MiB at   10.30MiB/s ETA 00:00
[download]   0.4% of    7.45MiB at   20.13MiB/s ETA 00:00
[download]   0.8% of    7.45MiB at   15.75MiB/s ETA 00:00
[download]   1.7% of    7.45MiB at   15.08MiB/s ETA 00:00
[download]   3.3% of    7.45MiB at   15.95MiB/s ETA 00:00
[download]   6.7% of    7.45MiB at   16.61MiB/s ETA 00:00
[download]  13.4% of    7.45MiB at   15.08MiB/s ETA 00:00
[download]  26.8% of    7.45MiB at   14.90MiB/s ETA 00:00
[download]  53.6% of    7.45MiB at    6.89MiB/s ETA 00:00
[download] 100.0% of    7.45MiB at    8.66MiB/s ETA 00:00
[download] 100% of    7.45MiB in 00:00:01 at 6.92MiB/s   
[ExtractAudio] Destination: /Users/marcelbuian/projects/mb/marcel-vibe/Deepium 2026/MarcelVibe/01/UOAK & Jope - Can You See (Soul Engineers Extended Remix) - 2024.mp3
Deleting original file /Users/marcelbuian/projects/mb/marcel-vibe/Deepium 2026/MarcelVibe/01/UOAK & Jope - Can You See (Soul Engineers Extended Remix) - 2024.webm (pass -k to keep)
[Metadata] Adding metadata to "/Users/marcelbuian/projects/mb/marcel-vibe/Deepium 2026/MarcelVibe/01/UOAK & Jope - Can You See (Soul Engineers Extended Remix) - 2024.mp3"
[EmbedThumbnail] ffmpeg: Adding thumbnail to "/Users/marcelbuian/projects/mb/marcel-vibe/Deepium 2026/MarcelVibe/01/UOAK & Jope - Can You See (Soul Engineers Extended Remix) - 2024.mp3"
[youtube] Extracting URL: https://www.youtube.com/watch?v=VxDN-4xLIAA
[youtube] Sleeping 1.0 seconds ...
[youtube] VxDN-4xLIAA: Downloading webpage
[youtube] Sleeping 1.0 seconds ...
[youtube] VxDN-4xLIAA: Downloading visionos player API JSON
[youtube] Sleeping 1.0 seconds ...
[youtube] VxDN-4xLIAA: Downloading m3u8 information
[info] VxDN-4xLIAA: Downloading 1 format(s): 251
[info] Downloading video thumbnail 41 ...
[info] Writing video thumbnail 41 to: /Users/marcelbuian/projects/mb/marcel-vibe/Deepium 2026/MarcelVibe/01/Sabo & Namito feat. Bahramji - Celebration Santoor [Sol Selectas] - 2020.webp
[ThumbnailsConvertor] Converting thumbnail "/Users/marcelbuian/projects/mb/marcel-vibe/Deepium 2026/MarcelVibe/01/Sabo & Namito feat. Bahramji - Celebration Santoor [Sol Selectas] - 2020.webp" to jpg
Deleting original file /Users/marcelbuian/projects/mb/marcel-vibe/Deepium 2026/MarcelVibe/01/Sabo & Namito feat. Bahramji - Celebration Santoor [Sol Selectas] - 2020.webp (pass -k to keep)
[download] Sleeping 1.38 seconds ...
[download] Destination: /Users/marcelbuian/projects/mb/marcel-vibe/Deepium 2026/MarcelVibe/01/Sabo & Namito feat. Bahramji - Celebration Santoor [Sol Selectas] - 2020.webm

[download]   0.0% of    7.96MiB at  450.42KiB/s ETA 00:18
[download]   0.0% of    7.96MiB at    1.10MiB/s ETA 00:07
[download]   0.1% of    7.96MiB at    2.39MiB/s ETA 00:03
[download]   0.2% of    7.96MiB at    4.07MiB/s ETA 00:01
[download]   0.4% of    7.96MiB at    7.94MiB/s ETA 00:01
[download]   0.8% of    7.96MiB at   15.26MiB/s ETA 00:00
[download]   1.6% of    7.96MiB at   19.80MiB/s ETA 00:00
[download]   3.1% of    7.96MiB at   15.90MiB/s ETA 00:00
[download]   6.3% of    7.96MiB at   15.91MiB/s ETA 00:00
[download]  12.5% of    7.96MiB at    9.70MiB/s ETA 00:00
[download]  25.1% of    7.96MiB at    8.76MiB/s ETA 00:00
[download]  50.2% of    7.96MiB at   14.17MiB/s ETA 00:00
[download] 100.0% of    7.96MiB at   15.67MiB/s ETA 00:00
[download] 100% of    7.96MiB in 00:00:00 at 11.28MiB/s  
[ExtractAudio] Destination: /Users/marcelbuian/projects/mb/marcel-vibe/Deepium 2026/MarcelVibe/01/Sabo & Namito feat. Bahramji - Celebration Santoor [Sol Selectas] - 2020.mp3
Deleting original file /Users/marcelbuian/projects/mb/marcel-vibe/Deepium 2026/MarcelVibe/01/Sabo & Namito feat. Bahramji - Celebration Santoor [Sol Selectas] - 2020.webm (pass -k to keep)
[Metadata] Adding metadata to "/Users/marcelbuian/projects/mb/marcel-vibe/Deepium 2026/MarcelVibe/01/Sabo & Namito feat. Bahramji - Celebration Santoor [Sol Selectas] - 2020.mp3"
[EmbedThumbnail] ffmpeg: Adding thumbnail to "/Users/marcelbuian/projects/mb/marcel-vibe/Deepium 2026/MarcelVibe/01/Sabo & Namito feat. Bahramji - Celebration Santoor [Sol Selectas] - 2020.mp3"
[youtube] Extracting URL: https://www.youtube.com/watch?v=mKRMiDfHk8g
[youtube] Sleeping 1.0 seconds ...
[youtube] mKRMiDfHk8g: Downloading webpage
[youtube] Sleeping 1.0 seconds ...
[youtube] mKRMiDfHk8g: Downloading visionos player API JSON
[youtube] Sleeping 1.0 seconds ...
[youtube] mKRMiDfHk8g: Downloading m3u8 information
[info] mKRMiDfHk8g: Downloading 1 format(s): 251
[info] Downloading video thumbnail 41 ...
[info] Writing video thumbnail 41 to: /Users/marcelbuian/projects/mb/marcel-vibe/Deepium 2026/MarcelVibe/01/The Thrillseekers featuring Fisher - The Last Time (Club Mix) - 2008.webp
[ThumbnailsConvertor] Converting thumbnail "/Users/marcelbuian/projects/mb/marcel-vibe/Deepium 2026/MarcelVibe/01/The Thrillseekers featuring Fisher - The Last Time (Club Mix) - 2008.webp" to jpg
Deleting original file /Users/marcelbuian/projects/mb/marcel-vibe/Deepium 2026/MarcelVibe/01/The Thrillseekers featuring Fisher - The Last Time (Club Mix) - 2008.webp (pass -k to keep)
[download] Sleeping 2.32 seconds ...
[download] Destination: /Users/marcelbuian/projects/mb/marcel-vibe/Deepium 2026/MarcelVibe/01/The Thrillseekers featuring Fisher - The Last Time (Club Mix) - 2008.webm

[download]   0.0% of    7.60MiB at  Unknown B/s ETA Unknown
[download]   0.0% of    7.60MiB at    2.46MiB/s ETA 00:03  
[download]   0.1% of    7.60MiB at    5.31MiB/s ETA 00:01
[download]   0.2% of    7.60MiB at   10.65MiB/s ETA 00:00
[download]   0.4% of    7.60MiB at   20.65MiB/s ETA 00:00
[download]   0.8% of    7.60MiB at   38.69MiB/s ETA 00:00
[download]   1.6% of    7.60MiB at   14.64MiB/s ETA 00:00
[download]   3.3% of    7.60MiB at   15.70MiB/s ETA 00:00
[download]   6.6% of    7.60MiB at   14.83MiB/s ETA 00:00
[download]  13.1% of    7.60MiB at   15.09MiB/s ETA 00:00
[download]  26.3% of    7.60MiB at   15.09MiB/s ETA 00:00
[download]  52.6% of    7.60MiB at   23.02MiB/s ETA 00:00
[download] 100.0% of    7.60MiB at   14.32MiB/s ETA 00:00
[download] 100% of    7.60MiB in 00:00:00 at 10.86MiB/s  
[ExtractAudio] Destination: /Users/marcelbuian/projects/mb/marcel-vibe/Deepium 2026/MarcelVibe/01/The Thrillseekers featuring Fisher - The Last Time (Club Mix) - 2008.mp3
Deleting original file /Users/marcelbuian/projects/mb/marcel-vibe/Deepium 2026/MarcelVibe/01/The Thrillseekers featuring Fisher - The Last Time (Club Mix) - 2008.webm (pass -k to keep)
[Metadata] Adding metadata to "/Users/marcelbuian/projects/mb/marcel-vibe/Deepium 2026/MarcelVibe/01/The Thrillseekers featuring Fisher - The Last Time (Club Mix) - 2008.mp3"
[EmbedThumbnail] ffmpeg: Adding thumbnail to "/Users/marcelbuian/projects/mb/marcel-vibe/Deepium 2026/MarcelVibe/01/The Thrillseekers featuring Fisher - The Last Time (Club Mix) - 2008.mp3"
[youtube] Extracting URL: https://www.youtube.com/watch?v=u1FgHZi82KQ
[youtube] Sleeping 1.0 seconds ...
[youtube] u1FgHZi82KQ: Downloading webpage
[youtube] Sleeping 1.0 seconds ...
[youtube] u1FgHZi82KQ: Downloading visionos player API JSON
[youtube] Sleeping 1.0 seconds ...
[youtube] u1FgHZi82KQ: Downloading m3u8 information
[info] u1FgHZi82KQ: Downloading 1 format(s): 251
[info] Downloading video thumbnail 41 ...
[info] Writing video thumbnail 41 to: /Users/marcelbuian/projects/mb/marcel-vibe/Deepium 2026/MarcelVibe/01/Moojo, Da Capo - Secret ID - 2023.webp
[ThumbnailsConvertor] Converting thumbnail "/Users/marcelbuian/projects/mb/marcel-vibe/Deepium 2026/MarcelVibe/01/Moojo, Da Capo - Secret ID - 2023.webp" to jpg
Deleting original file /Users/marcelbuian/projects/mb/marcel-vibe/Deepium 2026/MarcelVibe/01/Moojo, Da Capo - Secret ID - 2023.webp (pass -k to keep)
[download] Sleeping 2.66 seconds ...
[download] Destination: /Users/marcelbuian/projects/mb/marcel-vibe/Deepium 2026/MarcelVibe/01/Moojo, Da Capo - Secret ID - 2023.webm

[download]   0.0% of    6.35MiB at   59.46KiB/s ETA 01:49
[download]   0.0% of    6.35MiB at  173.82KiB/s ETA 00:37
[download]   0.1% of    6.35MiB at  400.44KiB/s ETA 00:16
[download]   0.2% of    6.35MiB at  842.08KiB/s ETA 00:07
[download]   0.5% of    6.35MiB at    1.03MiB/s ETA 00:06
[download]   1.0% of    6.35MiB at  987.63KiB/s ETA 00:06
[download]   2.0% of    6.35MiB at    1.35MiB/s ETA 00:04
[download]   3.9% of    6.35MiB at    1.52MiB/s ETA 00:04
[download]   7.9% of    6.35MiB at    1.68MiB/s ETA 00:03
[download]  15.7% of    6.35MiB at    1.76MiB/s ETA 00:03
[download]  31.5% of    6.35MiB at    2.41MiB/s ETA 00:01
[download]  63.0% of    6.35MiB at    1.96MiB/s ETA 00:01
[download]  89.1% of    6.35MiB at    2.06MiB/s ETA 00:00
[download] 100.0% of    6.35MiB at    2.04MiB/s ETA 00:00
[download] 100% of    6.35MiB in 00:00:03 at 2.01MiB/s   
[ExtractAudio] Destination: /Users/marcelbuian/projects/mb/marcel-vibe/Deepium 2026/MarcelVibe/01/Moojo, Da Capo - Secret ID - 2023.mp3
Deleting original file /Users/marcelbuian/projects/mb/marcel-vibe/Deepium 2026/MarcelVibe/01/Moojo, Da Capo - Secret ID - 2023.webm (pass -k to keep)
[Metadata] Adding metadata to "/Users/marcelbuian/projects/mb/marcel-vibe/Deepium 2026/MarcelVibe/01/Moojo, Da Capo - Secret ID - 2023.mp3"
[EmbedThumbnail] ffmpeg: Adding thumbnail to "/Users/marcelbuian/projects/mb/marcel-vibe/Deepium 2026/MarcelVibe/01/Moojo, Da Capo - Secret ID - 2023.mp3"
[youtube] Extracting URL: https://www.youtube.com/watch?v=w6-_qtJqegc
[youtube] Sleeping 1.0 seconds ...
[youtube] w6-_qtJqegc: Downloading webpage
[youtube] Sleeping 1.0 seconds ...
[youtube] w6-_qtJqegc: Downloading visionos player API JSON
[youtube] Sleeping 1.0 seconds ...
[youtube] w6-_qtJqegc: Downloading m3u8 information
[info] w6-_qtJqegc: Downloading 1 format(s): 251
[info] Downloading video thumbnail 41 ...
[info] Writing video thumbnail 41 to: /Users/marcelbuian/projects/mb/marcel-vibe/Deepium 2026/MarcelVibe/01/Mark Alow - Trip To The Lonely Planet - 2018.webp
[ThumbnailsConvertor] Converting thumbnail "/Users/marcelbuian/projects/mb/marcel-vibe/Deepium 2026/MarcelVibe/01/Mark Alow - Trip To The Lonely Planet - 2018.webp" to jpg
Deleting original file /Users/marcelbuian/projects/mb/marcel-vibe/Deepium 2026/MarcelVibe/01/Mark Alow - Trip To The Lonely Planet - 2018.webp (pass -k to keep)
[download] Sleeping 2.54 seconds ...
[download] Destination: /Users/marcelbuian/projects/mb/marcel-vibe/Deepium 2026/MarcelVibe/01/Mark Alow - Trip To The Lonely Planet - 2018.webm

[download]   0.0% of    8.11MiB at  535.40KiB/s ETA 00:15
[download]   0.0% of    8.11MiB at    1.25MiB/s ETA 00:06
[download]   0.1% of    8.11MiB at    2.71MiB/s ETA 00:02
[download]   0.2% of    8.11MiB at    5.44MiB/s ETA 00:01
[download]   0.4% of    8.11MiB at    3.40MiB/s ETA 00:02
[download]   0.8% of    8.11MiB at    5.62MiB/s ETA 00:01
[download]   1.5% of    8.11MiB at    7.62MiB/s ETA 00:01
[download]   3.1% of    8.11MiB at   10.07MiB/s ETA 00:00
[download]   6.2% of    8.11MiB at   14.82MiB/s ETA 00:00
[download]  12.3% of    8.11MiB at    9.51MiB/s ETA 00:00
[download]  24.7% of    8.11MiB at    6.90MiB/s ETA 00:00
[download]  49.3% of    8.11MiB at    7.54MiB/s ETA 00:00
[download]  98.7% of    8.11MiB at    9.43MiB/s ETA 00:00
[download] 100.0% of    8.11MiB at    9.52MiB/s ETA 00:00
[download] 100% of    8.11MiB in 00:00:00 at 8.42MiB/s   
[ExtractAudio] Destination: /Users/marcelbuian/projects/mb/marcel-vibe/Deepium 2026/MarcelVibe/01/Mark Alow - Trip To The Lonely Planet - 2018.mp3
Deleting original file /Users/marcelbuian/projects/mb/marcel-vibe/Deepium 2026/MarcelVibe/01/Mark Alow - Trip To The Lonely Planet - 2018.webm (pass -k to keep)
[Metadata] Adding metadata to "/Users/marcelbuian/projects/mb/marcel-vibe/Deepium 2026/MarcelVibe/01/Mark Alow - Trip To The Lonely Planet - 2018.mp3"
[EmbedThumbnail] ffmpeg: Adding thumbnail to "/Users/marcelbuian/projects/mb/marcel-vibe/Deepium 2026/MarcelVibe/01/Mark Alow - Trip To The Lonely Planet - 2018.mp3"
Reading URLs from STDIN - EOF (Ctrl+D) to end:

===== 02 (#02 - 2025-04-20 Dingli Cliffs, Malta) 14:28:46
[youtube] Extracting URL: https://www.youtube.com/watch?v=H9lXEBgSIhw
[youtube] H9lXEBgSIhw: Downloading webpage
[youtube] Sleeping 1.0 seconds ...
[youtube] H9lXEBgSIhw: Downloading visionos player API JSON
[youtube] Sleeping 1.0 seconds ...
[youtube] H9lXEBgSIhw: Downloading m3u8 information
[info] H9lXEBgSIhw: Downloading 1 format(s): 251
[info] Downloading video thumbnail 44 ...
[info] Writing video thumbnail 44 to: /Users/marcelbuian/projects/mb/marcel-vibe/Deepium 2026/MarcelVibe/02/PREMIERE： Mayro - Overtime (Original Mix) [Traful ] - 2024.webp
[ThumbnailsConvertor] Converting thumbnail "/Users/marcelbuian/projects/mb/marcel-vibe/Deepium 2026/MarcelVibe/02/PREMIERE： Mayro - Overtime (Original Mix) [Traful ] - 2024.webp" to jpg
Deleting original file /Users/marcelbuian/projects/mb/marcel-vibe/Deepium 2026/MarcelVibe/02/PREMIERE： Mayro - Overtime (Original Mix) [Traful ] - 2024.webp (pass -k to keep)
[download] Sleeping 2.15 seconds ...
[download] Destination: /Users/marcelbuian/projects/mb/marcel-vibe/Deepium 2026/MarcelVibe/02/PREMIERE： Mayro - Overtime (Original Mix) [Traful ] - 2024.webm

[download]   0.0% of    6.29MiB at  490.91KiB/s ETA 00:13
[download]   0.0% of    6.29MiB at    1.22MiB/s ETA 00:05
[download]   0.1% of    6.29MiB at    2.64MiB/s ETA 00:02
[download]   0.2% of    6.29MiB at    5.35MiB/s ETA 00:01
[download]   0.5% of    6.29MiB at    4.33MiB/s ETA 00:01
[download]   1.0% of    6.29MiB at    4.71MiB/s ETA 00:01
[download]   2.0% of    6.29MiB at    8.10MiB/s ETA 00:00
[download]   4.0% of    6.29MiB at   10.17MiB/s ETA 00:00
[download]   7.9% of    6.29MiB at   15.24MiB/s ETA 00:00
[download]  15.9% of    6.29MiB at   14.53MiB/s ETA 00:00
[download]  31.8% of    6.29MiB at    1.79MiB/s ETA 00:02
[download]  46.9% of    6.29MiB at    2.50MiB/s ETA 00:01
[download]  77.2% of    6.29MiB at    3.62MiB/s ETA 00:00
[download] 100.0% of    6.29MiB at    3.07MiB/s ETA 00:00
[download] 100% of    6.29MiB in 00:00:02 at 2.12MiB/s   
[ExtractAudio] Destination: /Users/marcelbuian/projects/mb/marcel-vibe/Deepium 2026/MarcelVibe/02/PREMIERE： Mayro - Overtime (Original Mix) [Traful ] - 2024.mp3
Deleting original file /Users/marcelbuian/projects/mb/marcel-vibe/Deepium 2026/MarcelVibe/02/PREMIERE： Mayro - Overtime (Original Mix) [Traful ] - 2024.webm (pass -k to keep)
[Metadata] Adding metadata to "/Users/marcelbuian/projects/mb/marcel-vibe/Deepium 2026/MarcelVibe/02/PREMIERE： Mayro - Overtime (Original Mix) [Traful ] - 2024.mp3"
[EmbedThumbnail] ffmpeg: Adding thumbnail to "/Users/marcelbuian/projects/mb/marcel-vibe/Deepium 2026/MarcelVibe/02/PREMIERE： Mayro - Overtime (Original Mix) [Traful ] - 2024.mp3"
[youtube] Extracting URL: https://www.youtube.com/watch?v=6MDuf8sW-NI
[youtube] Sleeping 1.0 seconds ...
[youtube] 6MDuf8sW-NI: Downloading webpage
[youtube] Sleeping 1.0 seconds ...
[youtube] 6MDuf8sW-NI: Downloading visionos player API JSON
[youtube] Sleeping 1.0 seconds ...
[youtube] 6MDuf8sW-NI: Downloading m3u8 information
[info] 6MDuf8sW-NI: Downloading 1 format(s): 251
[info] Downloading video thumbnail 41 ...
[info] Writing video thumbnail 41 to: /Users/marcelbuian/projects/mb/marcel-vibe/Deepium 2026/MarcelVibe/02/Something Good, YOTTO - Rhythm (Of The Night) (Extended Mix) - 2022.webp
[ThumbnailsConvertor] Converting thumbnail "/Users/marcelbuian/projects/mb/marcel-vibe/Deepium 2026/MarcelVibe/02/Something Good, YOTTO - Rhythm (Of The Night) (Extended Mix) - 2022.webp" to jpg
Deleting original file /Users/marcelbuian/projects/mb/marcel-vibe/Deepium 2026/MarcelVibe/02/Something Good, YOTTO - Rhythm (Of The Night) (Extended Mix) - 2022.webp (pass -k to keep)
[download] Sleeping 1.88 seconds ...
[download] Destination: /Users/marcelbuian/projects/mb/marcel-vibe/Deepium 2026/MarcelVibe/02/Something Good, YOTTO - Rhythm (Of The Night) (Extended Mix) - 2022.webm

[download]   0.0% of    6.49MiB at  461.67KiB/s ETA 00:14
[download]   0.0% of    6.49MiB at    1.09MiB/s ETA 00:05
[download]   0.1% of    6.49MiB at    2.34MiB/s ETA 00:02
[download]   0.2% of    6.49MiB at    4.67MiB/s ETA 00:01
[download]   0.5% of    6.49MiB at    4.54MiB/s ETA 00:01
[download]   0.9% of    6.49MiB at    5.42MiB/s ETA 00:01
[download]   1.9% of    6.49MiB at    7.40MiB/s ETA 00:00
[download]   3.8% of    6.49MiB at   10.15MiB/s ETA 00:00
[download]   7.7% of    6.49MiB at   14.06MiB/s ETA 00:00
[download]  15.4% of    6.49MiB at   14.70MiB/s ETA 00:00
[download]  30.8% of    6.49MiB at   14.92MiB/s ETA 00:00
[download]  61.6% of    6.49MiB at   12.53MiB/s ETA 00:00
[download] 100.0% of    6.49MiB at   10.14MiB/s ETA 00:00
[download] 100% of    6.49MiB in 00:00:00 at 7.43MiB/s   
[ExtractAudio] Destination: /Users/marcelbuian/projects/mb/marcel-vibe/Deepium 2026/MarcelVibe/02/Something Good, YOTTO - Rhythm (Of The Night) (Extended Mix) - 2022.mp3
Deleting original file /Users/marcelbuian/projects/mb/marcel-vibe/Deepium 2026/MarcelVibe/02/Something Good, YOTTO - Rhythm (Of The Night) (Extended Mix) - 2022.webm (pass -k to keep)
[Metadata] Adding metadata to "/Users/marcelbuian/projects/mb/marcel-vibe/Deepium 2026/MarcelVibe/02/Something Good, YOTTO - Rhythm (Of The Night) (Extended Mix) - 2022.mp3"
[EmbedThumbnail] ffmpeg: Adding thumbnail to "/Users/marcelbuian/projects/mb/marcel-vibe/Deepium 2026/MarcelVibe/02/Something Good, YOTTO - Rhythm (Of The Night) (Extended Mix) - 2022.mp3"
[youtube] Extracting URL: https://www.youtube.com/watch?v=ubpYjxnG2Jw
[youtube] Sleeping 1.0 seconds ...
[youtube] ubpYjxnG2Jw: Downloading webpage
[youtube] Sleeping 1.0 seconds ...
[youtube] ubpYjxnG2Jw: Downloading visionos player API JSON
[youtube] Sleeping 1.0 seconds ...
[youtube] ubpYjxnG2Jw: Downloading m3u8 information
[info] ubpYjxnG2Jw: Downloading 1 format(s): 251
[info] Downloading video thumbnail 44 ...
[info] Writing video thumbnail 44 to: /Users/marcelbuian/projects/mb/marcel-vibe/Deepium 2026/MarcelVibe/02/Mark Alow - Shaman (Original Mix) - 2016.webp
[ThumbnailsConvertor] Converting thumbnail "/Users/marcelbuian/projects/mb/marcel-vibe/Deepium 2026/MarcelVibe/02/Mark Alow - Shaman (Original Mix) - 2016.webp" to jpg
Deleting original file /Users/marcelbuian/projects/mb/marcel-vibe/Deepium 2026/MarcelVibe/02/Mark Alow - Shaman (Original Mix) - 2016.webp (pass -k to keep)
[download] Sleeping 1.41 seconds ...
[download] Destination: /Users/marcelbuian/projects/mb/marcel-vibe/Deepium 2026/MarcelVibe/02/Mark Alow - Shaman (Original Mix) - 2016.webm

[download]   0.0% of    7.51MiB at   58.30KiB/s ETA 02:11
[download]   0.0% of    7.51MiB at  169.18KiB/s ETA 00:45
[download]   0.1% of    7.51MiB at  388.89KiB/s ETA 00:19
[download]   0.2% of    7.51MiB at  821.01KiB/s ETA 00:09
[download]   0.4% of    7.51MiB at    1.63MiB/s ETA 00:04
[download]   0.8% of    7.51MiB at    3.26MiB/s ETA 00:02
[download]   1.7% of    7.51MiB at    3.65MiB/s ETA 00:02
[download]   3.3% of    7.51MiB at    4.70MiB/s ETA 00:01
[download]   6.6% of    7.51MiB at    5.50MiB/s ETA 00:01
[download]  13.3% of    7.51MiB at    4.73MiB/s ETA 00:01
[download]  26.6% of    7.51MiB at    1.86MiB/s ETA 00:02
[download]  42.1% of    7.51MiB at    1.46MiB/s ETA 00:02
[download]  56.2% of    7.51MiB at    1.43MiB/s ETA 00:02
[download]  74.4% of    7.51MiB at    1.29MiB/s ETA 00:01
[download]  87.5% of    7.51MiB at    1.25MiB/s ETA 00:00
[download] 100.0% of    7.51MiB at    1.21MiB/s ETA 00:00
[download] 100% of    7.51MiB in 00:00:06 at 1.14MiB/s   
[ExtractAudio] Destination: /Users/marcelbuian/projects/mb/marcel-vibe/Deepium 2026/MarcelVibe/02/Mark Alow - Shaman (Original Mix) - 2016.mp3
Deleting original file /Users/marcelbuian/projects/mb/marcel-vibe/Deepium 2026/MarcelVibe/02/Mark Alow - Shaman (Original Mix) - 2016.webm (pass -k to keep)
[Metadata] Adding metadata to "/Users/marcelbuian/projects/mb/marcel-vibe/Deepium 2026/MarcelVibe/02/Mark Alow - Shaman (Original Mix) - 2016.mp3"
[EmbedThumbnail] ffmpeg: Adding thumbnail to "/Users/marcelbuian/projects/mb/marcel-vibe/Deepium 2026/MarcelVibe/02/Mark Alow - Shaman (Original Mix) - 2016.mp3"
[youtube] Extracting URL: https://www.youtube.com/watch?v=RZEAJxjsQA8
[youtube] Sleeping 1.0 seconds ...
[youtube] RZEAJxjsQA8: Downloading webpage
[youtube] Sleeping 1.0 seconds ...
[youtube] RZEAJxjsQA8: Downloading visionos player API JSON
[youtube] Sleeping 1.0 seconds ...
[youtube] RZEAJxjsQA8: Downloading m3u8 information
[info] RZEAJxjsQA8: Downloading 1 format(s): 251
[info] Downloading video thumbnail 41 ...
[info] Writing video thumbnail 41 to: /Users/marcelbuian/projects/mb/marcel-vibe/Deepium 2026/MarcelVibe/02/Nox Vahn & Marsh - Come Together (Matthias Meyer Remix) - 2020.webp
[ThumbnailsConvertor] Converting thumbnail "/Users/marcelbuian/projects/mb/marcel-vibe/Deepium 2026/MarcelVibe/02/Nox Vahn & Marsh - Come Together (Matthias Meyer Remix) - 2020.webp" to jpg
Deleting original file /Users/marcelbuian/projects/mb/marcel-vibe/Deepium 2026/MarcelVibe/02/Nox Vahn & Marsh - Come Together (Matthias Meyer Remix) - 2020.webp (pass -k to keep)
[download] Sleeping 1.53 seconds ...
[download] Destination: /Users/marcelbuian/projects/mb/marcel-vibe/Deepium 2026/MarcelVibe/02/Nox Vahn & Marsh - Come Together (Matthias Meyer Remix) - 2020.webm

[download]   0.0% of    7.41MiB at   95.46KiB/s ETA 01:19
[download]   0.0% of    7.41MiB at  276.70KiB/s ETA 00:27
[download]   0.1% of    7.41MiB at  635.02KiB/s ETA 00:11
[download]   0.2% of    7.41MiB at    1.31MiB/s ETA 00:05
[download]   0.4% of    7.41MiB at    1.98MiB/s ETA 00:03
[download]   0.8% of    7.41MiB at    1.65MiB/s ETA 00:04
[download]   1.7% of    7.41MiB at    3.27MiB/s ETA 00:02
[download]   3.4% of    7.41MiB at    3.03MiB/s ETA 00:02
[download]   6.7% of    7.41MiB at    2.42MiB/s ETA 00:02
[download]  13.5% of    7.41MiB at  949.25KiB/s ETA 00:06
[download]  21.2% of    7.41MiB at  597.62KiB/s ETA 00:10
[download]  26.0% of    7.41MiB at  623.56KiB/s ETA 00:09
[download]  35.6% of    7.41MiB at  585.62KiB/s ETA 00:08
[download]  42.2% of    7.41MiB at  482.01KiB/s ETA 00:09
[download]  45.5% of    7.41MiB at  478.97KiB/s ETA 00:08
[download]  51.3% of    7.41MiB at  445.89KiB/s ETA 00:08
[download]  55.2% of    7.41MiB at  444.20KiB/s ETA 00:07
[download]  60.7% of    7.41MiB at  443.64KiB/s ETA 00:06
[download]  66.5% of    7.41MiB at  448.04KiB/s ETA 00:05
[download]  73.1% of    7.41MiB at  448.70KiB/s ETA 00:04
[download]  79.1% of    7.41MiB at  450.77KiB/s ETA 00:03
[download]  85.4% of    7.41MiB at  423.00KiB/s ETA 00:02
[download]  88.5% of    7.41MiB at  417.10KiB/s ETA 00:02
[download]  92.5% of    7.41MiB at  416.22KiB/s ETA 00:01
[download]  97.8% of    7.41MiB at  417.66KiB/s ETA 00:00
[download] 100.0% of    7.41MiB at  418.93KiB/s ETA 00:00
[download] 100% of    7.41MiB in 00:00:18 at 412.99KiB/s 
[ExtractAudio] Destination: /Users/marcelbuian/projects/mb/marcel-vibe/Deepium 2026/MarcelVibe/02/Nox Vahn & Marsh - Come Together (Matthias Meyer Remix) - 2020.mp3
Deleting original file /Users/marcelbuian/projects/mb/marcel-vibe/Deepium 2026/MarcelVibe/02/Nox Vahn & Marsh - Come Together (Matthias Meyer Remix) - 2020.webm (pass -k to keep)
[Metadata] Adding metadata to "/Users/marcelbuian/projects/mb/marcel-vibe/Deepium 2026/MarcelVibe/02/Nox Vahn & Marsh - Come Together (Matthias Meyer Remix) - 2020.mp3"
[EmbedThumbnail] ffmpeg: Adding thumbnail to "/Users/marcelbuian/projects/mb/marcel-vibe/Deepium 2026/MarcelVibe/02/Nox Vahn & Marsh - Come Together (Matthias Meyer Remix) - 2020.mp3"
[youtube] Extracting URL: https://www.youtube.com/watch?v=FV9Dm0FPrqs
[youtube] Sleeping 1.0 seconds ...
[youtube] FV9Dm0FPrqs: Downloading webpage
[youtube] Sleeping 1.0 seconds ...
[youtube] FV9Dm0FPrqs: Downloading visionos player API JSON
[youtube] Sleeping 1.0 seconds ...
[youtube] FV9Dm0FPrqs: Downloading m3u8 information
[info] FV9Dm0FPrqs: Downloading 1 format(s): 251
[info] Downloading video thumbnail 41 ...
[info] Writing video thumbnail 41 to: /Users/marcelbuian/projects/mb/marcel-vibe/Deepium 2026/MarcelVibe/02/Durante - Leonid - 2024.webp
[ThumbnailsConvertor] Converting thumbnail "/Users/marcelbuian/projects/mb/marcel-vibe/Deepium 2026/MarcelVibe/02/Durante - Leonid - 2024.webp" to jpg
Deleting original file /Users/marcelbuian/projects/mb/marcel-vibe/Deepium 2026/MarcelVibe/02/Durante - Leonid - 2024.webp (pass -k to keep)
[download] Sleeping 2.20 seconds ...
[download] Destination: /Users/marcelbuian/projects/mb/marcel-vibe/Deepium 2026/MarcelVibe/02/Durante - Leonid - 2024.webm

[download]   0.0% of    6.03MiB at  900.07KiB/s ETA 00:06
[download]   0.0% of    6.03MiB at    1.99MiB/s ETA 00:03
[download]   0.1% of    6.03MiB at    4.14MiB/s ETA 00:01
[download]   0.2% of    6.03MiB at    8.10MiB/s ETA 00:00
[download]   0.5% of    6.03MiB at   15.08MiB/s ETA 00:00
[download]   1.0% of    6.03MiB at   17.37MiB/s ETA 00:00
[download]   2.1% of    6.03MiB at   16.02MiB/s ETA 00:00
[download]   4.1% of    6.03MiB at   15.42MiB/s ETA 00:00
[download]   8.3% of    6.03MiB at   15.31MiB/s ETA 00:00
[download]  16.6% of    6.03MiB at   15.35MiB/s ETA 00:00
[download]  33.2% of    6.03MiB at   14.75MiB/s ETA 00:00
[download]  66.3% of    6.03MiB at    7.33MiB/s ETA 00:00
[download] 100.0% of    6.03MiB at    8.35MiB/s ETA 00:00
[download] 100% of    6.03MiB in 00:00:00 at 7.67MiB/s   
[ExtractAudio] Destination: /Users/marcelbuian/projects/mb/marcel-vibe/Deepium 2026/MarcelVibe/02/Durante - Leonid - 2024.mp3
Deleting original file /Users/marcelbuian/projects/mb/marcel-vibe/Deepium 2026/MarcelVibe/02/Durante - Leonid - 2024.webm (pass -k to keep)
[Metadata] Adding metadata to "/Users/marcelbuian/projects/mb/marcel-vibe/Deepium 2026/MarcelVibe/02/Durante - Leonid - 2024.mp3"
[EmbedThumbnail] ffmpeg: Adding thumbnail to "/Users/marcelbuian/projects/mb/marcel-vibe/Deepium 2026/MarcelVibe/02/Durante - Leonid - 2024.mp3"
[youtube] Extracting URL: https://www.youtube.com/watch?v=b-mcf2g4Fxo
[youtube] Sleeping 1.0 seconds ...
[youtube] b-mcf2g4Fxo: Downloading webpage
[youtube] Sleeping 1.0 seconds ...
[youtube] b-mcf2g4Fxo: Downloading visionos player API JSON
[youtube] Sleeping 1.0 seconds ...
[youtube] b-mcf2g4Fxo: Downloading m3u8 information
[info] b-mcf2g4Fxo: Downloading 1 format(s): 251
[info] Downloading video thumbnail 41 ...
[info] Writing video thumbnail 41 to: /Users/marcelbuian/projects/mb/marcel-vibe/Deepium 2026/MarcelVibe/02/Krasa Rosa - Gorushko [Exclusive Premiere] (Live Stream) - 2022.webp
[ThumbnailsConvertor] Converting thumbnail "/Users/marcelbuian/projects/mb/marcel-vibe/Deepium 2026/MarcelVibe/02/Krasa Rosa - Gorushko [Exclusive Premiere] (Live Stream) - 2022.webp" to jpg
Deleting original file /Users/marcelbuian/projects/mb/marcel-vibe/Deepium 2026/MarcelVibe/02/Krasa Rosa - Gorushko [Exclusive Premiere] (Live Stream) - 2022.webp (pass -k to keep)
[download] Sleeping 2.68 seconds ...
[download] Destination: /Users/marcelbuian/projects/mb/marcel-vibe/Deepium 2026/MarcelVibe/02/Krasa Rosa - Gorushko [Exclusive Premiere] (Live Stream) - 2022.webm

[download]   0.0% of    5.39MiB at  102.60KiB/s ETA 00:53
[download]   0.1% of    5.39MiB at  291.01KiB/s ETA 00:18
[download]   0.1% of    5.39MiB at  659.88KiB/s ETA 00:08
[download]   0.3% of    5.39MiB at    1.35MiB/s ETA 00:03
[download]   0.6% of    5.39MiB at  584.97KiB/s ETA 00:09
[download]   1.1% of    5.39MiB at  702.35KiB/s ETA 00:07
[download]   2.3% of    5.39MiB at  958.22KiB/s ETA 00:05
[download]   4.6% of    5.39MiB at    1.39MiB/s ETA 00:03
[download]   9.3% of    5.39MiB at    2.23MiB/s ETA 00:02
[download]  18.6% of    5.39MiB at    3.69MiB/s ETA 00:01
[download]  37.1% of    5.39MiB at    6.31MiB/s ETA 00:00
[download]  74.3% of    5.39MiB at    9.69MiB/s ETA 00:00
[download] 100.0% of    5.39MiB at   11.98MiB/s ETA 00:00
[download] 100% of    5.39MiB in 00:00:00 at 6.82MiB/s   
[ExtractAudio] Destination: /Users/marcelbuian/projects/mb/marcel-vibe/Deepium 2026/MarcelVibe/02/Krasa Rosa - Gorushko [Exclusive Premiere] (Live Stream) - 2022.mp3
Deleting original file /Users/marcelbuian/projects/mb/marcel-vibe/Deepium 2026/MarcelVibe/02/Krasa Rosa - Gorushko [Exclusive Premiere] (Live Stream) - 2022.webm (pass -k to keep)
[Metadata] Adding metadata to "/Users/marcelbuian/projects/mb/marcel-vibe/Deepium 2026/MarcelVibe/02/Krasa Rosa - Gorushko [Exclusive Premiere] (Live Stream) - 2022.mp3"
[EmbedThumbnail] ffmpeg: Adding thumbnail to "/Users/marcelbuian/projects/mb/marcel-vibe/Deepium 2026/MarcelVibe/02/Krasa Rosa - Gorushko [Exclusive Premiere] (Live Stream) - 2022.mp3"
[youtube] Extracting URL: https://www.youtube.com/watch?v=trDYb5VJrL8
[youtube] Sleeping 1.0 seconds ...
[youtube] trDYb5VJrL8: Downloading webpage
[youtube] Sleeping 1.0 seconds ...
[youtube] trDYb5VJrL8: Downloading visionos player API JSON
[youtube] Sleeping 1.0 seconds ...
[youtube] trDYb5VJrL8: Downloading m3u8 information
[info] trDYb5VJrL8: Downloading 1 format(s): 251
[info] Downloading video thumbnail 44 ...
[info] Writing video thumbnail 44 to: /Users/marcelbuian/projects/mb/marcel-vibe/Deepium 2026/MarcelVibe/02/Shortcut - Hope - 2022.webp
[ThumbnailsConvertor] Converting thumbnail "/Users/marcelbuian/projects/mb/marcel-vibe/Deepium 2026/MarcelVibe/02/Shortcut - Hope - 2022.webp" to jpg
Deleting original file /Users/marcelbuian/projects/mb/marcel-vibe/Deepium 2026/MarcelVibe/02/Shortcut - Hope - 2022.webp (pass -k to keep)
[download] Sleeping 1.13 seconds ...
[download] Destination: /Users/marcelbuian/projects/mb/marcel-vibe/Deepium 2026/MarcelVibe/02/Shortcut - Hope - 2022.webm

[download]   0.0% of    6.12MiB at  483.77KiB/s ETA 00:13
[download]   0.0% of    6.12MiB at    1.03MiB/s ETA 00:05
[download]   0.1% of    6.12MiB at    2.21MiB/s ETA 00:02
[download]   0.2% of    6.12MiB at    4.41MiB/s ETA 00:01
[download]   0.5% of    6.12MiB at    5.31MiB/s ETA 00:01
[download]   1.0% of    6.12MiB at    4.97MiB/s ETA 00:01
[download]   2.0% of    6.12MiB at    7.43MiB/s ETA 00:00
[download]   4.1% of    6.12MiB at   10.42MiB/s ETA 00:00
[download]   8.1% of    6.12MiB at   14.22MiB/s ETA 00:00
[download]  16.3% of    6.12MiB at    9.38MiB/s ETA 00:00
[download]  32.6% of    6.12MiB at    8.58MiB/s ETA 00:00
[download]  65.3% of    6.12MiB at   14.55MiB/s ETA 00:00
[download] 100.0% of    6.12MiB at   10.53MiB/s ETA 00:00
[download] 100% of    6.12MiB in 00:00:00 at 7.87MiB/s   
[ExtractAudio] Destination: /Users/marcelbuian/projects/mb/marcel-vibe/Deepium 2026/MarcelVibe/02/Shortcut - Hope - 2022.mp3
Deleting original file /Users/marcelbuian/projects/mb/marcel-vibe/Deepium 2026/MarcelVibe/02/Shortcut - Hope - 2022.webm (pass -k to keep)
[Metadata] Adding metadata to "/Users/marcelbuian/projects/mb/marcel-vibe/Deepium 2026/MarcelVibe/02/Shortcut - Hope - 2022.mp3"
[EmbedThumbnail] ffmpeg: Adding thumbnail to "/Users/marcelbuian/projects/mb/marcel-vibe/Deepium 2026/MarcelVibe/02/Shortcut - Hope - 2022.mp3"
[youtube] Extracting URL: https://www.youtube.com/watch?v=0ZehR8XD5Bc
[youtube] Sleeping 1.0 seconds ...
[youtube] 0ZehR8XD5Bc: Downloading webpage
[youtube] Sleeping 1.0 seconds ...
[youtube] 0ZehR8XD5Bc: Downloading visionos player API JSON
[youtube] Sleeping 1.0 seconds ...
[youtube] 0ZehR8XD5Bc: Downloading m3u8 information
[info] 0ZehR8XD5Bc: Downloading 1 format(s): 251
[info] Downloading video thumbnail 41 ...
[info] Writing video thumbnail 41 to: /Users/marcelbuian/projects/mb/marcel-vibe/Deepium 2026/MarcelVibe/02/Marsh & Wassu ft. Mariel Beausejour - Forgiveness (Extended Mix) [Anjunadeep] - 2023.webp
[ThumbnailsConvertor] Converting thumbnail "/Users/marcelbuian/projects/mb/marcel-vibe/Deepium 2026/MarcelVibe/02/Marsh & Wassu ft. Mariel Beausejour - Forgiveness (Extended Mix) [Anjunadeep] - 2023.webp" to jpg
Deleting original file /Users/marcelbuian/projects/mb/marcel-vibe/Deepium 2026/MarcelVibe/02/Marsh & Wassu ft. Mariel Beausejour - Forgiveness (Extended Mix) [Anjunadeep] - 2023.webp (pass -k to keep)
[download] Sleeping 1.47 seconds ...
[download] Destination: /Users/marcelbuian/projects/mb/marcel-vibe/Deepium 2026/MarcelVibe/02/Marsh & Wassu ft. Mariel Beausejour - Forgiveness (Extended Mix) [Anjunadeep] - 2023.webm

[download]   0.0% of    5.99MiB at  Unknown B/s ETA Unknown
[download]   0.0% of    5.99MiB at    2.61MiB/s ETA 00:02  
[download]   0.1% of    5.99MiB at    5.67MiB/s ETA 00:01
[download]   0.2% of    5.99MiB at   11.38MiB/s ETA 00:00
[download]   0.5% of    5.99MiB at   22.11MiB/s ETA 00:00
[download]   1.0% of    5.99MiB at   41.60MiB/s ETA 00:00
[download]   2.1% of    5.99MiB at   15.61MiB/s ETA 00:00
[download]   4.2% of    5.99MiB at   16.36MiB/s ETA 00:00
[download]   8.3% of    5.99MiB at   16.18MiB/s ETA 00:00
[download]  16.7% of    5.99MiB at   14.83MiB/s ETA 00:00
[download]  33.4% of    5.99MiB at   15.03MiB/s ETA 00:00
[download]  66.8% of    5.99MiB at   21.44MiB/s ETA 00:00
[download] 100.0% of    5.99MiB at   13.97MiB/s ETA 00:00
[download] 100% of    5.99MiB in 00:00:01 at 5.59MiB/s   
[ExtractAudio] Destination: /Users/marcelbuian/projects/mb/marcel-vibe/Deepium 2026/MarcelVibe/02/Marsh & Wassu ft. Mariel Beausejour - Forgiveness (Extended Mix) [Anjunadeep] - 2023.mp3
Deleting original file /Users/marcelbuian/projects/mb/marcel-vibe/Deepium 2026/MarcelVibe/02/Marsh & Wassu ft. Mariel Beausejour - Forgiveness (Extended Mix) [Anjunadeep] - 2023.webm (pass -k to keep)
[Metadata] Adding metadata to "/Users/marcelbuian/projects/mb/marcel-vibe/Deepium 2026/MarcelVibe/02/Marsh & Wassu ft. Mariel Beausejour - Forgiveness (Extended Mix) [Anjunadeep] - 2023.mp3"
[EmbedThumbnail] ffmpeg: Adding thumbnail to "/Users/marcelbuian/projects/mb/marcel-vibe/Deepium 2026/MarcelVibe/02/Marsh & Wassu ft. Mariel Beausejour - Forgiveness (Extended Mix) [Anjunadeep] - 2023.mp3"
[youtube] Extracting URL: https://www.youtube.com/watch?v=pNYw9kUkPEk
[youtube] Sleeping 1.0 seconds ...
[youtube] pNYw9kUkPEk: Downloading webpage
[youtube] Sleeping 1.0 seconds ...
[youtube] pNYw9kUkPEk: Downloading visionos player API JSON
[youtube] Sleeping 1.0 seconds ...
[youtube] pNYw9kUkPEk: Downloading m3u8 information
[info] pNYw9kUkPEk: Downloading 1 format(s): 251
[info] Downloading video thumbnail 41 ...
[info] Video Thumbnail 41 does not exist
[info] Downloading video thumbnail 40 ...
[info] Writing video thumbnail 40 to: /Users/marcelbuian/projects/mb/marcel-vibe/Deepium 2026/MarcelVibe/02/Way Out West - Future Perfect (Henry Saiz Mix) - 2014.jpg
[ThumbnailsConvertor] Not converting thumbnail "/Users/marcelbuian/projects/mb/marcel-vibe/Deepium 2026/MarcelVibe/02/Way Out West - Future Perfect (Henry Saiz Mix) - 2014.jpg"; already is in target format jpg
[download] Sleeping 2.93 seconds ...
[download] Destination: /Users/marcelbuian/projects/mb/marcel-vibe/Deepium 2026/MarcelVibe/02/Way Out West - Future Perfect (Henry Saiz Mix) - 2014.webm

[download]   0.0% of   10.06MiB at  Unknown B/s ETA Unknown
[download]   0.0% of   10.06MiB at  Unknown B/s ETA Unknown
[download]   0.1% of   10.06MiB at  Unknown B/s ETA Unknown
[download]   0.1% of   10.06MiB at   11.38MiB/s ETA 00:00  
[download]   0.3% of   10.06MiB at    5.43MiB/s ETA 00:01
[download]   0.6% of   10.06MiB at    6.20MiB/s ETA 00:01
[download]   1.2% of   10.06MiB at    8.55MiB/s ETA 00:01
[download]   2.5% of   10.06MiB at   10.54MiB/s ETA 00:00
[download]   5.0% of   10.06MiB at   15.46MiB/s ETA 00:00
[download]   9.9% of   10.06MiB at   21.80MiB/s ETA 00:00
[download]  19.9% of   10.06MiB at   30.30MiB/s ETA 00:00
[download]  39.7% of   10.06MiB at   20.56MiB/s ETA 00:00
[download]  79.5% of   10.06MiB at   18.18MiB/s ETA 00:00
[download]  98.4% of   10.06MiB at   18.71MiB/s ETA 00:00
[download]  98.4% of   10.06MiB at  Unknown B/s ETA Unknown
[download]  98.4% of   10.06MiB at  Unknown B/s ETA Unknown
[download]  98.5% of   10.06MiB at  Unknown B/s ETA Unknown
[download]  98.5% of   10.06MiB at   13.28MiB/s ETA 00:00  
[download]  98.7% of   10.06MiB at   19.96MiB/s ETA 00:00
[download]  99.0% of   10.06MiB at   32.81MiB/s ETA 00:00
[download]  99.6% of   10.06MiB at    1.49MiB/s ETA 00:00
[download] 100.0% of   10.06MiB at    1.87MiB/s ETA 00:00
[download] 100% of   10.06MiB in 00:00:00 at 10.87MiB/s  
[ExtractAudio] Destination: /Users/marcelbuian/projects/mb/marcel-vibe/Deepium 2026/MarcelVibe/02/Way Out West - Future Perfect (Henry Saiz Mix) - 2014.mp3
Deleting original file /Users/marcelbuian/projects/mb/marcel-vibe/Deepium 2026/MarcelVibe/02/Way Out West - Future Perfect (Henry Saiz Mix) - 2014.webm (pass -k to keep)
[Metadata] Adding metadata to "/Users/marcelbuian/projects/mb/marcel-vibe/Deepium 2026/MarcelVibe/02/Way Out West - Future Perfect (Henry Saiz Mix) - 2014.mp3"
[EmbedThumbnail] ffmpeg: Adding thumbnail to "/Users/marcelbuian/projects/mb/marcel-vibe/Deepium 2026/MarcelVibe/02/Way Out West - Future Perfect (Henry Saiz Mix) - 2014.mp3"
[youtube] Extracting URL: https://www.youtube.com/watch?v=C1w7tfCBgLY
[youtube] Sleeping 1.0 seconds ...
[youtube] C1w7tfCBgLY: Downloading webpage
[youtube] Sleeping 1.0 seconds ...
[youtube] C1w7tfCBgLY: Downloading visionos player API JSON
[youtube] Sleeping 1.0 seconds ...
[youtube] C1w7tfCBgLY: Downloading m3u8 information
[info] C1w7tfCBgLY: Downloading 1 format(s): 251
[info] Downloading video thumbnail 41 ...
[info] Writing video thumbnail 41 to: /Users/marcelbuian/projects/mb/marcel-vibe/Deepium 2026/MarcelVibe/02/Dido - Thank You (Deep Dish Vocal - Official Audio) - 2018.webp
[ThumbnailsConvertor] Converting thumbnail "/Users/marcelbuian/projects/mb/marcel-vibe/Deepium 2026/MarcelVibe/02/Dido - Thank You (Deep Dish Vocal - Official Audio) - 2018.webp" to jpg
Deleting original file /Users/marcelbuian/projects/mb/marcel-vibe/Deepium 2026/MarcelVibe/02/Dido - Thank You (Deep Dish Vocal - Official Audio) - 2018.webp (pass -k to keep)
[download] Sleeping 2.27 seconds ...
[download] Destination: /Users/marcelbuian/projects/mb/marcel-vibe/Deepium 2026/MarcelVibe/02/Dido - Thank You (Deep Dish Vocal - Official Audio) - 2018.webm

[download]   0.0% of    9.03MiB at  429.74KiB/s ETA 00:21
[download]   0.0% of    9.03MiB at  967.99KiB/s ETA 00:09
[download]   0.1% of    9.03MiB at    2.01MiB/s ETA 00:04
[download]   0.2% of    9.03MiB at    4.06MiB/s ETA 00:02
[download]   0.3% of    9.03MiB at    4.47MiB/s ETA 00:02
[download]   0.7% of    9.03MiB at    5.52MiB/s ETA 00:01
[download]   1.4% of    9.03MiB at    7.97MiB/s ETA 00:01
[download]   2.8% of    9.03MiB at   11.56MiB/s ETA 00:00
[download]   5.5% of    9.03MiB at   16.39MiB/s ETA 00:00
[download]  11.1% of    9.03MiB at    9.76MiB/s ETA 00:00
[download]  22.1% of    9.03MiB at    8.71MiB/s ETA 00:00
[download]  44.3% of    9.03MiB at   14.79MiB/s ETA 00:00
[download]  88.6% of    9.03MiB at   13.07MiB/s ETA 00:00
[download] 100.0% of    9.03MiB at   12.71MiB/s ETA 00:00
[download] 100% of    9.03MiB in 00:00:00 at 10.05MiB/s  
[ExtractAudio] Destination: /Users/marcelbuian/projects/mb/marcel-vibe/Deepium 2026/MarcelVibe/02/Dido - Thank You (Deep Dish Vocal - Official Audio) - 2018.mp3
Deleting original file /Users/marcelbuian/projects/mb/marcel-vibe/Deepium 2026/MarcelVibe/02/Dido - Thank You (Deep Dish Vocal - Official Audio) - 2018.webm (pass -k to keep)
[Metadata] Adding metadata to "/Users/marcelbuian/projects/mb/marcel-vibe/Deepium 2026/MarcelVibe/02/Dido - Thank You (Deep Dish Vocal - Official Audio) - 2018.mp3"
[EmbedThumbnail] ffmpeg: Adding thumbnail to "/Users/marcelbuian/projects/mb/marcel-vibe/Deepium 2026/MarcelVibe/02/Dido - Thank You (Deep Dish Vocal - Official Audio) - 2018.mp3"
[youtube] Extracting URL: https://www.youtube.com/watch?v=ibzwkX469-0
[youtube] Sleeping 1.0 seconds ...
[youtube] ibzwkX469-0: Downloading webpage
[youtube] Sleeping 1.0 seconds ...
[youtube] ibzwkX469-0: Downloading visionos player API JSON
[youtube] Sleeping 1.0 seconds ...
[youtube] ibzwkX469-0: Downloading m3u8 information
[info] ibzwkX469-0: Downloading 1 format(s): 251
[info] Downloading video thumbnail 41 ...
[info] Writing video thumbnail 41 to: /Users/marcelbuian/projects/mb/marcel-vibe/Deepium 2026/MarcelVibe/02/Shai T - We Will Dance Again - 2024.webp
[ThumbnailsConvertor] Converting thumbnail "/Users/marcelbuian/projects/mb/marcel-vibe/Deepium 2026/MarcelVibe/02/Shai T - We Will Dance Again - 2024.webp" to jpg
Deleting original file /Users/marcelbuian/projects/mb/marcel-vibe/Deepium 2026/MarcelVibe/02/Shai T - We Will Dance Again - 2024.webp (pass -k to keep)
[download] Sleeping 1.18 seconds ...
[download] Destination: /Users/marcelbuian/projects/mb/marcel-vibe/Deepium 2026/MarcelVibe/02/Shai T - We Will Dance Again - 2024.webm

[download]   0.0% of    7.12MiB at  901.81KiB/s ETA 00:08
[download]   0.0% of    7.12MiB at    2.27MiB/s ETA 00:03
[download]   0.1% of    7.12MiB at    4.96MiB/s ETA 00:01
[download]   0.2% of    7.12MiB at   10.03MiB/s ETA 00:00
[download]   0.4% of    7.12MiB at   19.61MiB/s ETA 00:00
[download]   0.9% of    7.12MiB at   15.58MiB/s ETA 00:00
[download]   1.7% of    7.12MiB at   15.12MiB/s ETA 00:00
[download]   3.5% of    7.12MiB at   16.17MiB/s ETA 00:00
[download]   7.0% of    7.12MiB at   15.15MiB/s ETA 00:00
[download]  14.0% of    7.12MiB at   15.72MiB/s ETA 00:00
[download]  28.1% of    7.12MiB at   15.05MiB/s ETA 00:00
[download]  56.2% of    7.12MiB at   12.39MiB/s ETA 00:00
[download] 100.0% of    7.12MiB at   11.62MiB/s ETA 00:00
[download] 100% of    7.12MiB in 00:00:00 at 9.00MiB/s   
[ExtractAudio] Destination: /Users/marcelbuian/projects/mb/marcel-vibe/Deepium 2026/MarcelVibe/02/Shai T - We Will Dance Again - 2024.mp3
Deleting original file /Users/marcelbuian/projects/mb/marcel-vibe/Deepium 2026/MarcelVibe/02/Shai T - We Will Dance Again - 2024.webm (pass -k to keep)
[Metadata] Adding metadata to "/Users/marcelbuian/projects/mb/marcel-vibe/Deepium 2026/MarcelVibe/02/Shai T - We Will Dance Again - 2024.mp3"
[EmbedThumbnail] ffmpeg: Adding thumbnail to "/Users/marcelbuian/projects/mb/marcel-vibe/Deepium 2026/MarcelVibe/02/Shai T - We Will Dance Again - 2024.mp3"
[youtube] Extracting URL: https://www.youtube.com/watch?v=Z12KEViMnuQ
[youtube] Sleeping 1.0 seconds ...
[youtube] Z12KEViMnuQ: Downloading webpage
[youtube] Sleeping 1.0 seconds ...
[youtube] Z12KEViMnuQ: Downloading visionos player API JSON
[youtube] Sleeping 1.0 seconds ...
[youtube] Z12KEViMnuQ: Downloading m3u8 information
[info] Z12KEViMnuQ: Downloading 1 format(s): 251
[info] Downloading video thumbnail 43 ...
[info] Video Thumbnail 43 does not exist
[info] Downloading video thumbnail 42 ...
[info] Video Thumbnail 42 does not exist
[info] Downloading video thumbnail 41 ...
[info] Video Thumbnail 41 does not exist
[info] Downloading video thumbnail 40 ...
[info] Video Thumbnail 40 does not exist
[info] Downloading video thumbnail 39 ...
[info] Writing video thumbnail 39 to: /Users/marcelbuian/projects/mb/marcel-vibe/Deepium 2026/MarcelVibe/02/Min 2_42_47 ➡ Jon Gurd ＂Together＂ ( Tom Demac extended mix) [ Anjunadeep ] - 2021.webp
[ThumbnailsConvertor] Converting thumbnail "/Users/marcelbuian/projects/mb/marcel-vibe/Deepium 2026/MarcelVibe/02/Min 2_42_47 ➡ Jon Gurd ＂Together＂ ( Tom Demac extended mix) [ Anjunadeep ] - 2021.webp" to jpg
Deleting original file /Users/marcelbuian/projects/mb/marcel-vibe/Deepium 2026/MarcelVibe/02/Min 2_42_47 ➡ Jon Gurd ＂Together＂ ( Tom Demac extended mix) [ Anjunadeep ] - 2021.webp (pass -k to keep)
[download] Sleeping 1.47 seconds ...
[download] Destination: /Users/marcelbuian/projects/mb/marcel-vibe/Deepium 2026/MarcelVibe/02/Min 2_42_47 ➡ Jon Gurd ＂Together＂ ( Tom Demac extended mix) [ Anjunadeep ] - 2021.webm

[download]   0.0% of    5.57MiB at   53.06KiB/s ETA 01:47
[download]   0.1% of    5.57MiB at  148.83KiB/s ETA 00:38
[download]   0.1% of    5.57MiB at  342.95KiB/s ETA 00:16
[download]   0.3% of    5.57MiB at  727.91KiB/s ETA 00:07
[download]   0.5% of    5.57MiB at    1.45MiB/s ETA 00:03
[download]   1.1% of    5.57MiB at    2.92MiB/s ETA 00:01
[download]   2.2% of    5.57MiB at    2.85MiB/s ETA 00:01
[download]   4.5% of    5.57MiB at    3.00MiB/s ETA 00:01
[download]   9.0% of    5.57MiB at    3.71MiB/s ETA 00:01
[download]  17.9% of    5.57MiB at    4.32MiB/s ETA 00:01
[download]  35.9% of    5.57MiB at    2.17MiB/s ETA 00:01
[download]  61.9% of    5.57MiB at  920.15KiB/s ETA 00:02
[download]  74.9% of    5.57MiB at  835.30KiB/s ETA 00:01
[download]  85.1% of    5.57MiB at  809.32KiB/s ETA 00:01
[download]  96.6% of    5.57MiB at  770.54KiB/s ETA 00:00
[download] 100.0% of    5.57MiB at  764.54KiB/s ETA 00:00
[download] 100% of    5.57MiB in 00:00:09 at 622.09KiB/s 
[ExtractAudio] Destination: /Users/marcelbuian/projects/mb/marcel-vibe/Deepium 2026/MarcelVibe/02/Min 2_42_47 ➡ Jon Gurd ＂Together＂ ( Tom Demac extended mix) [ Anjunadeep ] - 2021.mp3
Deleting original file /Users/marcelbuian/projects/mb/marcel-vibe/Deepium 2026/MarcelVibe/02/Min 2_42_47 ➡ Jon Gurd ＂Together＂ ( Tom Demac extended mix) [ Anjunadeep ] - 2021.webm (pass -k to keep)
[Metadata] Adding metadata to "/Users/marcelbuian/projects/mb/marcel-vibe/Deepium 2026/MarcelVibe/02/Min 2_42_47 ➡ Jon Gurd ＂Together＂ ( Tom Demac extended mix) [ Anjunadeep ] - 2021.mp3"
[EmbedThumbnail] ffmpeg: Adding thumbnail to "/Users/marcelbuian/projects/mb/marcel-vibe/Deepium 2026/MarcelVibe/02/Min 2_42_47 ➡ Jon Gurd ＂Together＂ ( Tom Demac extended mix) [ Anjunadeep ] - 2021.mp3"
[youtube] Extracting URL: https://www.youtube.com/watch?v=4Cu3uuMAkA8
[youtube] Sleeping 1.0 seconds ...
[youtube] 4Cu3uuMAkA8: Downloading webpage
[youtube] Sleeping 1.0 seconds ...
[youtube] 4Cu3uuMAkA8: Downloading visionos player API JSON
[youtube] Sleeping 1.0 seconds ...
[youtube] 4Cu3uuMAkA8: Downloading m3u8 information
[info] 4Cu3uuMAkA8: Downloading 1 format(s): 251
[info] Downloading video thumbnail 44 ...
[info] Writing video thumbnail 44 to: /Users/marcelbuian/projects/mb/marcel-vibe/Deepium 2026/MarcelVibe/02/Eli Spiral & Enertia-Sound - Coded (Echo Daft & KAZKO Remix) [Droid9] - 2023.webp
[ThumbnailsConvertor] Converting thumbnail "/Users/marcelbuian/projects/mb/marcel-vibe/Deepium 2026/MarcelVibe/02/Eli Spiral & Enertia-Sound - Coded (Echo Daft & KAZKO Remix) [Droid9] - 2023.webp" to jpg
Deleting original file /Users/marcelbuian/projects/mb/marcel-vibe/Deepium 2026/MarcelVibe/02/Eli Spiral & Enertia-Sound - Coded (Echo Daft & KAZKO Remix) [Droid9] - 2023.webp (pass -k to keep)
[download] Sleeping 1.04 seconds ...
[download] Destination: /Users/marcelbuian/projects/mb/marcel-vibe/Deepium 2026/MarcelVibe/02/Eli Spiral & Enertia-Sound - Coded (Echo Daft & KAZKO Remix) [Droid9] - 2023.webm

[download]   0.0% of    8.85MiB at   88.36KiB/s ETA 01:42
[download]   0.0% of    8.85MiB at  257.09KiB/s ETA 00:35
[download]   0.1% of    8.85MiB at  590.91KiB/s ETA 00:15
[download]   0.2% of    8.85MiB at    1.22MiB/s ETA 00:07
[download]   0.3% of    8.85MiB at    2.48MiB/s ETA 00:03
[download]   0.7% of    8.85MiB at    3.12MiB/s ETA 00:02
[download]   1.4% of    8.85MiB at    3.69MiB/s ETA 00:02
[download]   2.8% of    8.85MiB at    4.42MiB/s ETA 00:01
[download]   5.6% of    8.85MiB at    5.01MiB/s ETA 00:01
[download]  11.3% of    8.85MiB at    4.00MiB/s ETA 00:01
[download]  22.6% of    8.85MiB at    1.35MiB/s ETA 00:05
[download]  31.7% of    8.85MiB at    1.11MiB/s ETA 00:05
[download]  40.6% of    8.85MiB at    1.06MiB/s ETA 00:04
[download]  50.6% of    8.85MiB at 1011.67KiB/s ETA 00:04
[download]  59.4% of    8.85MiB at  997.53KiB/s ETA 00:03
[download]  69.6% of    8.85MiB at  904.92KiB/s ETA 00:03
[download]  76.1% of    8.85MiB at  854.84KiB/s ETA 00:02
[download]  82.0% of    8.85MiB at  847.19KiB/s ETA 00:01
[download]  90.4% of    8.85MiB at  837.31KiB/s ETA 00:01
[download]  98.7% of    8.85MiB at  781.18KiB/s ETA 00:00
[download] 100.0% of    8.85MiB at  783.57KiB/s ETA 00:00
[download] 100% of    8.85MiB in 00:00:12 at 747.39KiB/s 
[ExtractAudio] Destination: /Users/marcelbuian/projects/mb/marcel-vibe/Deepium 2026/MarcelVibe/02/Eli Spiral & Enertia-Sound - Coded (Echo Daft & KAZKO Remix) [Droid9] - 2023.mp3
Deleting original file /Users/marcelbuian/projects/mb/marcel-vibe/Deepium 2026/MarcelVibe/02/Eli Spiral & Enertia-Sound - Coded (Echo Daft & KAZKO Remix) [Droid9] - 2023.webm (pass -k to keep)
[Metadata] Adding metadata to "/Users/marcelbuian/projects/mb/marcel-vibe/Deepium 2026/MarcelVibe/02/Eli Spiral & Enertia-Sound - Coded (Echo Daft & KAZKO Remix) [Droid9] - 2023.mp3"
[EmbedThumbnail] ffmpeg: Adding thumbnail to "/Users/marcelbuian/projects/mb/marcel-vibe/Deepium 2026/MarcelVibe/02/Eli Spiral & Enertia-Sound - Coded (Echo Daft & KAZKO Remix) [Droid9] - 2023.mp3"
[youtube] Extracting URL: https://www.youtube.com/watch?v=hzh8uKHVXvo
[youtube] Sleeping 1.0 seconds ...
[youtube] hzh8uKHVXvo: Downloading webpage
[youtube] Sleeping 1.0 seconds ...
[youtube] hzh8uKHVXvo: Downloading visionos player API JSON
[youtube] Sleeping 1.0 seconds ...
[youtube] hzh8uKHVXvo: Downloading m3u8 information
[info] hzh8uKHVXvo: Downloading 1 format(s): 251
[info] Downloading video thumbnail 44 ...
[info] Writing video thumbnail 44 to: /Users/marcelbuian/projects/mb/marcel-vibe/Deepium 2026/MarcelVibe/02/Hraach - Focus - 2024.webp
[ThumbnailsConvertor] Converting thumbnail "/Users/marcelbuian/projects/mb/marcel-vibe/Deepium 2026/MarcelVibe/02/Hraach - Focus - 2024.webp" to jpg
Deleting original file /Users/marcelbuian/projects/mb/marcel-vibe/Deepium 2026/MarcelVibe/02/Hraach - Focus - 2024.webp (pass -k to keep)
[download] Sleeping 2.43 seconds ...
[download] Destination: /Users/marcelbuian/projects/mb/marcel-vibe/Deepium 2026/MarcelVibe/02/Hraach - Focus - 2024.webm

[download]   0.0% of    6.66MiB at  504.06KiB/s ETA 00:13
[download]   0.0% of    6.66MiB at    1.25MiB/s ETA 00:05
[download]   0.1% of    6.66MiB at    2.66MiB/s ETA 00:02
[download]   0.2% of    6.66MiB at    5.34MiB/s ETA 00:01
[download]   0.5% of    6.66MiB at    4.38MiB/s ETA 00:01
[download]   0.9% of    6.66MiB at    4.61MiB/s ETA 00:01
[download]   1.9% of    6.66MiB at    7.99MiB/s ETA 00:00
[download]   3.7% of    6.66MiB at    9.33MiB/s ETA 00:00
[download]   7.5% of    6.66MiB at   14.72MiB/s ETA 00:00
[download]  15.0% of    6.66MiB at   15.03MiB/s ETA 00:00
[download]  30.0% of    6.66MiB at   14.83MiB/s ETA 00:00
[download]  60.1% of    6.66MiB at    4.40MiB/s ETA 00:00
[download]  98.9% of    6.66MiB at    6.00MiB/s ETA 00:00
[download] 100.0% of    6.66MiB at    6.06MiB/s ETA 00:00
[download] 100% of    6.66MiB in 00:00:01 at 4.94MiB/s   
[ExtractAudio] Destination: /Users/marcelbuian/projects/mb/marcel-vibe/Deepium 2026/MarcelVibe/02/Hraach - Focus - 2024.mp3
Deleting original file /Users/marcelbuian/projects/mb/marcel-vibe/Deepium 2026/MarcelVibe/02/Hraach - Focus - 2024.webm (pass -k to keep)
[Metadata] Adding metadata to "/Users/marcelbuian/projects/mb/marcel-vibe/Deepium 2026/MarcelVibe/02/Hraach - Focus - 2024.mp3"
[EmbedThumbnail] ffmpeg: Adding thumbnail to "/Users/marcelbuian/projects/mb/marcel-vibe/Deepium 2026/MarcelVibe/02/Hraach - Focus - 2024.mp3"
[youtube] Extracting URL: https://www.youtube.com/watch?v=WJmkgqEAkog
[youtube] Sleeping 1.0 seconds ...
[youtube] WJmkgqEAkog: Downloading webpage
[youtube] Sleeping 1.0 seconds ...
[youtube] WJmkgqEAkog: Downloading visionos player API JSON
[youtube] Sleeping 1.0 seconds ...
[youtube] WJmkgqEAkog: Downloading m3u8 information
[info] WJmkgqEAkog: Downloading 1 format(s): 251
[info] Downloading video thumbnail 43 ...
[info] Video Thumbnail 43 does not exist
[info] Downloading video thumbnail 42 ...
[info] Video Thumbnail 42 does not exist
[info] Downloading video thumbnail 41 ...
[info] Video Thumbnail 41 does not exist
[info] Downloading video thumbnail 40 ...
[info] Video Thumbnail 40 does not exist
[info] Downloading video thumbnail 39 ...
[info] Writing video thumbnail 39 to: /Users/marcelbuian/projects/mb/marcel-vibe/Deepium 2026/MarcelVibe/02/Sander van Doorn & LVNDSCAPE - Need To Feel Loved (Extended Mix) - 2017.webp
[ThumbnailsConvertor] Converting thumbnail "/Users/marcelbuian/projects/mb/marcel-vibe/Deepium 2026/MarcelVibe/02/Sander van Doorn & LVNDSCAPE - Need To Feel Loved (Extended Mix) - 2017.webp" to jpg
Deleting original file /Users/marcelbuian/projects/mb/marcel-vibe/Deepium 2026/MarcelVibe/02/Sander van Doorn & LVNDSCAPE - Need To Feel Loved (Extended Mix) - 2017.webp (pass -k to keep)
[download] Sleeping 1.78 seconds ...
[download] Destination: /Users/marcelbuian/projects/mb/marcel-vibe/Deepium 2026/MarcelVibe/02/Sander van Doorn & LVNDSCAPE - Need To Feel Loved (Extended Mix) - 2017.webm

[download]   0.0% of    5.05MiB at  492.87KiB/s ETA 00:10
[download]   0.1% of    5.05MiB at    1.22MiB/s ETA 00:04
[download]   0.1% of    5.05MiB at    2.63MiB/s ETA 00:01
[download]   0.3% of    5.05MiB at    5.27MiB/s ETA 00:00
[download]   0.6% of    5.05MiB at    3.93MiB/s ETA 00:01
[download]   1.2% of    5.05MiB at    4.66MiB/s ETA 00:01
[download]   2.5% of    5.05MiB at    7.05MiB/s ETA 00:00
[download]   4.9% of    5.05MiB at    9.82MiB/s ETA 00:00
[download]   9.9% of    5.05MiB at   14.51MiB/s ETA 00:00
[download]  19.8% of    5.05MiB at    9.70MiB/s ETA 00:00
[download]  39.6% of    5.05MiB at    8.37MiB/s ETA 00:00
[download]  79.2% of    5.05MiB at    2.38MiB/s ETA 00:00
[download] 100.0% of    5.05MiB at    2.94MiB/s ETA 00:00
[download] 100% of    5.05MiB in 00:00:02 at 1.91MiB/s   
[ExtractAudio] Destination: /Users/marcelbuian/projects/mb/marcel-vibe/Deepium 2026/MarcelVibe/02/Sander van Doorn & LVNDSCAPE - Need To Feel Loved (Extended Mix) - 2017.mp3
Deleting original file /Users/marcelbuian/projects/mb/marcel-vibe/Deepium 2026/MarcelVibe/02/Sander van Doorn & LVNDSCAPE - Need To Feel Loved (Extended Mix) - 2017.webm (pass -k to keep)
[Metadata] Adding metadata to "/Users/marcelbuian/projects/mb/marcel-vibe/Deepium 2026/MarcelVibe/02/Sander van Doorn & LVNDSCAPE - Need To Feel Loved (Extended Mix) - 2017.mp3"
[EmbedThumbnail] ffmpeg: Adding thumbnail to "/Users/marcelbuian/projects/mb/marcel-vibe/Deepium 2026/MarcelVibe/02/Sander van Doorn & LVNDSCAPE - Need To Feel Loved (Extended Mix) - 2017.mp3"
Reading URLs from STDIN - EOF (Ctrl+D) to end:

===== 03 (#03 - 2025-04-22 Manoel Island, Malta) 14:32:29
[youtube] Extracting URL: https://www.youtube.com/watch?v=DUGgCbgm8x4
[youtube] DUGgCbgm8x4: Downloading webpage
[youtube] Sleeping 1.0 seconds ...
[youtube] DUGgCbgm8x4: Downloading visionos player API JSON
[youtube] Sleeping 1.0 seconds ...
[youtube] DUGgCbgm8x4: Downloading m3u8 information
[info] DUGgCbgm8x4: Downloading 1 format(s): 251
[info] Downloading video thumbnail 44 ...
[info] Writing video thumbnail 44 to: /Users/marcelbuian/projects/mb/marcel-vibe/Deepium 2026/MarcelVibe/03/Florence & The machine - Spectrum (Say my name) [Marco Generani remix] - 2023.webp
[ThumbnailsConvertor] Converting thumbnail "/Users/marcelbuian/projects/mb/marcel-vibe/Deepium 2026/MarcelVibe/03/Florence & The machine - Spectrum (Say my name) [Marco Generani remix] - 2023.webp" to jpg
Deleting original file /Users/marcelbuian/projects/mb/marcel-vibe/Deepium 2026/MarcelVibe/03/Florence & The machine - Spectrum (Say my name) [Marco Generani remix] - 2023.webp (pass -k to keep)
[download] Sleeping 1.12 seconds ...
[download] Destination: /Users/marcelbuian/projects/mb/marcel-vibe/Deepium 2026/MarcelVibe/03/Florence & The machine - Spectrum (Say my name) [Marco Generani remix] - 2023.webm

[download]   0.0% of    7.02MiB at  589.25KiB/s ETA 00:12
[download]   0.0% of    7.02MiB at    1.43MiB/s ETA 00:04
[download]   0.1% of    7.02MiB at    3.07MiB/s ETA 00:02
[download]   0.2% of    7.02MiB at    6.17MiB/s ETA 00:01
[download]   0.4% of    7.02MiB at    7.45MiB/s ETA 00:00
[download]   0.9% of    7.02MiB at    6.61MiB/s ETA 00:01
[download]   1.8% of    7.02MiB at    9.03MiB/s ETA 00:00
[download]   3.5% of    7.02MiB at   10.89MiB/s ETA 00:00
[download]   7.1% of    7.02MiB at   15.88MiB/s ETA 00:00
[download]  14.2% of    7.02MiB at   22.31MiB/s ETA 00:00
[download]  28.5% of    7.02MiB at   30.89MiB/s ETA 00:00
[download]  57.0% of    7.02MiB at   38.90MiB/s ETA 00:00
[download] 100.0% of    7.02MiB at   42.57MiB/s ETA 00:00
[download] 100% of    7.02MiB in 00:00:00 at 37.17MiB/s  
[ExtractAudio] Destination: /Users/marcelbuian/projects/mb/marcel-vibe/Deepium 2026/MarcelVibe/03/Florence & The machine - Spectrum (Say my name) [Marco Generani remix] - 2023.mp3
Deleting original file /Users/marcelbuian/projects/mb/marcel-vibe/Deepium 2026/MarcelVibe/03/Florence & The machine - Spectrum (Say my name) [Marco Generani remix] - 2023.webm (pass -k to keep)
[Metadata] Adding metadata to "/Users/marcelbuian/projects/mb/marcel-vibe/Deepium 2026/MarcelVibe/03/Florence & The machine - Spectrum (Say my name) [Marco Generani remix] - 2023.mp3"
[EmbedThumbnail] ffmpeg: Adding thumbnail to "/Users/marcelbuian/projects/mb/marcel-vibe/Deepium 2026/MarcelVibe/03/Florence & The machine - Spectrum (Say my name) [Marco Generani remix] - 2023.mp3"
[youtube] Extracting URL: https://www.youtube.com/watch?v=n7DdGUUUGlM
[youtube] Sleeping 1.0 seconds ...
[youtube] n7DdGUUUGlM: Downloading webpage
[youtube] Sleeping 1.0 seconds ...
[youtube] n7DdGUUUGlM: Downloading visionos player API JSON
[youtube] Sleeping 1.0 seconds ...
[youtube] n7DdGUUUGlM: Downloading m3u8 information
[info] n7DdGUUUGlM: Downloading 1 format(s): 251
[info] Downloading video thumbnail 41 ...
[info] Writing video thumbnail 41 to: /Users/marcelbuian/projects/mb/marcel-vibe/Deepium 2026/MarcelVibe/03/Years & Years - Desire (Ivahn Johan Afro House Extended Remix) - 2025.webp
[ThumbnailsConvertor] Converting thumbnail "/Users/marcelbuian/projects/mb/marcel-vibe/Deepium 2026/MarcelVibe/03/Years & Years - Desire (Ivahn Johan Afro House Extended Remix) - 2025.webp" to jpg
Deleting original file /Users/marcelbuian/projects/mb/marcel-vibe/Deepium 2026/MarcelVibe/03/Years & Years - Desire (Ivahn Johan Afro House Extended Remix) - 2025.webp (pass -k to keep)
[download] Sleeping 1.88 seconds ...
[download] Destination: /Users/marcelbuian/projects/mb/marcel-vibe/Deepium 2026/MarcelVibe/03/Years & Years - Desire (Ivahn Johan Afro House Extended Remix) - 2025.webm

[download]   0.0% of    5.41MiB at  458.34KiB/s ETA 00:12
[download]   0.1% of    5.41MiB at    1.23MiB/s ETA 00:04
[download]   0.1% of    5.41MiB at    2.76MiB/s ETA 00:01
[download]   0.3% of    5.41MiB at    5.67MiB/s ETA 00:00
[download]   0.6% of    5.41MiB at    4.01MiB/s ETA 00:01
[download]   1.1% of    5.41MiB at    5.23MiB/s ETA 00:01
[download]   2.3% of    5.41MiB at    6.52MiB/s ETA 00:00
[download]   4.6% of    5.41MiB at    9.21MiB/s ETA 00:00
[download]   9.2% of    5.41MiB at   13.97MiB/s ETA 00:00
[download]  18.5% of    5.41MiB at   15.23MiB/s ETA 00:00
[download]  37.0% of    5.41MiB at   15.01MiB/s ETA 00:00
[download]  74.0% of    5.41MiB at    8.85MiB/s ETA 00:00
[download] 100.0% of    5.41MiB at   11.16MiB/s ETA 00:00
[download] 100% of    5.41MiB in 00:00:00 at 8.45MiB/s   
[ExtractAudio] Destination: /Users/marcelbuian/projects/mb/marcel-vibe/Deepium 2026/MarcelVibe/03/Years & Years - Desire (Ivahn Johan Afro House Extended Remix) - 2025.mp3
Deleting original file /Users/marcelbuian/projects/mb/marcel-vibe/Deepium 2026/MarcelVibe/03/Years & Years - Desire (Ivahn Johan Afro House Extended Remix) - 2025.webm (pass -k to keep)
[Metadata] Adding metadata to "/Users/marcelbuian/projects/mb/marcel-vibe/Deepium 2026/MarcelVibe/03/Years & Years - Desire (Ivahn Johan Afro House Extended Remix) - 2025.mp3"
[EmbedThumbnail] ffmpeg: Adding thumbnail to "/Users/marcelbuian/projects/mb/marcel-vibe/Deepium 2026/MarcelVibe/03/Years & Years - Desire (Ivahn Johan Afro House Extended Remix) - 2025.mp3"
[youtube] Extracting URL: https://www.youtube.com/watch?v=IUoOV1dNAXc
[youtube] Sleeping 1.0 seconds ...
[youtube] IUoOV1dNAXc: Downloading webpage
[youtube] Sleeping 1.0 seconds ...
[youtube] IUoOV1dNAXc: Downloading visionos player API JSON
[youtube] Sleeping 1.0 seconds ...
[youtube] IUoOV1dNAXc: Downloading m3u8 information
[info] IUoOV1dNAXc: Downloading 1 format(s): 251
[info] Downloading video thumbnail 41 ...
[info] Writing video thumbnail 41 to: /Users/marcelbuian/projects/mb/marcel-vibe/Deepium 2026/MarcelVibe/03/Rivo vs Armin van Buuren feat. Sharon Den Adel - In And Out Of Love [Lyric Video] - 2024.webp
[ThumbnailsConvertor] Converting thumbnail "/Users/marcelbuian/projects/mb/marcel-vibe/Deepium 2026/MarcelVibe/03/Rivo vs Armin van Buuren feat. Sharon Den Adel - In And Out Of Love [Lyric Video] - 2024.webp" to jpg
Deleting original file /Users/marcelbuian/projects/mb/marcel-vibe/Deepium 2026/MarcelVibe/03/Rivo vs Armin van Buuren feat. Sharon Den Adel - In And Out Of Love [Lyric Video] - 2024.webp (pass -k to keep)
[download] Sleeping 1.64 seconds ...
[download] Destination: /Users/marcelbuian/projects/mb/marcel-vibe/Deepium 2026/MarcelVibe/03/Rivo vs Armin van Buuren feat. Sharon Den Adel - In And Out Of Love [Lyric Video] - 2024.webm

[download]   0.0% of    3.70MiB at  Unknown B/s ETA Unknown
[download]   0.1% of    3.70MiB at    2.45MiB/s ETA 00:01  
[download]   0.2% of    3.70MiB at    5.10MiB/s ETA 00:00
[download]   0.4% of    3.70MiB at   10.21MiB/s ETA 00:00
[download]   0.8% of    3.70MiB at   19.77MiB/s ETA 00:00
[download]   1.7% of    3.70MiB at   33.22MiB/s ETA 00:00
[download]   3.4% of    3.70MiB at   35.37MiB/s ETA 00:00
[download]   6.7% of    3.70MiB at   46.44MiB/s ETA 00:00
[download]  13.5% of    3.70MiB at   41.69MiB/s ETA 00:00
[download]  27.0% of    3.70MiB at   48.27MiB/s ETA 00:00
[download]  54.0% of    3.70MiB at   50.76MiB/s ETA 00:00
[download] 100.0% of    3.70MiB at   29.49MiB/s ETA 00:00
[download] 100% of    3.70MiB in 00:00:00 at 19.01MiB/s  
[ExtractAudio] Destination: /Users/marcelbuian/projects/mb/marcel-vibe/Deepium 2026/MarcelVibe/03/Rivo vs Armin van Buuren feat. Sharon Den Adel - In And Out Of Love [Lyric Video] - 2024.mp3
Deleting original file /Users/marcelbuian/projects/mb/marcel-vibe/Deepium 2026/MarcelVibe/03/Rivo vs Armin van Buuren feat. Sharon Den Adel - In And Out Of Love [Lyric Video] - 2024.webm (pass -k to keep)
[Metadata] Adding metadata to "/Users/marcelbuian/projects/mb/marcel-vibe/Deepium 2026/MarcelVibe/03/Rivo vs Armin van Buuren feat. Sharon Den Adel - In And Out Of Love [Lyric Video] - 2024.mp3"
[EmbedThumbnail] ffmpeg: Adding thumbnail to "/Users/marcelbuian/projects/mb/marcel-vibe/Deepium 2026/MarcelVibe/03/Rivo vs Armin van Buuren feat. Sharon Den Adel - In And Out Of Love [Lyric Video] - 2024.mp3"
[youtube] Extracting URL: https://www.youtube.com/watch?v=95dB-ObZ7Ho
[youtube] Sleeping 1.0 seconds ...
[youtube] 95dB-ObZ7Ho: Downloading webpage
[youtube] Sleeping 1.0 seconds ...
[youtube] 95dB-ObZ7Ho: Downloading visionos player API JSON
[youtube] Sleeping 1.0 seconds ...
[youtube] 95dB-ObZ7Ho: Downloading m3u8 information
[info] 95dB-ObZ7Ho: Downloading 1 format(s): 251
[info] Downloading video thumbnail 44 ...
[info] Writing video thumbnail 44 to: /Users/marcelbuian/projects/mb/marcel-vibe/Deepium 2026/MarcelVibe/03/Adam Port, Stryv - Move feat. Malachiii (Extended Version) - 2024.webp
[ThumbnailsConvertor] Converting thumbnail "/Users/marcelbuian/projects/mb/marcel-vibe/Deepium 2026/MarcelVibe/03/Adam Port, Stryv - Move feat. Malachiii (Extended Version) - 2024.webp" to jpg
Deleting original file /Users/marcelbuian/projects/mb/marcel-vibe/Deepium 2026/MarcelVibe/03/Adam Port, Stryv - Move feat. Malachiii (Extended Version) - 2024.webp (pass -k to keep)
[download] Sleeping 1.66 seconds ...
[download] Destination: /Users/marcelbuian/projects/mb/marcel-vibe/Deepium 2026/MarcelVibe/03/Adam Port, Stryv - Move feat. Malachiii (Extended Version) - 2024.webm

[download]   0.0% of    5.78MiB at  Unknown B/s ETA Unknown
[download]   0.1% of    5.78MiB at    2.88MiB/s ETA 00:02  
[download]   0.1% of    5.78MiB at    4.52MiB/s ETA 00:01
[download]   0.3% of    5.78MiB at    8.20MiB/s ETA 00:00
[download]   0.5% of    5.78MiB at   14.39MiB/s ETA 00:00
[download]   1.1% of    5.78MiB at   24.84MiB/s ETA 00:00
[download]   2.1% of    5.78MiB at   44.03MiB/s ETA 00:00
[download]   4.3% of    5.78MiB at   72.14MiB/s ETA 00:00
[download]   8.6% of    5.78MiB at   59.91MiB/s ETA 00:00
[download]  17.3% of    5.78MiB at   60.57MiB/s ETA 00:00
[download]  34.6% of    5.78MiB at   53.69MiB/s ETA 00:00
[download]  69.2% of    5.78MiB at   51.53MiB/s ETA 00:00
[download] 100.0% of    5.78MiB at   47.31MiB/s ETA 00:00
[download] 100% of    5.78MiB in 00:00:00 at 43.07MiB/s  
[ExtractAudio] Destination: /Users/marcelbuian/projects/mb/marcel-vibe/Deepium 2026/MarcelVibe/03/Adam Port, Stryv - Move feat. Malachiii (Extended Version) - 2024.mp3
Deleting original file /Users/marcelbuian/projects/mb/marcel-vibe/Deepium 2026/MarcelVibe/03/Adam Port, Stryv - Move feat. Malachiii (Extended Version) - 2024.webm (pass -k to keep)
[Metadata] Adding metadata to "/Users/marcelbuian/projects/mb/marcel-vibe/Deepium 2026/MarcelVibe/03/Adam Port, Stryv - Move feat. Malachiii (Extended Version) - 2024.mp3"
[EmbedThumbnail] ffmpeg: Adding thumbnail to "/Users/marcelbuian/projects/mb/marcel-vibe/Deepium 2026/MarcelVibe/03/Adam Port, Stryv - Move feat. Malachiii (Extended Version) - 2024.mp3"
[youtube] Extracting URL: https://www.youtube.com/watch?v=LAw8_u8rqpg
[youtube] Sleeping 1.0 seconds ...
[youtube] LAw8_u8rqpg: Downloading webpage
[youtube] Sleeping 1.0 seconds ...
[youtube] LAw8_u8rqpg: Downloading visionos player API JSON
[youtube] Sleeping 1.0 seconds ...
[youtube] LAw8_u8rqpg: Downloading m3u8 information
[info] LAw8_u8rqpg: Downloading 1 format(s): 251
[info] Downloading video thumbnail 44 ...
[info] Writing video thumbnail 44 to: /Users/marcelbuian/projects/mb/marcel-vibe/Deepium 2026/MarcelVibe/03/Toni Braxton - Un-break My Heart (Lazaros Afro Remake) - 2025.webp
[ThumbnailsConvertor] Converting thumbnail "/Users/marcelbuian/projects/mb/marcel-vibe/Deepium 2026/MarcelVibe/03/Toni Braxton - Un-break My Heart (Lazaros Afro Remake) - 2025.webp" to jpg
Deleting original file /Users/marcelbuian/projects/mb/marcel-vibe/Deepium 2026/MarcelVibe/03/Toni Braxton - Un-break My Heart (Lazaros Afro Remake) - 2025.webp (pass -k to keep)
[download] Sleeping 2.23 seconds ...
[download] Destination: /Users/marcelbuian/projects/mb/marcel-vibe/Deepium 2026/MarcelVibe/03/Toni Braxton - Un-break My Heart (Lazaros Afro Remake) - 2025.webm

[download]   0.0% of    5.92MiB at  Unknown B/s ETA 00:06
[download]   0.0% of    5.92MiB at    2.43MiB/s ETA 00:02
[download]   0.1% of    5.92MiB at    5.22MiB/s ETA 00:01
[download]   0.2% of    5.92MiB at   10.42MiB/s ETA 00:00
[download]   0.5% of    5.92MiB at   20.11MiB/s ETA 00:00
[download]   1.0% of    5.92MiB at   38.07MiB/s ETA 00:00
[download]   2.1% of    5.92MiB at   42.18MiB/s ETA 00:00
[download]   4.2% of    5.92MiB at   54.45MiB/s ETA 00:00
[download]   8.4% of    5.92MiB at   52.24MiB/s ETA 00:00
[download]  16.9% of    5.92MiB at   51.61MiB/s ETA 00:00
[download]  33.8% of    5.92MiB at   50.83MiB/s ETA 00:00
[download]  67.6% of    5.92MiB at    8.27MiB/s ETA 00:00
[download] 100.0% of    5.92MiB at    9.62MiB/s ETA 00:00
[download] 100% of    5.92MiB in 00:00:00 at 9.07MiB/s   
[ExtractAudio] Destination: /Users/marcelbuian/projects/mb/marcel-vibe/Deepium 2026/MarcelVibe/03/Toni Braxton - Un-break My Heart (Lazaros Afro Remake) - 2025.mp3
Deleting original file /Users/marcelbuian/projects/mb/marcel-vibe/Deepium 2026/MarcelVibe/03/Toni Braxton - Un-break My Heart (Lazaros Afro Remake) - 2025.webm (pass -k to keep)
[Metadata] Adding metadata to "/Users/marcelbuian/projects/mb/marcel-vibe/Deepium 2026/MarcelVibe/03/Toni Braxton - Un-break My Heart (Lazaros Afro Remake) - 2025.mp3"
[EmbedThumbnail] ffmpeg: Adding thumbnail to "/Users/marcelbuian/projects/mb/marcel-vibe/Deepium 2026/MarcelVibe/03/Toni Braxton - Un-break My Heart (Lazaros Afro Remake) - 2025.mp3"
[youtube] Extracting URL: https://www.youtube.com/watch?v=OTQ_e4yfxHE
[youtube] Sleeping 1.0 seconds ...
[youtube] OTQ_e4yfxHE: Downloading webpage
[youtube] Sleeping 1.0 seconds ...
[youtube] OTQ_e4yfxHE: Downloading visionos player API JSON
[youtube] Sleeping 1.0 seconds ...
[youtube] OTQ_e4yfxHE: Downloading m3u8 information
[info] OTQ_e4yfxHE: Downloading 1 format(s): 251
[info] Downloading video thumbnail 44 ...
[info] Writing video thumbnail 44 to: /Users/marcelbuian/projects/mb/marcel-vibe/Deepium 2026/MarcelVibe/03/Francis Mercier & Magic System - Premier Gaou (Nitefreak Extended Remix) - 2025.webp
[ThumbnailsConvertor] Converting thumbnail "/Users/marcelbuian/projects/mb/marcel-vibe/Deepium 2026/MarcelVibe/03/Francis Mercier & Magic System - Premier Gaou (Nitefreak Extended Remix) - 2025.webp" to jpg
Deleting original file /Users/marcelbuian/projects/mb/marcel-vibe/Deepium 2026/MarcelVibe/03/Francis Mercier & Magic System - Premier Gaou (Nitefreak Extended Remix) - 2025.webp (pass -k to keep)
[download] Sleeping 1.56 seconds ...
[download] Destination: /Users/marcelbuian/projects/mb/marcel-vibe/Deepium 2026/MarcelVibe/03/Francis Mercier & Magic System - Premier Gaou (Nitefreak Extended Remix) - 2025.webm

[download]   0.0% of    6.19MiB at  486.41KiB/s ETA 00:13
[download]   0.0% of    6.19MiB at    1.17MiB/s ETA 00:05
[download]   0.1% of    6.19MiB at    2.49MiB/s ETA 00:02
[download]   0.2% of    6.19MiB at    4.94MiB/s ETA 00:01
[download]   0.5% of    6.19MiB at    4.70MiB/s ETA 00:01
[download]   1.0% of    6.19MiB at    5.46MiB/s ETA 00:01
[download]   2.0% of    6.19MiB at    3.22MiB/s ETA 00:01
[download]   4.0% of    6.19MiB at    3.23MiB/s ETA 00:01
[download]   8.1% of    6.19MiB at    4.32MiB/s ETA 00:01
[download]  16.1% of    6.19MiB at    6.48MiB/s ETA 00:00
[download]  32.3% of    6.19MiB at    9.09MiB/s ETA 00:00
[download]  64.6% of    6.19MiB at   15.09MiB/s ETA 00:00
[download] 100.0% of    6.19MiB at   14.60MiB/s ETA 00:00
[download] 100% of    6.19MiB in 00:00:00 at 9.22MiB/s   
[ExtractAudio] Destination: /Users/marcelbuian/projects/mb/marcel-vibe/Deepium 2026/MarcelVibe/03/Francis Mercier & Magic System - Premier Gaou (Nitefreak Extended Remix) - 2025.mp3
Deleting original file /Users/marcelbuian/projects/mb/marcel-vibe/Deepium 2026/MarcelVibe/03/Francis Mercier & Magic System - Premier Gaou (Nitefreak Extended Remix) - 2025.webm (pass -k to keep)
[Metadata] Adding metadata to "/Users/marcelbuian/projects/mb/marcel-vibe/Deepium 2026/MarcelVibe/03/Francis Mercier & Magic System - Premier Gaou (Nitefreak Extended Remix) - 2025.mp3"
[EmbedThumbnail] ffmpeg: Adding thumbnail to "/Users/marcelbuian/projects/mb/marcel-vibe/Deepium 2026/MarcelVibe/03/Francis Mercier & Magic System - Premier Gaou (Nitefreak Extended Remix) - 2025.mp3"
[youtube] Extracting URL: https://www.youtube.com/watch?v=VNd7WiCpblE
[youtube] Sleeping 1.0 seconds ...
[youtube] VNd7WiCpblE: Downloading webpage
[youtube] Sleeping 1.0 seconds ...
[youtube] VNd7WiCpblE: Downloading visionos player API JSON
[youtube] Sleeping 1.0 seconds ...
[youtube] VNd7WiCpblE: Downloading m3u8 information
[info] VNd7WiCpblE: Downloading 1 format(s): 251
[info] Downloading video thumbnail 41 ...
[info] Writing video thumbnail 41 to: /Users/marcelbuian/projects/mb/marcel-vibe/Deepium 2026/MarcelVibe/03/PLS&TY, Sofiya Nzau - Your Love (Antdot Extended Remix) - 2025.webp
[ThumbnailsConvertor] Converting thumbnail "/Users/marcelbuian/projects/mb/marcel-vibe/Deepium 2026/MarcelVibe/03/PLS&TY, Sofiya Nzau - Your Love (Antdot Extended Remix) - 2025.webp" to jpg
Deleting original file /Users/marcelbuian/projects/mb/marcel-vibe/Deepium 2026/MarcelVibe/03/PLS&TY, Sofiya Nzau - Your Love (Antdot Extended Remix) - 2025.webp (pass -k to keep)
[download] Sleeping 2.77 seconds ...
[download] Destination: /Users/marcelbuian/projects/mb/marcel-vibe/Deepium 2026/MarcelVibe/03/PLS&TY, Sofiya Nzau - Your Love (Antdot Extended Remix) - 2025.webm

[download]   0.0% of    6.47MiB at  Unknown B/s ETA Unknown
[download]   0.0% of    6.47MiB at    2.12MiB/s ETA 00:03  
[download]   0.1% of    6.47MiB at    3.88MiB/s ETA 00:01
[download]   0.2% of    6.47MiB at    7.08MiB/s ETA 00:00
[download]   0.5% of    6.47MiB at   12.87MiB/s ETA 00:00
[download]   1.0% of    6.47MiB at   23.32MiB/s ETA 00:00
[download]   1.9% of    6.47MiB at   15.30MiB/s ETA 00:00
[download]   3.8% of    6.47MiB at   17.14MiB/s ETA 00:00
[download]   7.7% of    6.47MiB at   16.93MiB/s ETA 00:00
[download]  15.4% of    6.47MiB at   15.40MiB/s ETA 00:00
[download]  30.9% of    6.47MiB at   15.00MiB/s ETA 00:00
[download]  61.8% of    6.47MiB at   23.14MiB/s ETA 00:00
[download] 100.0% of    6.47MiB at   17.62MiB/s ETA 00:00
[download] 100% of    6.47MiB in 00:00:01 at 6.07MiB/s   
[ExtractAudio] Destination: /Users/marcelbuian/projects/mb/marcel-vibe/Deepium 2026/MarcelVibe/03/PLS&TY, Sofiya Nzau - Your Love (Antdot Extended Remix) - 2025.mp3
Deleting original file /Users/marcelbuian/projects/mb/marcel-vibe/Deepium 2026/MarcelVibe/03/PLS&TY, Sofiya Nzau - Your Love (Antdot Extended Remix) - 2025.webm (pass -k to keep)
[Metadata] Adding metadata to "/Users/marcelbuian/projects/mb/marcel-vibe/Deepium 2026/MarcelVibe/03/PLS&TY, Sofiya Nzau - Your Love (Antdot Extended Remix) - 2025.mp3"
[EmbedThumbnail] ffmpeg: Adding thumbnail to "/Users/marcelbuian/projects/mb/marcel-vibe/Deepium 2026/MarcelVibe/03/PLS&TY, Sofiya Nzau - Your Love (Antdot Extended Remix) - 2025.mp3"
[youtube] Extracting URL: https://www.youtube.com/watch?v=FdfdSXq0H7g
[youtube] Sleeping 1.0 seconds ...
[youtube] FdfdSXq0H7g: Downloading webpage
[youtube] Sleeping 1.0 seconds ...
[youtube] FdfdSXq0H7g: Downloading visionos player API JSON
[youtube] Sleeping 1.0 seconds ...
[youtube] FdfdSXq0H7g: Downloading m3u8 information
[info] FdfdSXq0H7g: Downloading 1 format(s): 251
[info] Downloading video thumbnail 44 ...
[info] Writing video thumbnail 44 to: /Users/marcelbuian/projects/mb/marcel-vibe/Deepium 2026/MarcelVibe/03/Joezi feat. Coco & Pape Diouf - 7 Seconds (MIDH 050) - 2023.webp
[ThumbnailsConvertor] Converting thumbnail "/Users/marcelbuian/projects/mb/marcel-vibe/Deepium 2026/MarcelVibe/03/Joezi feat. Coco & Pape Diouf - 7 Seconds (MIDH 050) - 2023.webp" to jpg
Deleting original file /Users/marcelbuian/projects/mb/marcel-vibe/Deepium 2026/MarcelVibe/03/Joezi feat. Coco & Pape Diouf - 7 Seconds (MIDH 050) - 2023.webp (pass -k to keep)
[download] Sleeping 1.80 seconds ...
[download] Destination: /Users/marcelbuian/projects/mb/marcel-vibe/Deepium 2026/MarcelVibe/03/Joezi feat. Coco & Pape Diouf - 7 Seconds (MIDH 050) - 2023.webm

[download]   0.0% of    7.00MiB at  442.67KiB/s ETA 00:16
[download]   0.0% of    7.00MiB at    1.16MiB/s ETA 00:06
[download]   0.1% of    7.00MiB at    2.60MiB/s ETA 00:02
[download]   0.2% of    7.00MiB at    5.36MiB/s ETA 00:01
[download]   0.4% of    7.00MiB at    3.54MiB/s ETA 00:01
[download]   0.9% of    7.00MiB at    2.61MiB/s ETA 00:02
[download]   1.8% of    7.00MiB at    4.81MiB/s ETA 00:01
[download]   3.6% of    7.00MiB at    4.05MiB/s ETA 00:01
[download]   7.1% of    7.00MiB at    6.14MiB/s ETA 00:01
[download]  14.3% of    7.00MiB at    5.66MiB/s ETA 00:01
[download]  28.5% of    7.00MiB at    3.67MiB/s ETA 00:01
[download]  57.1% of    7.00MiB at    1.16MiB/s ETA 00:02
[download]  71.4% of    7.00MiB at    1.14MiB/s ETA 00:01
[download]  86.9% of    7.00MiB at    1.01MiB/s ETA 00:00
[download]  96.3% of    7.00MiB at  971.26KiB/s ETA 00:00
[download] 100.0% of    7.00MiB at  923.63KiB/s ETA 00:00
[download] 100% of    7.00MiB in 00:00:07 at 909.22KiB/s 
[ExtractAudio] Destination: /Users/marcelbuian/projects/mb/marcel-vibe/Deepium 2026/MarcelVibe/03/Joezi feat. Coco & Pape Diouf - 7 Seconds (MIDH 050) - 2023.mp3
Deleting original file /Users/marcelbuian/projects/mb/marcel-vibe/Deepium 2026/MarcelVibe/03/Joezi feat. Coco & Pape Diouf - 7 Seconds (MIDH 050) - 2023.webm (pass -k to keep)
[Metadata] Adding metadata to "/Users/marcelbuian/projects/mb/marcel-vibe/Deepium 2026/MarcelVibe/03/Joezi feat. Coco & Pape Diouf - 7 Seconds (MIDH 050) - 2023.mp3"
[EmbedThumbnail] ffmpeg: Adding thumbnail to "/Users/marcelbuian/projects/mb/marcel-vibe/Deepium 2026/MarcelVibe/03/Joezi feat. Coco & Pape Diouf - 7 Seconds (MIDH 050) - 2023.mp3"
[youtube] Extracting URL: https://www.youtube.com/watch?v=UJ5b99IqF-E
[youtube] Sleeping 1.0 seconds ...
[youtube] UJ5b99IqF-E: Downloading webpage
[youtube] Sleeping 1.0 seconds ...
[youtube] UJ5b99IqF-E: Downloading visionos player API JSON
[youtube] Sleeping 1.0 seconds ...
[youtube] UJ5b99IqF-E: Downloading m3u8 information
[info] UJ5b99IqF-E: Downloading 1 format(s): 251
[info] Downloading video thumbnail 41 ...
[info] Video Thumbnail 41 does not exist
[info] Downloading video thumbnail 40 ...
[info] Video Thumbnail 40 does not exist
[info] Downloading video thumbnail 39 ...
[info] Video Thumbnail 39 does not exist
[info] Downloading video thumbnail 38 ...
[info] Video Thumbnail 38 does not exist
[info] Downloading video thumbnail 37 ...
[info] Writing video thumbnail 37 to: /Users/marcelbuian/projects/mb/marcel-vibe/Deepium 2026/MarcelVibe/03/Irina Rimes - Visele (Videoclip Oficial) - 2016.webp
[ThumbnailsConvertor] Converting thumbnail "/Users/marcelbuian/projects/mb/marcel-vibe/Deepium 2026/MarcelVibe/03/Irina Rimes - Visele (Videoclip Oficial) - 2016.webp" to jpg
Deleting original file /Users/marcelbuian/projects/mb/marcel-vibe/Deepium 2026/MarcelVibe/03/Irina Rimes - Visele (Videoclip Oficial) - 2016.webp (pass -k to keep)
[download] Sleeping 1.71 seconds ...
[download] Destination: /Users/marcelbuian/projects/mb/marcel-vibe/Deepium 2026/MarcelVibe/03/Irina Rimes - Visele (Videoclip Oficial) - 2016.webm

[download]   0.0% of    3.28MiB at  117.39KiB/s ETA 00:28
[download]   0.1% of    3.28MiB at  331.60KiB/s ETA 00:10
[download]   0.2% of    3.28MiB at  751.30KiB/s ETA 00:04
[download]   0.4% of    3.28MiB at    1.54MiB/s ETA 00:02
[download]   0.9% of    3.28MiB at    1.07MiB/s ETA 00:03
[download]   1.9% of    3.28MiB at    2.13MiB/s ETA 00:01
[download]   3.8% of    3.28MiB at    2.95MiB/s ETA 00:01
[download]   7.6% of    3.28MiB at    2.76MiB/s ETA 00:01
[download]  15.2% of    3.28MiB at    2.67MiB/s ETA 00:01
[download]  30.5% of    3.28MiB at    1.23MiB/s ETA 00:01
[download]  54.8% of    3.28MiB at  501.46KiB/s ETA 00:03
[download]  67.0% of    3.28MiB at  529.29KiB/s ETA 00:02
[download]  88.0% of    3.28MiB at  611.26KiB/s ETA 00:00
[download] 100.0% of    3.28MiB at  626.57KiB/s ETA 00:00
[download] 100% of    3.28MiB in 00:00:05 at 623.03KiB/s 
[ExtractAudio] Destination: /Users/marcelbuian/projects/mb/marcel-vibe/Deepium 2026/MarcelVibe/03/Irina Rimes - Visele (Videoclip Oficial) - 2016.mp3
Deleting original file /Users/marcelbuian/projects/mb/marcel-vibe/Deepium 2026/MarcelVibe/03/Irina Rimes - Visele (Videoclip Oficial) - 2016.webm (pass -k to keep)
[Metadata] Adding metadata to "/Users/marcelbuian/projects/mb/marcel-vibe/Deepium 2026/MarcelVibe/03/Irina Rimes - Visele (Videoclip Oficial) - 2016.mp3"
[EmbedThumbnail] ffmpeg: Adding thumbnail to "/Users/marcelbuian/projects/mb/marcel-vibe/Deepium 2026/MarcelVibe/03/Irina Rimes - Visele (Videoclip Oficial) - 2016.mp3"
[youtube] Extracting URL: https://www.youtube.com/watch?v=x-OuP_kSyVk
[youtube] Sleeping 1.0 seconds ...
[youtube] x-OuP_kSyVk: Downloading webpage
[youtube] Sleeping 1.0 seconds ...
[youtube] x-OuP_kSyVk: Downloading visionos player API JSON
[youtube] Sleeping 1.0 seconds ...
[youtube] x-OuP_kSyVk: Downloading m3u8 information
[info] x-OuP_kSyVk: Downloading 1 format(s): 251
[info] Downloading video thumbnail 44 ...
[info] Writing video thumbnail 44 to: /Users/marcelbuian/projects/mb/marcel-vibe/Deepium 2026/MarcelVibe/03/Goldcher, Irina Rimes, Manuel Riva - Matahale [Lyric Video] - 2024.webp
[ThumbnailsConvertor] Converting thumbnail "/Users/marcelbuian/projects/mb/marcel-vibe/Deepium 2026/MarcelVibe/03/Goldcher, Irina Rimes, Manuel Riva - Matahale [Lyric Video] - 2024.webp" to jpg
Deleting original file /Users/marcelbuian/projects/mb/marcel-vibe/Deepium 2026/MarcelVibe/03/Goldcher, Irina Rimes, Manuel Riva - Matahale [Lyric Video] - 2024.webp (pass -k to keep)
[download] Sleeping 2.91 seconds ...
[download] Destination: /Users/marcelbuian/projects/mb/marcel-vibe/Deepium 2026/MarcelVibe/03/Goldcher, Irina Rimes, Manuel Riva - Matahale [Lyric Video] - 2024.webm

[download]   0.0% of    3.02MiB at  420.90KiB/s ETA 00:07
[download]   0.1% of    3.02MiB at 1001.03KiB/s ETA 00:03
[download]   0.2% of    3.02MiB at    2.06MiB/s ETA 00:01
[download]   0.5% of    3.02MiB at    4.05MiB/s ETA 00:00
[download]   1.0% of    3.02MiB at    4.78MiB/s ETA 00:00
[download]   2.0% of    3.02MiB at    5.18MiB/s ETA 00:00
[download]   4.1% of    3.02MiB at    7.55MiB/s ETA 00:00
[download]   8.2% of    3.02MiB at   10.86MiB/s ETA 00:00
[download]  16.5% of    3.02MiB at   16.93MiB/s ETA 00:00
[download]  33.1% of    3.02MiB at   24.70MiB/s ETA 00:00
[download]  66.2% of    3.02MiB at   32.46MiB/s ETA 00:00
[download] 100.0% of    3.02MiB at   38.00MiB/s ETA 00:00
[download] 100% of    3.02MiB in 00:00:00 at 25.86MiB/s  
[ExtractAudio] Destination: /Users/marcelbuian/projects/mb/marcel-vibe/Deepium 2026/MarcelVibe/03/Goldcher, Irina Rimes, Manuel Riva - Matahale [Lyric Video] - 2024.mp3
Deleting original file /Users/marcelbuian/projects/mb/marcel-vibe/Deepium 2026/MarcelVibe/03/Goldcher, Irina Rimes, Manuel Riva - Matahale [Lyric Video] - 2024.webm (pass -k to keep)
[Metadata] Adding metadata to "/Users/marcelbuian/projects/mb/marcel-vibe/Deepium 2026/MarcelVibe/03/Goldcher, Irina Rimes, Manuel Riva - Matahale [Lyric Video] - 2024.mp3"
[EmbedThumbnail] ffmpeg: Adding thumbnail to "/Users/marcelbuian/projects/mb/marcel-vibe/Deepium 2026/MarcelVibe/03/Goldcher, Irina Rimes, Manuel Riva - Matahale [Lyric Video] - 2024.mp3"
[youtube] Extracting URL: https://www.youtube.com/watch?v=VGGKZs4iFBg
[youtube] Sleeping 1.0 seconds ...
[youtube] VGGKZs4iFBg: Downloading webpage
[youtube] Sleeping 1.0 seconds ...
[youtube] VGGKZs4iFBg: Downloading visionos player API JSON
[youtube] Sleeping 1.0 seconds ...
[youtube] VGGKZs4iFBg: Downloading m3u8 information
[info] VGGKZs4iFBg: Downloading 1 format(s): 251
[info] Downloading video thumbnail 44 ...
[info] Writing video thumbnail 44 to: /Users/marcelbuian/projects/mb/marcel-vibe/Deepium 2026/MarcelVibe/03/Kings Of Leon - Sex On Fire (Groove Shack Afro House Edit) - 2024.webp
[ThumbnailsConvertor] Converting thumbnail "/Users/marcelbuian/projects/mb/marcel-vibe/Deepium 2026/MarcelVibe/03/Kings Of Leon - Sex On Fire (Groove Shack Afro House Edit) - 2024.webp" to jpg
Deleting original file /Users/marcelbuian/projects/mb/marcel-vibe/Deepium 2026/MarcelVibe/03/Kings Of Leon - Sex On Fire (Groove Shack Afro House Edit) - 2024.webp (pass -k to keep)
[download] Sleeping 2.19 seconds ...
[download] Destination: /Users/marcelbuian/projects/mb/marcel-vibe/Deepium 2026/MarcelVibe/03/Kings Of Leon - Sex On Fire (Groove Shack Afro House Edit) - 2024.webm

[download]   0.0% of    6.38MiB at  511.31KiB/s ETA 00:12
[download]   0.0% of    6.38MiB at    1.07MiB/s ETA 00:05
[download]   0.1% of    6.38MiB at    2.32MiB/s ETA 00:02
[download]   0.2% of    6.38MiB at    4.72MiB/s ETA 00:01
[download]   0.5% of    6.38MiB at    4.68MiB/s ETA 00:01
[download]   1.0% of    6.38MiB at    5.77MiB/s ETA 00:01
[download]   1.9% of    6.38MiB at    7.13MiB/s ETA 00:00
[download]   3.9% of    6.38MiB at   10.02MiB/s ETA 00:00
[download]   7.8% of    6.38MiB at   14.26MiB/s ETA 00:00
[download]  15.7% of    6.38MiB at   14.97MiB/s ETA 00:00
[download]  31.3% of    6.38MiB at   15.14MiB/s ETA 00:00
[download]  62.7% of    6.38MiB at   22.76MiB/s ETA 00:00
[download] 100.0% of    6.38MiB at   11.77MiB/s ETA 00:00
[download] 100% of    6.38MiB in 00:00:00 at 8.67MiB/s   
[ExtractAudio] Destination: /Users/marcelbuian/projects/mb/marcel-vibe/Deepium 2026/MarcelVibe/03/Kings Of Leon - Sex On Fire (Groove Shack Afro House Edit) - 2024.mp3
Deleting original file /Users/marcelbuian/projects/mb/marcel-vibe/Deepium 2026/MarcelVibe/03/Kings Of Leon - Sex On Fire (Groove Shack Afro House Edit) - 2024.webm (pass -k to keep)
[Metadata] Adding metadata to "/Users/marcelbuian/projects/mb/marcel-vibe/Deepium 2026/MarcelVibe/03/Kings Of Leon - Sex On Fire (Groove Shack Afro House Edit) - 2024.mp3"
[EmbedThumbnail] ffmpeg: Adding thumbnail to "/Users/marcelbuian/projects/mb/marcel-vibe/Deepium 2026/MarcelVibe/03/Kings Of Leon - Sex On Fire (Groove Shack Afro House Edit) - 2024.mp3"
[youtube] Extracting URL: https://www.youtube.com/watch?v=r-BhWxHjJuo
[youtube] Sleeping 1.0 seconds ...
[youtube] r-BhWxHjJuo: Downloading webpage
[youtube] Sleeping 1.0 seconds ...
[youtube] r-BhWxHjJuo: Downloading visionos player API JSON
[youtube] Sleeping 1.0 seconds ...
[youtube] r-BhWxHjJuo: Downloading m3u8 information
[info] r-BhWxHjJuo: Downloading 1 format(s): 251
[info] Downloading video thumbnail 44 ...
[info] Writing video thumbnail 44 to: /Users/marcelbuian/projects/mb/marcel-vibe/Deepium 2026/MarcelVibe/03/Tayna - Si Ai (Marshmello & UKAY Remix) - 2024.webp
[ThumbnailsConvertor] Converting thumbnail "/Users/marcelbuian/projects/mb/marcel-vibe/Deepium 2026/MarcelVibe/03/Tayna - Si Ai (Marshmello & UKAY Remix) - 2024.webp" to jpg
Deleting original file /Users/marcelbuian/projects/mb/marcel-vibe/Deepium 2026/MarcelVibe/03/Tayna - Si Ai (Marshmello & UKAY Remix) - 2024.webp (pass -k to keep)
[download] Sleeping 2.17 seconds ...
[download] Destination: /Users/marcelbuian/projects/mb/marcel-vibe/Deepium 2026/MarcelVibe/03/Tayna - Si Ai (Marshmello & UKAY Remix) - 2024.webm

[download]   0.0% of    2.97MiB at  Unknown B/s ETA Unknown
[download]   0.1% of    2.97MiB at  Unknown B/s ETA Unknown
[download]   0.2% of    2.97MiB at  Unknown B/s ETA Unknown
[download]   0.5% of    2.97MiB at  Unknown B/s ETA Unknown
[download]   1.0% of    2.97MiB at    5.83MiB/s ETA 00:00  
[download]   2.1% of    2.97MiB at    6.41MiB/s ETA 00:00
[download]   4.2% of    2.97MiB at    8.76MiB/s ETA 00:00
[download]   8.4% of    2.97MiB at   11.31MiB/s ETA 00:00
[download]  16.8% of    2.97MiB at   17.06MiB/s ETA 00:00
[download]  33.6% of    2.97MiB at   25.06MiB/s ETA 00:00
[download]  67.3% of    2.97MiB at   34.02MiB/s ETA 00:00
[download] 100.0% of    2.97MiB at   36.94MiB/s ETA 00:00
[download] 100% of    2.97MiB in 00:00:00 at 24.99MiB/s  
[ExtractAudio] Destination: /Users/marcelbuian/projects/mb/marcel-vibe/Deepium 2026/MarcelVibe/03/Tayna - Si Ai (Marshmello & UKAY Remix) - 2024.mp3
Deleting original file /Users/marcelbuian/projects/mb/marcel-vibe/Deepium 2026/MarcelVibe/03/Tayna - Si Ai (Marshmello & UKAY Remix) - 2024.webm (pass -k to keep)
[Metadata] Adding metadata to "/Users/marcelbuian/projects/mb/marcel-vibe/Deepium 2026/MarcelVibe/03/Tayna - Si Ai (Marshmello & UKAY Remix) - 2024.mp3"
[EmbedThumbnail] ffmpeg: Adding thumbnail to "/Users/marcelbuian/projects/mb/marcel-vibe/Deepium 2026/MarcelVibe/03/Tayna - Si Ai (Marshmello & UKAY Remix) - 2024.mp3"
[youtube] Extracting URL: https://www.youtube.com/watch?v=VN5sjU_JLN8
[youtube] Sleeping 1.0 seconds ...
[youtube] VN5sjU_JLN8: Downloading webpage
[youtube] Sleeping 1.0 seconds ...
[youtube] VN5sjU_JLN8: Downloading visionos player API JSON
[youtube] Sleeping 1.0 seconds ...
[youtube] VN5sjU_JLN8: Downloading m3u8 information
[info] VN5sjU_JLN8: Downloading 1 format(s): 251
[info] Downloading video thumbnail 44 ...
[info] Writing video thumbnail 44 to: /Users/marcelbuian/projects/mb/marcel-vibe/Deepium 2026/MarcelVibe/03/Tyla - Water (MIndloco Remix) (Extended Mix) (Free Download) - 2024.webp
[ThumbnailsConvertor] Converting thumbnail "/Users/marcelbuian/projects/mb/marcel-vibe/Deepium 2026/MarcelVibe/03/Tyla - Water (MIndloco Remix) (Extended Mix) (Free Download) - 2024.webp" to jpg
Deleting original file /Users/marcelbuian/projects/mb/marcel-vibe/Deepium 2026/MarcelVibe/03/Tyla - Water (MIndloco Remix) (Extended Mix) (Free Download) - 2024.webp (pass -k to keep)
[download] Sleeping 1.76 seconds ...
[download] Destination: /Users/marcelbuian/projects/mb/marcel-vibe/Deepium 2026/MarcelVibe/03/Tyla - Water (MIndloco Remix) (Extended Mix) (Free Download) - 2024.webm

[download]   0.0% of    5.88MiB at  Unknown B/s ETA Unknown
[download]   0.0% of    5.88MiB at    2.79MiB/s ETA 00:02  
[download]   0.1% of    5.88MiB at    5.18MiB/s ETA 00:01
[download]   0.2% of    5.88MiB at    9.49MiB/s ETA 00:00
[download]   0.5% of    5.88MiB at    7.21MiB/s ETA 00:00
[download]   1.0% of    5.88MiB at    6.45MiB/s ETA 00:00
[download]   2.1% of    5.88MiB at    7.72MiB/s ETA 00:00
[download]   4.2% of    5.88MiB at   10.98MiB/s ETA 00:00
[download]   8.5% of    5.88MiB at   16.47MiB/s ETA 00:00
[download]  17.0% of    5.88MiB at   16.96MiB/s ETA 00:00
[download]  34.0% of    5.88MiB at   18.55MiB/s ETA 00:00
[download]  68.0% of    5.88MiB at   23.41MiB/s ETA 00:00
[download] 100.0% of    5.88MiB at   19.39MiB/s ETA 00:00
[download] 100% of    5.88MiB in 00:00:00 at 11.87MiB/s  
[ExtractAudio] Destination: /Users/marcelbuian/projects/mb/marcel-vibe/Deepium 2026/MarcelVibe/03/Tyla - Water (MIndloco Remix) (Extended Mix) (Free Download) - 2024.mp3
Deleting original file /Users/marcelbuian/projects/mb/marcel-vibe/Deepium 2026/MarcelVibe/03/Tyla - Water (MIndloco Remix) (Extended Mix) (Free Download) - 2024.webm (pass -k to keep)
[Metadata] Adding metadata to "/Users/marcelbuian/projects/mb/marcel-vibe/Deepium 2026/MarcelVibe/03/Tyla - Water (MIndloco Remix) (Extended Mix) (Free Download) - 2024.mp3"
[EmbedThumbnail] ffmpeg: Adding thumbnail to "/Users/marcelbuian/projects/mb/marcel-vibe/Deepium 2026/MarcelVibe/03/Tyla - Water (MIndloco Remix) (Extended Mix) (Free Download) - 2024.mp3"
[youtube] Extracting URL: https://www.youtube.com/watch?v=KcLM1AH3Gok
[youtube] Sleeping 1.0 seconds ...
[youtube] KcLM1AH3Gok: Downloading webpage
[youtube] Sleeping 1.0 seconds ...
[youtube] KcLM1AH3Gok: Downloading visionos player API JSON
[youtube] Sleeping 1.0 seconds ...
[youtube] KcLM1AH3Gok: Downloading m3u8 information
[info] KcLM1AH3Gok: Downloading 1 format(s): 251
[info] Downloading video thumbnail 44 ...
[info] Writing video thumbnail 44 to: /Users/marcelbuian/projects/mb/marcel-vibe/Deepium 2026/MarcelVibe/03/Zee Essential & Bun Xapa - Ibala (ft. Toshi) - 2023.webp
[ThumbnailsConvertor] Converting thumbnail "/Users/marcelbuian/projects/mb/marcel-vibe/Deepium 2026/MarcelVibe/03/Zee Essential & Bun Xapa - Ibala (ft. Toshi) - 2023.webp" to jpg
Deleting original file /Users/marcelbuian/projects/mb/marcel-vibe/Deepium 2026/MarcelVibe/03/Zee Essential & Bun Xapa - Ibala (ft. Toshi) - 2023.webp (pass -k to keep)
[download] Sleeping 2.78 seconds ...
[download] Destination: /Users/marcelbuian/projects/mb/marcel-vibe/Deepium 2026/MarcelVibe/03/Zee Essential & Bun Xapa - Ibala (ft. Toshi) - 2023.webm

[download]   0.0% of    7.30MiB at  459.15KiB/s ETA 00:16
[download]   0.0% of    7.30MiB at    1.24MiB/s ETA 00:05
[download]   0.1% of    7.30MiB at    2.79MiB/s ETA 00:02
[download]   0.2% of    7.30MiB at    5.78MiB/s ETA 00:01
[download]   0.4% of    7.30MiB at    4.27MiB/s ETA 00:01
[download]   0.8% of    7.30MiB at    4.95MiB/s ETA 00:01
[download]   1.7% of    7.30MiB at    7.34MiB/s ETA 00:00
[download]   3.4% of    7.30MiB at    9.29MiB/s ETA 00:00
[download]   6.8% of    7.30MiB at   14.11MiB/s ETA 00:00
[download]  13.7% of    7.30MiB at   14.77MiB/s ETA 00:00
[download]  27.4% of    7.30MiB at   14.86MiB/s ETA 00:00
[download]  54.8% of    7.30MiB at   22.86MiB/s ETA 00:00
[download] 100.0% of    7.30MiB at   12.10MiB/s ETA 00:00
[download] 100% of    7.30MiB in 00:00:00 at 9.14MiB/s   
[ExtractAudio] Destination: /Users/marcelbuian/projects/mb/marcel-vibe/Deepium 2026/MarcelVibe/03/Zee Essential & Bun Xapa - Ibala (ft. Toshi) - 2023.mp3
Deleting original file /Users/marcelbuian/projects/mb/marcel-vibe/Deepium 2026/MarcelVibe/03/Zee Essential & Bun Xapa - Ibala (ft. Toshi) - 2023.webm (pass -k to keep)
[Metadata] Adding metadata to "/Users/marcelbuian/projects/mb/marcel-vibe/Deepium 2026/MarcelVibe/03/Zee Essential & Bun Xapa - Ibala (ft. Toshi) - 2023.mp3"
[EmbedThumbnail] ffmpeg: Adding thumbnail to "/Users/marcelbuian/projects/mb/marcel-vibe/Deepium 2026/MarcelVibe/03/Zee Essential & Bun Xapa - Ibala (ft. Toshi) - 2023.mp3"
[youtube] Extracting URL: https://www.youtube.com/watch?v=PHocSPqp2Sk
[youtube] Sleeping 1.0 seconds ...
[youtube] PHocSPqp2Sk: Downloading webpage
[youtube] Sleeping 1.0 seconds ...
[youtube] PHocSPqp2Sk: Downloading visionos player API JSON
[youtube] Sleeping 1.0 seconds ...
[youtube] PHocSPqp2Sk: Downloading m3u8 information
[info] PHocSPqp2Sk: Downloading 1 format(s): 251
[info] Downloading video thumbnail 44 ...
[info] Writing video thumbnail 44 to: /Users/marcelbuian/projects/mb/marcel-vibe/Deepium 2026/MarcelVibe/03/Super Flu -  Believe (Extended Mix) - 2024.webp
[ThumbnailsConvertor] Converting thumbnail "/Users/marcelbuian/projects/mb/marcel-vibe/Deepium 2026/MarcelVibe/03/Super Flu -  Believe (Extended Mix) - 2024.webp" to jpg
Deleting original file /Users/marcelbuian/projects/mb/marcel-vibe/Deepium 2026/MarcelVibe/03/Super Flu -  Believe (Extended Mix) - 2024.webp (pass -k to keep)
[download] Sleeping 1.52 seconds ...
[download] Destination: /Users/marcelbuian/projects/mb/marcel-vibe/Deepium 2026/MarcelVibe/03/Super Flu -  Believe (Extended Mix) - 2024.webm

[download]   0.0% of    7.13MiB at  499.50KiB/s ETA 00:14
[download]   0.0% of    7.13MiB at    1.07MiB/s ETA 00:06
[download]   0.1% of    7.13MiB at    2.19MiB/s ETA 00:03
[download]   0.2% of    7.13MiB at    4.26MiB/s ETA 00:01
[download]   0.4% of    7.13MiB at    2.39MiB/s ETA 00:02
[download]   0.9% of    7.13MiB at    2.04MiB/s ETA 00:03
[download]   1.7% of    7.13MiB at    2.65MiB/s ETA 00:02
[download]   3.5% of    7.13MiB at    4.22MiB/s ETA 00:01
[download]   7.0% of    7.13MiB at    3.93MiB/s ETA 00:01
[download]  14.0% of    7.13MiB at    2.39MiB/s ETA 00:02
[download]  28.0% of    7.13MiB at    1.02MiB/s ETA 00:05
[download]  37.2% of    7.13MiB at  895.82KiB/s ETA 00:05
[download]  45.7% of    7.13MiB at  903.39KiB/s ETA 00:04
[download]  58.5% of    7.13MiB at  825.64KiB/s ETA 00:03
[download]  67.2% of    7.13MiB at  725.00KiB/s ETA 00:03
[download]  72.6% of    7.13MiB at  709.26KiB/s ETA 00:02
[download]  80.3% of    7.13MiB at  704.67KiB/s ETA 00:02
[download]  89.4% of    7.13MiB at  684.82KiB/s ETA 00:01
[download]  96.9% of    7.13MiB at  698.34KiB/s ETA 00:00
[download] 100.0% of    7.13MiB at  702.59KiB/s ETA 00:00
[download] 100% of    7.13MiB in 00:00:10 at 697.71KiB/s 
[ExtractAudio] Destination: /Users/marcelbuian/projects/mb/marcel-vibe/Deepium 2026/MarcelVibe/03/Super Flu -  Believe (Extended Mix) - 2024.mp3
Deleting original file /Users/marcelbuian/projects/mb/marcel-vibe/Deepium 2026/MarcelVibe/03/Super Flu -  Believe (Extended Mix) - 2024.webm (pass -k to keep)
[Metadata] Adding metadata to "/Users/marcelbuian/projects/mb/marcel-vibe/Deepium 2026/MarcelVibe/03/Super Flu -  Believe (Extended Mix) - 2024.mp3"
[EmbedThumbnail] ffmpeg: Adding thumbnail to "/Users/marcelbuian/projects/mb/marcel-vibe/Deepium 2026/MarcelVibe/03/Super Flu -  Believe (Extended Mix) - 2024.mp3"
[youtube] Extracting URL: https://www.youtube.com/watch?v=ens0Lr96cX4
[youtube] Sleeping 1.0 seconds ...
[youtube] ens0Lr96cX4: Downloading webpage
[youtube] Sleeping 1.0 seconds ...
[youtube] ens0Lr96cX4: Downloading visionos player API JSON
[youtube] Sleeping 1.0 seconds ...
[youtube] ens0Lr96cX4: Downloading m3u8 information
[info] ens0Lr96cX4: Downloading 1 format(s): 251
[info] Downloading video thumbnail 44 ...
[info] Writing video thumbnail 44 to: /Users/marcelbuian/projects/mb/marcel-vibe/Deepium 2026/MarcelVibe/03/Tabia, Maz (BR), MAXI MERAKI, APACHE (FR) - Nothing On Me, Baby (Mont Rouge & Moojo Edit) - 2023.webp
[ThumbnailsConvertor] Converting thumbnail "/Users/marcelbuian/projects/mb/marcel-vibe/Deepium 2026/MarcelVibe/03/Tabia, Maz (BR), MAXI MERAKI, APACHE (FR) - Nothing On Me, Baby (Mont Rouge & Moojo Edit) - 2023.webp" to jpg
Deleting original file /Users/marcelbuian/projects/mb/marcel-vibe/Deepium 2026/MarcelVibe/03/Tabia, Maz (BR), MAXI MERAKI, APACHE (FR) - Nothing On Me, Baby (Mont Rouge & Moojo Edit) - 2023.webp (pass -k to keep)
[download] Sleeping 1.05 seconds ...
[download] Destination: /Users/marcelbuian/projects/mb/marcel-vibe/Deepium 2026/MarcelVibe/03/Tabia, Maz (BR), MAXI MERAKI, APACHE (FR) - Nothing On Me, Baby (Mont Rouge & Moojo Edit) - 2023.webm

[download]   0.0% of    7.14MiB at  333.68KiB/s ETA 00:22
[download]   0.0% of    7.14MiB at  919.74KiB/s ETA 00:07
[download]   0.1% of    7.14MiB at    2.02MiB/s ETA 00:03
[download]   0.2% of    7.14MiB at    4.18MiB/s ETA 00:01
[download]   0.4% of    7.14MiB at    4.41MiB/s ETA 00:01
[download]   0.9% of    7.14MiB at    4.98MiB/s ETA 00:01
[download]   1.7% of    7.14MiB at    6.65MiB/s ETA 00:01
[download]   3.5% of    7.14MiB at    9.98MiB/s ETA 00:00
[download]   7.0% of    7.14MiB at   14.83MiB/s ETA 00:00
[download]  14.0% of    7.14MiB at   22.79MiB/s ETA 00:00
[download]  28.0% of    7.14MiB at   31.05MiB/s ETA 00:00
[download]  56.0% of    7.14MiB at   17.71MiB/s ETA 00:00
[download] 100.0% of    7.14MiB at   24.97MiB/s ETA 00:00
[download] 100% of    7.14MiB in 00:00:00 at 20.62MiB/s  
[ExtractAudio] Destination: /Users/marcelbuian/projects/mb/marcel-vibe/Deepium 2026/MarcelVibe/03/Tabia, Maz (BR), MAXI MERAKI, APACHE (FR) - Nothing On Me, Baby (Mont Rouge & Moojo Edit) - 2023.mp3
Deleting original file /Users/marcelbuian/projects/mb/marcel-vibe/Deepium 2026/MarcelVibe/03/Tabia, Maz (BR), MAXI MERAKI, APACHE (FR) - Nothing On Me, Baby (Mont Rouge & Moojo Edit) - 2023.webm (pass -k to keep)
[Metadata] Adding metadata to "/Users/marcelbuian/projects/mb/marcel-vibe/Deepium 2026/MarcelVibe/03/Tabia, Maz (BR), MAXI MERAKI, APACHE (FR) - Nothing On Me, Baby (Mont Rouge & Moojo Edit) - 2023.mp3"
[EmbedThumbnail] ffmpeg: Adding thumbnail to "/Users/marcelbuian/projects/mb/marcel-vibe/Deepium 2026/MarcelVibe/03/Tabia, Maz (BR), MAXI MERAKI, APACHE (FR) - Nothing On Me, Baby (Mont Rouge & Moojo Edit) - 2023.mp3"
[youtube] Extracting URL: https://www.youtube.com/watch?v=gqozVLqrb_M
[youtube] Sleeping 1.0 seconds ...
[youtube] gqozVLqrb_M: Downloading webpage
[youtube] Sleeping 1.0 seconds ...
[youtube] gqozVLqrb_M: Downloading visionos player API JSON
[youtube] Sleeping 1.0 seconds ...
[youtube] gqozVLqrb_M: Downloading m3u8 information
[info] gqozVLqrb_M: Downloading 1 format(s): 251
[info] Downloading video thumbnail 44 ...
[info] Writing video thumbnail 44 to: /Users/marcelbuian/projects/mb/marcel-vibe/Deepium 2026/MarcelVibe/03/David Ciente x Irina Rimes ft  Surorile Osoianu - Ielele  Extended( Lyrics in Description) - 2023.webp
[ThumbnailsConvertor] Converting thumbnail "/Users/marcelbuian/projects/mb/marcel-vibe/Deepium 2026/MarcelVibe/03/David Ciente x Irina Rimes ft  Surorile Osoianu - Ielele  Extended( Lyrics in Description) - 2023.webp" to jpg
Deleting original file /Users/marcelbuian/projects/mb/marcel-vibe/Deepium 2026/MarcelVibe/03/David Ciente x Irina Rimes ft  Surorile Osoianu - Ielele  Extended( Lyrics in Description) - 2023.webp (pass -k to keep)
[download] Sleeping 2.79 seconds ...
[download] Destination: /Users/marcelbuian/projects/mb/marcel-vibe/Deepium 2026/MarcelVibe/03/David Ciente x Irina Rimes ft  Surorile Osoianu - Ielele  Extended( Lyrics in Description) - 2023.webm

[download]   0.0% of    4.00MiB at  452.26KiB/s ETA 00:09
[download]   0.1% of    4.00MiB at    1.11MiB/s ETA 00:03
[download]   0.2% of    4.00MiB at    2.38MiB/s ETA 00:01
[download]   0.4% of    4.00MiB at    4.80MiB/s ETA 00:00
[download]   0.8% of    4.00MiB at    4.68MiB/s ETA 00:00
[download]   1.5% of    4.00MiB at    5.55MiB/s ETA 00:00
[download]   3.1% of    4.00MiB at    2.72MiB/s ETA 00:01
[download]   6.2% of    4.00MiB at    2.84MiB/s ETA 00:01
[download]  12.5% of    4.00MiB at    3.89MiB/s ETA 00:00
[download]  24.9% of    4.00MiB at    5.85MiB/s ETA 00:00
[download]  49.9% of    4.00MiB at    8.45MiB/s ETA 00:00
[download]  99.9% of    4.00MiB at   14.28MiB/s ETA 00:00
[download] 100.0% of    4.00MiB at    9.93MiB/s ETA 00:00
[download] 100% of    4.00MiB in 00:00:00 at 5.19MiB/s   
[ExtractAudio] Destination: /Users/marcelbuian/projects/mb/marcel-vibe/Deepium 2026/MarcelVibe/03/David Ciente x Irina Rimes ft  Surorile Osoianu - Ielele  Extended( Lyrics in Description) - 2023.mp3
Deleting original file /Users/marcelbuian/projects/mb/marcel-vibe/Deepium 2026/MarcelVibe/03/David Ciente x Irina Rimes ft  Surorile Osoianu - Ielele  Extended( Lyrics in Description) - 2023.webm (pass -k to keep)
[Metadata] Adding metadata to "/Users/marcelbuian/projects/mb/marcel-vibe/Deepium 2026/MarcelVibe/03/David Ciente x Irina Rimes ft  Surorile Osoianu - Ielele  Extended( Lyrics in Description) - 2023.mp3"
[EmbedThumbnail] ffmpeg: Adding thumbnail to "/Users/marcelbuian/projects/mb/marcel-vibe/Deepium 2026/MarcelVibe/03/David Ciente x Irina Rimes ft  Surorile Osoianu - Ielele  Extended( Lyrics in Description) - 2023.mp3"
[youtube] Extracting URL: https://www.youtube.com/watch?v=z3gtFd3_N0E
[youtube] Sleeping 1.0 seconds ...
[youtube] z3gtFd3_N0E: Downloading webpage
[youtube] Sleeping 1.0 seconds ...
[youtube] z3gtFd3_N0E: Downloading visionos player API JSON
[youtube] Sleeping 1.0 seconds ...
[youtube] z3gtFd3_N0E: Downloading m3u8 information
[info] z3gtFd3_N0E: Downloading 1 format(s): 251
[info] Downloading video thumbnail 44 ...
[info] Writing video thumbnail 44 to: /Users/marcelbuian/projects/mb/marcel-vibe/Deepium 2026/MarcelVibe/03/Kelis - Milkshake 20 [Alex Wann Extended Remix] - 2024.webp
[ThumbnailsConvertor] Converting thumbnail "/Users/marcelbuian/projects/mb/marcel-vibe/Deepium 2026/MarcelVibe/03/Kelis - Milkshake 20 [Alex Wann Extended Remix] - 2024.webp" to jpg
Deleting original file /Users/marcelbuian/projects/mb/marcel-vibe/Deepium 2026/MarcelVibe/03/Kelis - Milkshake 20 [Alex Wann Extended Remix] - 2024.webp (pass -k to keep)
[download] Sleeping 1.94 seconds ...
[download] Destination: /Users/marcelbuian/projects/mb/marcel-vibe/Deepium 2026/MarcelVibe/03/Kelis - Milkshake 20 [Alex Wann Extended Remix] - 2024.webm

[download]   0.0% of    6.19MiB at  Unknown B/s ETA Unknown
[download]   0.0% of    6.19MiB at    2.30MiB/s ETA 00:02  
[download]   0.1% of    6.19MiB at    4.69MiB/s ETA 00:01
[download]   0.2% of    6.19MiB at    8.97MiB/s ETA 00:00
[download]   0.5% of    6.19MiB at   16.65MiB/s ETA 00:00
[download]   1.0% of    6.19MiB at   16.35MiB/s ETA 00:00
[download]   2.0% of    6.19MiB at   18.71MiB/s ETA 00:00
[download]   4.0% of    6.19MiB at   16.93MiB/s ETA 00:00
[download]   8.1% of    6.19MiB at   14.63MiB/s ETA 00:00
[download]  16.1% of    6.19MiB at   15.75MiB/s ETA 00:00
[download]  32.3% of    6.19MiB at   15.00MiB/s ETA 00:00
[download]  64.6% of    6.19MiB at   12.58MiB/s ETA 00:00
[download] 100.0% of    6.19MiB at   14.87MiB/s ETA 00:00
[download] 100% of    6.19MiB in 00:00:00 at 11.21MiB/s  
[ExtractAudio] Destination: /Users/marcelbuian/projects/mb/marcel-vibe/Deepium 2026/MarcelVibe/03/Kelis - Milkshake 20 [Alex Wann Extended Remix] - 2024.mp3
Deleting original file /Users/marcelbuian/projects/mb/marcel-vibe/Deepium 2026/MarcelVibe/03/Kelis - Milkshake 20 [Alex Wann Extended Remix] - 2024.webm (pass -k to keep)
[Metadata] Adding metadata to "/Users/marcelbuian/projects/mb/marcel-vibe/Deepium 2026/MarcelVibe/03/Kelis - Milkshake 20 [Alex Wann Extended Remix] - 2024.mp3"
[EmbedThumbnail] ffmpeg: Adding thumbnail to "/Users/marcelbuian/projects/mb/marcel-vibe/Deepium 2026/MarcelVibe/03/Kelis - Milkshake 20 [Alex Wann Extended Remix] - 2024.mp3"
[youtube] Extracting URL: https://www.youtube.com/watch?v=qUuh3tuY5W4
[youtube] Sleeping 1.0 seconds ...
[youtube] qUuh3tuY5W4: Downloading webpage
[youtube] Sleeping 1.0 seconds ...
[youtube] qUuh3tuY5W4: Downloading visionos player API JSON
[youtube] Sleeping 1.0 seconds ...
[youtube] qUuh3tuY5W4: Downloading m3u8 information
[info] qUuh3tuY5W4: Downloading 1 format(s): 251
[info] Downloading video thumbnail 41 ...
[info] Writing video thumbnail 41 to: /Users/marcelbuian/projects/mb/marcel-vibe/Deepium 2026/MarcelVibe/03/Shouse - Love Tonight (Vintage Culture & Kiko Franco Remix) - Eren Percussion Edit - 2021.webp
[ThumbnailsConvertor] Converting thumbnail "/Users/marcelbuian/projects/mb/marcel-vibe/Deepium 2026/MarcelVibe/03/Shouse - Love Tonight (Vintage Culture & Kiko Franco Remix) - Eren Percussion Edit - 2021.webp" to jpg
Deleting original file /Users/marcelbuian/projects/mb/marcel-vibe/Deepium 2026/MarcelVibe/03/Shouse - Love Tonight (Vintage Culture & Kiko Franco Remix) - Eren Percussion Edit - 2021.webp (pass -k to keep)
[download] Sleeping 1.85 seconds ...
[download] Destination: /Users/marcelbuian/projects/mb/marcel-vibe/Deepium 2026/MarcelVibe/03/Shouse - Love Tonight (Vintage Culture & Kiko Franco Remix) - Eren Percussion Edit - 2021.webm

[download]   0.0% of    3.93MiB at  461.67KiB/s ETA 00:08
[download]   0.1% of    3.93MiB at    1.16MiB/s ETA 00:03
[download]   0.2% of    3.93MiB at    2.42MiB/s ETA 00:01
[download]   0.4% of    3.93MiB at    4.74MiB/s ETA 00:00
[download]   0.8% of    3.93MiB at    3.93MiB/s ETA 00:00
[download]   1.6% of    3.93MiB at    4.79MiB/s ETA 00:00
[download]   3.2% of    3.93MiB at    2.80MiB/s ETA 00:01
[download]   6.3% of    3.93MiB at    3.04MiB/s ETA 00:01
[download]  12.7% of    3.93MiB at    4.13MiB/s ETA 00:00
[download]  25.4% of    3.93MiB at    6.26MiB/s ETA 00:00
[download]  50.9% of    3.93MiB at    8.86MiB/s ETA 00:00
[download] 100.0% of    3.93MiB at    9.55MiB/s ETA 00:00
[download] 100% of    3.93MiB in 00:00:00 at 6.52MiB/s   
[ExtractAudio] Destination: /Users/marcelbuian/projects/mb/marcel-vibe/Deepium 2026/MarcelVibe/03/Shouse - Love Tonight (Vintage Culture & Kiko Franco Remix) - Eren Percussion Edit - 2021.mp3
Deleting original file /Users/marcelbuian/projects/mb/marcel-vibe/Deepium 2026/MarcelVibe/03/Shouse - Love Tonight (Vintage Culture & Kiko Franco Remix) - Eren Percussion Edit - 2021.webm (pass -k to keep)
[Metadata] Adding metadata to "/Users/marcelbuian/projects/mb/marcel-vibe/Deepium 2026/MarcelVibe/03/Shouse - Love Tonight (Vintage Culture & Kiko Franco Remix) - Eren Percussion Edit - 2021.mp3"
[EmbedThumbnail] ffmpeg: Adding thumbnail to "/Users/marcelbuian/projects/mb/marcel-vibe/Deepium 2026/MarcelVibe/03/Shouse - Love Tonight (Vintage Culture & Kiko Franco Remix) - Eren Percussion Edit - 2021.mp3"
Reading URLs from STDIN - EOF (Ctrl+D) to end:

===== 04 (#04 - 2025-05-24 Trebujeni, Moldova) 14:35:42
[youtube] Extracting URL: https://www.youtube.com/watch?v=h1AG2X2ufG8
[youtube] h1AG2X2ufG8: Downloading webpage
[youtube] Sleeping 1.0 seconds ...
[youtube] h1AG2X2ufG8: Downloading visionos player API JSON
[youtube] Sleeping 1.0 seconds ...
[youtube] h1AG2X2ufG8: Downloading m3u8 information
[info] h1AG2X2ufG8: Downloading 1 format(s): 251
[info] Downloading video thumbnail 41 ...
[info] Writing video thumbnail 41 to: /Users/marcelbuian/projects/mb/marcel-vibe/Deepium 2026/MarcelVibe/04/Ezequiel Arias, Sebastian Sellares - Infinity (Mixed) - 2024.webp
[ThumbnailsConvertor] Converting thumbnail "/Users/marcelbuian/projects/mb/marcel-vibe/Deepium 2026/MarcelVibe/04/Ezequiel Arias, Sebastian Sellares - Infinity (Mixed) - 2024.webp" to jpg
Deleting original file /Users/marcelbuian/projects/mb/marcel-vibe/Deepium 2026/MarcelVibe/04/Ezequiel Arias, Sebastian Sellares - Infinity (Mixed) - 2024.webp (pass -k to keep)
[download] Sleeping 1.17 seconds ...
[download] Destination: /Users/marcelbuian/projects/mb/marcel-vibe/Deepium 2026/MarcelVibe/04/Ezequiel Arias, Sebastian Sellares - Infinity (Mixed) - 2024.webm

[download]   0.0% of    4.42MiB at  483.60KiB/s ETA 00:09
[download]   0.1% of    4.42MiB at    1.08MiB/s ETA 00:04
[download]   0.2% of    4.42MiB at    2.24MiB/s ETA 00:01
[download]   0.3% of    4.42MiB at    4.37MiB/s ETA 00:01
[download]   0.7% of    4.42MiB at    4.71MiB/s ETA 00:00
[download]   1.4% of    4.42MiB at    4.72MiB/s ETA 00:00
[download]   2.8% of    4.42MiB at    6.90MiB/s ETA 00:00
[download]   5.6% of    4.42MiB at   10.52MiB/s ETA 00:00
[download]  11.3% of    4.42MiB at   14.92MiB/s ETA 00:00
[download]  22.6% of    4.42MiB at   14.86MiB/s ETA 00:00
[download]  45.2% of    4.42MiB at    6.12MiB/s ETA 00:00
[download]  90.4% of    4.42MiB at    7.31MiB/s ETA 00:00
[download] 100.0% of    4.42MiB at    7.90MiB/s ETA 00:00
[download] 100% of    4.42MiB in 00:00:00 at 6.19MiB/s   
[ExtractAudio] Destination: /Users/marcelbuian/projects/mb/marcel-vibe/Deepium 2026/MarcelVibe/04/Ezequiel Arias, Sebastian Sellares - Infinity (Mixed) - 2024.mp3
Deleting original file /Users/marcelbuian/projects/mb/marcel-vibe/Deepium 2026/MarcelVibe/04/Ezequiel Arias, Sebastian Sellares - Infinity (Mixed) - 2024.webm (pass -k to keep)
[Metadata] Adding metadata to "/Users/marcelbuian/projects/mb/marcel-vibe/Deepium 2026/MarcelVibe/04/Ezequiel Arias, Sebastian Sellares - Infinity (Mixed) - 2024.mp3"
[EmbedThumbnail] ffmpeg: Adding thumbnail to "/Users/marcelbuian/projects/mb/marcel-vibe/Deepium 2026/MarcelVibe/04/Ezequiel Arias, Sebastian Sellares - Infinity (Mixed) - 2024.mp3"
[youtube] Extracting URL: https://www.youtube.com/watch?v=gAKeK3Hmim8
[youtube] Sleeping 1.0 seconds ...
[youtube] gAKeK3Hmim8: Downloading webpage
[youtube] Sleeping 1.0 seconds ...
[youtube] gAKeK3Hmim8: Downloading visionos player API JSON
[youtube] Sleeping 1.0 seconds ...
[youtube] gAKeK3Hmim8: Downloading m3u8 information
[info] gAKeK3Hmim8: Downloading 1 format(s): 251
[info] Downloading video thumbnail 41 ...
[info] Writing video thumbnail 41 to: /Users/marcelbuian/projects/mb/marcel-vibe/Deepium 2026/MarcelVibe/04/Ric Niels - Ikigai (Original Mix) [The Soundgarden] - 2022.webp
[ThumbnailsConvertor] Converting thumbnail "/Users/marcelbuian/projects/mb/marcel-vibe/Deepium 2026/MarcelVibe/04/Ric Niels - Ikigai (Original Mix) [The Soundgarden] - 2022.webp" to jpg
Deleting original file /Users/marcelbuian/projects/mb/marcel-vibe/Deepium 2026/MarcelVibe/04/Ric Niels - Ikigai (Original Mix) [The Soundgarden] - 2022.webp (pass -k to keep)
[download] Sleeping 1.13 seconds ...
[download] Destination: /Users/marcelbuian/projects/mb/marcel-vibe/Deepium 2026/MarcelVibe/04/Ric Niels - Ikigai (Original Mix) [The Soundgarden] - 2022.webm

[download]   0.0% of    7.78MiB at  445.49KiB/s ETA 00:18
[download]   0.0% of    7.78MiB at    1.10MiB/s ETA 00:07
[download]   0.1% of    7.78MiB at    2.38MiB/s ETA 00:03
[download]   0.2% of    7.78MiB at    4.80MiB/s ETA 00:01
[download]   0.4% of    7.78MiB at    4.48MiB/s ETA 00:01
[download]   0.8% of    7.78MiB at    4.86MiB/s ETA 00:01
[download]   1.6% of    7.78MiB at    7.80MiB/s ETA 00:00
[download]   3.2% of    7.78MiB at   10.30MiB/s ETA 00:00
[download]   6.4% of    7.78MiB at   15.37MiB/s ETA 00:00
[download]  12.8% of    7.78MiB at   22.29MiB/s ETA 00:00
[download]  25.7% of    7.78MiB at   32.05MiB/s ETA 00:00
[download]  51.4% of    7.78MiB at   10.58MiB/s ETA 00:00
[download] 100.0% of    7.78MiB at    6.14MiB/s ETA 00:00
[download] 100% of    7.78MiB in 00:00:01 at 4.98MiB/s   
[ExtractAudio] Destination: /Users/marcelbuian/projects/mb/marcel-vibe/Deepium 2026/MarcelVibe/04/Ric Niels - Ikigai (Original Mix) [The Soundgarden] - 2022.mp3
Deleting original file /Users/marcelbuian/projects/mb/marcel-vibe/Deepium 2026/MarcelVibe/04/Ric Niels - Ikigai (Original Mix) [The Soundgarden] - 2022.webm (pass -k to keep)
[Metadata] Adding metadata to "/Users/marcelbuian/projects/mb/marcel-vibe/Deepium 2026/MarcelVibe/04/Ric Niels - Ikigai (Original Mix) [The Soundgarden] - 2022.mp3"
[EmbedThumbnail] ffmpeg: Adding thumbnail to "/Users/marcelbuian/projects/mb/marcel-vibe/Deepium 2026/MarcelVibe/04/Ric Niels - Ikigai (Original Mix) [The Soundgarden] - 2022.mp3"
[youtube] Extracting URL: https://www.youtube.com/watch?v=i21JJKkOHYk
[youtube] Sleeping 1.0 seconds ...
[youtube] i21JJKkOHYk: Downloading webpage
[youtube] Sleeping 1.0 seconds ...
[youtube] i21JJKkOHYk: Downloading visionos player API JSON
[youtube] Sleeping 1.0 seconds ...
[youtube] i21JJKkOHYk: Downloading m3u8 information
[info] i21JJKkOHYk: Downloading 1 format(s): 251
[info] Downloading video thumbnail 44 ...
[info] Writing video thumbnail 44 to: /Users/marcelbuian/projects/mb/marcel-vibe/Deepium 2026/MarcelVibe/04/Rafa Polo — The Sands - 2025.webp
[ThumbnailsConvertor] Converting thumbnail "/Users/marcelbuian/projects/mb/marcel-vibe/Deepium 2026/MarcelVibe/04/Rafa Polo — The Sands - 2025.webp" to jpg
Deleting original file /Users/marcelbuian/projects/mb/marcel-vibe/Deepium 2026/MarcelVibe/04/Rafa Polo — The Sands - 2025.webp (pass -k to keep)
[download] Sleeping 2.33 seconds ...
[download] Destination: /Users/marcelbuian/projects/mb/marcel-vibe/Deepium 2026/MarcelVibe/04/Rafa Polo — The Sands - 2025.webm

[download]   0.0% of    5.81MiB at  Unknown B/s ETA Unknown
[download]   0.1% of    5.81MiB at    2.24MiB/s ETA 00:02  
[download]   0.1% of    5.81MiB at    4.37MiB/s ETA 00:01
[download]   0.3% of    5.81MiB at    8.12MiB/s ETA 00:00
[download]   0.5% of    5.81MiB at   14.76MiB/s ETA 00:00
[download]   1.1% of    5.81MiB at   26.41MiB/s ETA 00:00
[download]   2.1% of    5.81MiB at   43.98MiB/s ETA 00:00
[download]   4.3% of    5.81MiB at   44.29MiB/s ETA 00:00
[download]   8.6% of    5.81MiB at   52.89MiB/s ETA 00:00
[download]  17.2% of    5.81MiB at   51.53MiB/s ETA 00:00
[download]  34.4% of    5.81MiB at   49.59MiB/s ETA 00:00
[download]  68.8% of    5.81MiB at   40.21MiB/s ETA 00:00
[download] 100.0% of    5.81MiB at   11.73MiB/s ETA 00:00
[download] 100% of    5.81MiB in 00:00:00 at 10.81MiB/s  
[ExtractAudio] Destination: /Users/marcelbuian/projects/mb/marcel-vibe/Deepium 2026/MarcelVibe/04/Rafa Polo — The Sands - 2025.mp3
Deleting original file /Users/marcelbuian/projects/mb/marcel-vibe/Deepium 2026/MarcelVibe/04/Rafa Polo — The Sands - 2025.webm (pass -k to keep)
[Metadata] Adding metadata to "/Users/marcelbuian/projects/mb/marcel-vibe/Deepium 2026/MarcelVibe/04/Rafa Polo — The Sands - 2025.mp3"
[EmbedThumbnail] ffmpeg: Adding thumbnail to "/Users/marcelbuian/projects/mb/marcel-vibe/Deepium 2026/MarcelVibe/04/Rafa Polo — The Sands - 2025.mp3"
[youtube] Extracting URL: https://www.youtube.com/watch?v=Jw2CziMZmuo
[youtube] Sleeping 1.0 seconds ...
[youtube] Jw2CziMZmuo: Downloading webpage
[youtube] Sleeping 1.0 seconds ...
[youtube] Jw2CziMZmuo: Downloading visionos player API JSON
[youtube] Sleeping 1.0 seconds ...
[youtube] Jw2CziMZmuo: Downloading m3u8 information
[info] Jw2CziMZmuo: Downloading 1 format(s): 251
[info] Downloading video thumbnail 44 ...
[info] Writing video thumbnail 44 to: /Users/marcelbuian/projects/mb/marcel-vibe/Deepium 2026/MarcelVibe/04/Grance (BR), Soulmac - Happy Incident (Ale Russo Remix) - 2024.webp
[ThumbnailsConvertor] Converting thumbnail "/Users/marcelbuian/projects/mb/marcel-vibe/Deepium 2026/MarcelVibe/04/Grance (BR), Soulmac - Happy Incident (Ale Russo Remix) - 2024.webp" to jpg
Deleting original file /Users/marcelbuian/projects/mb/marcel-vibe/Deepium 2026/MarcelVibe/04/Grance (BR), Soulmac - Happy Incident (Ale Russo Remix) - 2024.webp (pass -k to keep)
[download] Sleeping 2.74 seconds ...
[download] Destination: /Users/marcelbuian/projects/mb/marcel-vibe/Deepium 2026/MarcelVibe/04/Grance (BR), Soulmac - Happy Incident (Ale Russo Remix) - 2024.webm

[download]   0.0% of    7.19MiB at  481.22KiB/s ETA 00:15
[download]   0.0% of    7.19MiB at    1.08MiB/s ETA 00:06
[download]   0.1% of    7.19MiB at    2.24MiB/s ETA 00:03
[download]   0.2% of    7.19MiB at    4.21MiB/s ETA 00:01
[download]   0.4% of    7.19MiB at    1.93MiB/s ETA 00:03
[download]   0.9% of    7.19MiB at    1.33MiB/s ETA 00:05
[download]   1.7% of    7.19MiB at    2.66MiB/s ETA 00:02
[download]   3.5% of    7.19MiB at    4.33MiB/s ETA 00:01
[download]   6.9% of    7.19MiB at    4.50MiB/s ETA 00:01
[download]  13.9% of    7.19MiB at    3.35MiB/s ETA 00:01
[download]  27.8% of    7.19MiB at    1.16MiB/s ETA 00:04
[download]  37.6% of    7.19MiB at    1.00MiB/s ETA 00:04
[download]  47.7% of    7.19MiB at  908.92KiB/s ETA 00:04
[download]  56.3% of    7.19MiB at  832.19KiB/s ETA 00:03
[download]  64.0% of    7.19MiB at  845.46KiB/s ETA 00:03
[download]  77.0% of    7.19MiB at  844.51KiB/s ETA 00:02
[download]  88.4% of    7.19MiB at  847.73KiB/s ETA 00:01
[download] 100.0% of    7.19MiB at  871.25KiB/s ETA 00:00
[download] 100% of    7.19MiB in 00:00:08 at 864.77KiB/s 
[ExtractAudio] Destination: /Users/marcelbuian/projects/mb/marcel-vibe/Deepium 2026/MarcelVibe/04/Grance (BR), Soulmac - Happy Incident (Ale Russo Remix) - 2024.mp3
Deleting original file /Users/marcelbuian/projects/mb/marcel-vibe/Deepium 2026/MarcelVibe/04/Grance (BR), Soulmac - Happy Incident (Ale Russo Remix) - 2024.webm (pass -k to keep)
[Metadata] Adding metadata to "/Users/marcelbuian/projects/mb/marcel-vibe/Deepium 2026/MarcelVibe/04/Grance (BR), Soulmac - Happy Incident (Ale Russo Remix) - 2024.mp3"
[EmbedThumbnail] ffmpeg: Adding thumbnail to "/Users/marcelbuian/projects/mb/marcel-vibe/Deepium 2026/MarcelVibe/04/Grance (BR), Soulmac - Happy Incident (Ale Russo Remix) - 2024.mp3"
[youtube] Extracting URL: https://www.youtube.com/watch?v=3_NlX_6z8io
[youtube] Sleeping 1.0 seconds ...
[youtube] 3_NlX_6z8io: Downloading webpage
[youtube] Sleeping 1.0 seconds ...
[youtube] 3_NlX_6z8io: Downloading visionos player API JSON
[youtube] Sleeping 1.0 seconds ...
[youtube] 3_NlX_6z8io: Downloading m3u8 information
[info] 3_NlX_6z8io: Downloading 1 format(s): 251
[info] Downloading video thumbnail 41 ...
[info] Video Thumbnail 41 does not exist
[info] Downloading video thumbnail 40 ...
[info] Video Thumbnail 40 does not exist
[info] Downloading video thumbnail 39 ...
[info] Video Thumbnail 39 does not exist
[info] Downloading video thumbnail 38 ...
[info] Video Thumbnail 38 does not exist
[info] Downloading video thumbnail 37 ...
[info] Writing video thumbnail 37 to: /Users/marcelbuian/projects/mb/marcel-vibe/Deepium 2026/MarcelVibe/04/Andrea Cassino & Greenage： Losing Part Of Me (Dmitry Molosh Remix) - 2020.webp
[ThumbnailsConvertor] Converting thumbnail "/Users/marcelbuian/projects/mb/marcel-vibe/Deepium 2026/MarcelVibe/04/Andrea Cassino & Greenage： Losing Part Of Me (Dmitry Molosh Remix) - 2020.webp" to jpg
Deleting original file /Users/marcelbuian/projects/mb/marcel-vibe/Deepium 2026/MarcelVibe/04/Andrea Cassino & Greenage： Losing Part Of Me (Dmitry Molosh Remix) - 2020.webp (pass -k to keep)
[download] Sleeping 2.82 seconds ...
[download] Destination: /Users/marcelbuian/projects/mb/marcel-vibe/Deepium 2026/MarcelVibe/04/Andrea Cassino & Greenage： Losing Part Of Me (Dmitry Molosh Remix) - 2020.webm

[download]   0.0% of    8.21MiB at  562.84KiB/s ETA 00:15
[download]   0.0% of    8.21MiB at    1.24MiB/s ETA 00:06
[download]   0.1% of    8.21MiB at    2.52MiB/s ETA 00:03
[download]   0.2% of    8.21MiB at    4.94MiB/s ETA 00:01
[download]   0.4% of    8.21MiB at    4.46MiB/s ETA 00:01
[download]   0.7% of    8.21MiB at    5.75MiB/s ETA 00:01
[download]   1.5% of    8.21MiB at    7.18MiB/s ETA 00:01
[download]   3.0% of    8.21MiB at   11.32MiB/s ETA 00:00
[download]   6.1% of    8.21MiB at   15.37MiB/s ETA 00:00
[download]  12.2% of    8.21MiB at   10.13MiB/s ETA 00:00
[download]  24.3% of    8.21MiB at    8.40MiB/s ETA 00:00
[download]  48.7% of    8.21MiB at   14.07MiB/s ETA 00:00
[download]  97.4% of    8.21MiB at   10.58MiB/s ETA 00:00
[download] 100.0% of    8.21MiB at   10.50MiB/s ETA 00:00
[download] 100% of    8.21MiB in 00:00:00 at 9.12MiB/s   
[ExtractAudio] Destination: /Users/marcelbuian/projects/mb/marcel-vibe/Deepium 2026/MarcelVibe/04/Andrea Cassino & Greenage： Losing Part Of Me (Dmitry Molosh Remix) - 2020.mp3
Deleting original file /Users/marcelbuian/projects/mb/marcel-vibe/Deepium 2026/MarcelVibe/04/Andrea Cassino & Greenage： Losing Part Of Me (Dmitry Molosh Remix) - 2020.webm (pass -k to keep)
[Metadata] Adding metadata to "/Users/marcelbuian/projects/mb/marcel-vibe/Deepium 2026/MarcelVibe/04/Andrea Cassino & Greenage： Losing Part Of Me (Dmitry Molosh Remix) - 2020.mp3"
[EmbedThumbnail] ffmpeg: Adding thumbnail to "/Users/marcelbuian/projects/mb/marcel-vibe/Deepium 2026/MarcelVibe/04/Andrea Cassino & Greenage： Losing Part Of Me (Dmitry Molosh Remix) - 2020.mp3"
[youtube] Extracting URL: https://www.youtube.com/watch?v=sI603xjBTSg
[youtube] Sleeping 1.0 seconds ...
[youtube] sI603xjBTSg: Downloading webpage
[youtube] Sleeping 1.0 seconds ...
[youtube] sI603xjBTSg: Downloading visionos player API JSON
[youtube] Sleeping 1.0 seconds ...
[youtube] sI603xjBTSg: Downloading m3u8 information
[info] sI603xjBTSg: Downloading 1 format(s): 251
[info] Downloading video thumbnail 44 ...
[info] Writing video thumbnail 44 to: /Users/marcelbuian/projects/mb/marcel-vibe/Deepium 2026/MarcelVibe/04/FJL - Alter Ego (Original Mix) [Proportion] - 2025.webp
[ThumbnailsConvertor] Converting thumbnail "/Users/marcelbuian/projects/mb/marcel-vibe/Deepium 2026/MarcelVibe/04/FJL - Alter Ego (Original Mix) [Proportion] - 2025.webp" to jpg
Deleting original file /Users/marcelbuian/projects/mb/marcel-vibe/Deepium 2026/MarcelVibe/04/FJL - Alter Ego (Original Mix) [Proportion] - 2025.webp (pass -k to keep)
[download] Sleeping 2.18 seconds ...
[download] Destination: /Users/marcelbuian/projects/mb/marcel-vibe/Deepium 2026/MarcelVibe/04/FJL - Alter Ego (Original Mix) [Proportion] - 2025.webm

[download]   0.0% of    6.12MiB at  369.93KiB/s ETA 00:17
[download]   0.0% of    6.12MiB at  814.53KiB/s ETA 00:07
[download]   0.1% of    6.12MiB at    1.69MiB/s ETA 00:03
[download]   0.2% of    6.12MiB at    3.48MiB/s ETA 00:01
[download]   0.5% of    6.12MiB at    3.85MiB/s ETA 00:01
[download]   1.0% of    6.12MiB at    4.74MiB/s ETA 00:01
[download]   2.0% of    6.12MiB at    6.28MiB/s ETA 00:00
[download]   4.1% of    6.12MiB at    9.87MiB/s ETA 00:00
[download]   8.2% of    6.12MiB at   14.34MiB/s ETA 00:00
[download]  16.3% of    6.12MiB at   19.28MiB/s ETA 00:00
[download]  32.7% of    6.12MiB at   25.41MiB/s ETA 00:00
[download]  65.4% of    6.12MiB at   28.34MiB/s ETA 00:00
[download] 100.0% of    6.12MiB at   20.77MiB/s ETA 00:00
[download] 100% of    6.12MiB in 00:00:00 at 16.29MiB/s  
[ExtractAudio] Destination: /Users/marcelbuian/projects/mb/marcel-vibe/Deepium 2026/MarcelVibe/04/FJL - Alter Ego (Original Mix) [Proportion] - 2025.mp3
Deleting original file /Users/marcelbuian/projects/mb/marcel-vibe/Deepium 2026/MarcelVibe/04/FJL - Alter Ego (Original Mix) [Proportion] - 2025.webm (pass -k to keep)
[Metadata] Adding metadata to "/Users/marcelbuian/projects/mb/marcel-vibe/Deepium 2026/MarcelVibe/04/FJL - Alter Ego (Original Mix) [Proportion] - 2025.mp3"
[EmbedThumbnail] ffmpeg: Adding thumbnail to "/Users/marcelbuian/projects/mb/marcel-vibe/Deepium 2026/MarcelVibe/04/FJL - Alter Ego (Original Mix) [Proportion] - 2025.mp3"
[youtube] Extracting URL: https://www.youtube.com/watch?v=6HirHXPZeK0
[youtube] Sleeping 1.0 seconds ...
[youtube] 6HirHXPZeK0: Downloading webpage
[youtube] Sleeping 1.0 seconds ...
[youtube] 6HirHXPZeK0: Downloading visionos player API JSON
[youtube] Sleeping 1.0 seconds ...
[youtube] 6HirHXPZeK0: Downloading m3u8 information
[info] 6HirHXPZeK0: Downloading 1 format(s): 251
[info] Downloading video thumbnail 44 ...
[info] Writing video thumbnail 44 to: /Users/marcelbuian/projects/mb/marcel-vibe/Deepium 2026/MarcelVibe/04/HAFT - Flow (Original Mix) Meanwhile Horizons - 2025.webp
[ThumbnailsConvertor] Converting thumbnail "/Users/marcelbuian/projects/mb/marcel-vibe/Deepium 2026/MarcelVibe/04/HAFT - Flow (Original Mix) Meanwhile Horizons - 2025.webp" to jpg
Deleting original file /Users/marcelbuian/projects/mb/marcel-vibe/Deepium 2026/MarcelVibe/04/HAFT - Flow (Original Mix) Meanwhile Horizons - 2025.webp (pass -k to keep)
[download] Sleeping 1.05 seconds ...
[download] Destination: /Users/marcelbuian/projects/mb/marcel-vibe/Deepium 2026/MarcelVibe/04/HAFT - Flow (Original Mix) Meanwhile Horizons - 2025.webm

[download]   0.0% of    7.13MiB at  461.67KiB/s ETA 00:15
[download]   0.0% of    7.13MiB at    1.11MiB/s ETA 00:06
[download]   0.1% of    7.13MiB at    2.37MiB/s ETA 00:03
[download]   0.2% of    7.13MiB at    4.73MiB/s ETA 00:01
[download]   0.4% of    7.13MiB at    2.84MiB/s ETA 00:02
[download]   0.9% of    7.13MiB at    3.75MiB/s ETA 00:01
[download]   1.7% of    7.13MiB at    5.00MiB/s ETA 00:01
[download]   3.5% of    7.13MiB at    7.39MiB/s ETA 00:00
[download]   7.0% of    7.13MiB at   11.44MiB/s ETA 00:00
[download]  14.0% of    7.13MiB at   15.28MiB/s ETA 00:00
[download]  28.1% of    7.13MiB at   23.01MiB/s ETA 00:00
[download]  56.1% of    7.13MiB at   29.82MiB/s ETA 00:00
[download] 100.0% of    7.13MiB at   34.34MiB/s ETA 00:00
[download] 100% of    7.13MiB in 00:00:00 at 27.40MiB/s  
[ExtractAudio] Destination: /Users/marcelbuian/projects/mb/marcel-vibe/Deepium 2026/MarcelVibe/04/HAFT - Flow (Original Mix) Meanwhile Horizons - 2025.mp3
Deleting original file /Users/marcelbuian/projects/mb/marcel-vibe/Deepium 2026/MarcelVibe/04/HAFT - Flow (Original Mix) Meanwhile Horizons - 2025.webm (pass -k to keep)
[Metadata] Adding metadata to "/Users/marcelbuian/projects/mb/marcel-vibe/Deepium 2026/MarcelVibe/04/HAFT - Flow (Original Mix) Meanwhile Horizons - 2025.mp3"
[EmbedThumbnail] ffmpeg: Adding thumbnail to "/Users/marcelbuian/projects/mb/marcel-vibe/Deepium 2026/MarcelVibe/04/HAFT - Flow (Original Mix) Meanwhile Horizons - 2025.mp3"
[youtube] Extracting URL: https://www.youtube.com/watch?v=rVThzCxPVsM
[youtube] Sleeping 1.0 seconds ...
[youtube] rVThzCxPVsM: Downloading webpage
[youtube] Sleeping 1.0 seconds ...
[youtube] rVThzCxPVsM: Downloading visionos player API JSON
[youtube] Sleeping 1.0 seconds ...
[youtube] rVThzCxPVsM: Downloading m3u8 information
[info] rVThzCxPVsM: Downloading 1 format(s): 251
[info] Downloading video thumbnail 41 ...
[info] Writing video thumbnail 41 to: /Users/marcelbuian/projects/mb/marcel-vibe/Deepium 2026/MarcelVibe/04/Khen - Lyup - 2025.webp
[ThumbnailsConvertor] Converting thumbnail "/Users/marcelbuian/projects/mb/marcel-vibe/Deepium 2026/MarcelVibe/04/Khen - Lyup - 2025.webp" to jpg
Deleting original file /Users/marcelbuian/projects/mb/marcel-vibe/Deepium 2026/MarcelVibe/04/Khen - Lyup - 2025.webp (pass -k to keep)
[download] Sleeping 2.05 seconds ...
[download] Destination: /Users/marcelbuian/projects/mb/marcel-vibe/Deepium 2026/MarcelVibe/04/Khen - Lyup - 2025.webm

[download]   0.0% of    8.57MiB at  Unknown B/s ETA Unknown
[download]   0.0% of    8.57MiB at    2.10MiB/s ETA 00:04  
[download]   0.1% of    8.57MiB at    3.94MiB/s ETA 00:02
[download]   0.2% of    8.57MiB at    7.57MiB/s ETA 00:01
[download]   0.4% of    8.57MiB at    8.79MiB/s ETA 00:00
[download]   0.7% of    8.57MiB at    6.90MiB/s ETA 00:01
[download]   1.4% of    8.57MiB at    9.31MiB/s ETA 00:00
[download]   2.9% of    8.57MiB at   11.74MiB/s ETA 00:00
[download]   5.8% of    8.57MiB at   16.63MiB/s ETA 00:00
[download]  11.7% of    8.57MiB at   15.31MiB/s ETA 00:00
[download]  23.3% of    8.57MiB at   15.28MiB/s ETA 00:00
[download]  46.7% of    8.57MiB at   23.34MiB/s ETA 00:00
[download]  93.4% of    8.57MiB at   15.51MiB/s ETA 00:00
[download] 100.0% of    8.57MiB at   11.74MiB/s ETA 00:00
[download] 100% of    8.57MiB in 00:00:00 at 9.99MiB/s   
[ExtractAudio] Destination: /Users/marcelbuian/projects/mb/marcel-vibe/Deepium 2026/MarcelVibe/04/Khen - Lyup - 2025.mp3
Deleting original file /Users/marcelbuian/projects/mb/marcel-vibe/Deepium 2026/MarcelVibe/04/Khen - Lyup - 2025.webm (pass -k to keep)
[Metadata] Adding metadata to "/Users/marcelbuian/projects/mb/marcel-vibe/Deepium 2026/MarcelVibe/04/Khen - Lyup - 2025.mp3"
[EmbedThumbnail] ffmpeg: Adding thumbnail to "/Users/marcelbuian/projects/mb/marcel-vibe/Deepium 2026/MarcelVibe/04/Khen - Lyup - 2025.mp3"
[youtube] Extracting URL: https://www.youtube.com/watch?v=YgmGEkP6998
[youtube] Sleeping 1.0 seconds ...
[youtube] YgmGEkP6998: Downloading webpage
[youtube] Sleeping 1.0 seconds ...
[youtube] YgmGEkP6998: Downloading visionos player API JSON
[youtube] Sleeping 1.0 seconds ...
[youtube] YgmGEkP6998: Downloading m3u8 information
[info] YgmGEkP6998: Downloading 1 format(s): 251
[info] Downloading video thumbnail 44 ...
[info] Writing video thumbnail 44 to: /Users/marcelbuian/projects/mb/marcel-vibe/Deepium 2026/MarcelVibe/04/Melodiam (AR) – Words Are Weapons (Maze 28 Remix) [onedotsixtwo] - 2024.webp
[ThumbnailsConvertor] Converting thumbnail "/Users/marcelbuian/projects/mb/marcel-vibe/Deepium 2026/MarcelVibe/04/Melodiam (AR) – Words Are Weapons (Maze 28 Remix) [onedotsixtwo] - 2024.webp" to jpg
Deleting original file /Users/marcelbuian/projects/mb/marcel-vibe/Deepium 2026/MarcelVibe/04/Melodiam (AR) – Words Are Weapons (Maze 28 Remix) [onedotsixtwo] - 2024.webp (pass -k to keep)
[download] Sleeping 1.60 seconds ...
[download] Destination: /Users/marcelbuian/projects/mb/marcel-vibe/Deepium 2026/MarcelVibe/04/Melodiam (AR) – Words Are Weapons (Maze 28 Remix) [onedotsixtwo] - 2024.webm

[download]   0.0% of    7.94MiB at  981.12KiB/s ETA 00:08
[download]   0.0% of    7.94MiB at    2.40MiB/s ETA 00:03
[download]   0.1% of    7.94MiB at    5.23MiB/s ETA 00:01
[download]   0.2% of    7.94MiB at   10.13MiB/s ETA 00:00
[download]   0.4% of    7.94MiB at   19.11MiB/s ETA 00:00
[download]   0.8% of    7.94MiB at   32.59MiB/s ETA 00:00
[download]   1.6% of    7.94MiB at   42.05MiB/s ETA 00:00
[download]   3.1% of    7.94MiB at   47.88MiB/s ETA 00:00
[download]   6.3% of    7.94MiB at   42.77MiB/s ETA 00:00
[download]  12.6% of    7.94MiB at   45.84MiB/s ETA 00:00
[download]  25.2% of    7.94MiB at   46.19MiB/s ETA 00:00
[download]  50.4% of    7.94MiB at   48.75MiB/s ETA 00:00
[download] 100.0% of    7.94MiB at   32.30MiB/s ETA 00:00
[download] 100% of    7.94MiB in 00:00:00 at 18.04MiB/s  
[ExtractAudio] Destination: /Users/marcelbuian/projects/mb/marcel-vibe/Deepium 2026/MarcelVibe/04/Melodiam (AR) – Words Are Weapons (Maze 28 Remix) [onedotsixtwo] - 2024.mp3
Deleting original file /Users/marcelbuian/projects/mb/marcel-vibe/Deepium 2026/MarcelVibe/04/Melodiam (AR) – Words Are Weapons (Maze 28 Remix) [onedotsixtwo] - 2024.webm (pass -k to keep)
[Metadata] Adding metadata to "/Users/marcelbuian/projects/mb/marcel-vibe/Deepium 2026/MarcelVibe/04/Melodiam (AR) – Words Are Weapons (Maze 28 Remix) [onedotsixtwo] - 2024.mp3"
[EmbedThumbnail] ffmpeg: Adding thumbnail to "/Users/marcelbuian/projects/mb/marcel-vibe/Deepium 2026/MarcelVibe/04/Melodiam (AR) – Words Are Weapons (Maze 28 Remix) [onedotsixtwo] - 2024.mp3"
[youtube] Extracting URL: https://www.youtube.com/watch?v=c4_39doMHGE
[youtube] Sleeping 1.0 seconds ...
[youtube] c4_39doMHGE: Downloading webpage
[youtube] Sleeping 1.0 seconds ...
[youtube] c4_39doMHGE: Downloading visionos player API JSON
[youtube] Sleeping 1.0 seconds ...
[youtube] c4_39doMHGE: Downloading tv downgraded player API JSON
[youtube] Sleeping 1.0 seconds ...
[youtube] c4_39doMHGE: Downloading web embedded client config
[youtube] Sleeping 1.0 seconds ...
[youtube] c4_39doMHGE: Downloading player e937390a-main
[youtube] Sleeping 1.0 seconds ...
[youtube] c4_39doMHGE: Downloading web embedded player API JSON
[youtube] [jsc:node] Solving JS challenges using node
[info] c4_39doMHGE: Downloading 1 format(s): 251
[info] Downloading video thumbnail 47 ...
[info] Writing video thumbnail 47 to: /Users/marcelbuian/projects/mb/marcel-vibe/Deepium 2026/MarcelVibe/04/Mat Joe, C'mon & Otistic - Sunflower Extended Mix - 2022.webp
[ThumbnailsConvertor] Converting thumbnail "/Users/marcelbuian/projects/mb/marcel-vibe/Deepium 2026/MarcelVibe/04/Mat Joe, C'mon & Otistic - Sunflower Extended Mix - 2022.webp" to jpg
Deleting original file /Users/marcelbuian/projects/mb/marcel-vibe/Deepium 2026/MarcelVibe/04/Mat Joe, C'mon & Otistic - Sunflower Extended Mix - 2022.webp (pass -k to keep)
[download] Sleeping 1.11 seconds ...
[download] Destination: /Users/marcelbuian/projects/mb/marcel-vibe/Deepium 2026/MarcelVibe/04/Mat Joe, C'mon & Otistic - Sunflower Extended Mix - 2022.webm

[download]   0.0% of    6.35MiB at   99.58KiB/s ETA 01:05
[download]   0.0% of    6.35MiB at  290.36KiB/s ETA 00:22
[download]   0.1% of    6.35MiB at  660.07KiB/s ETA 00:09
[download]   0.2% of    6.35MiB at    1.36MiB/s ETA 00:04
[download]   0.5% of    6.35MiB at    1.53MiB/s ETA 00:04
[download]   1.0% of    6.35MiB at    2.15MiB/s ETA 00:02
[download]   2.0% of    6.35MiB at    3.19MiB/s ETA 00:01
[download]   3.9% of    6.35MiB at    4.23MiB/s ETA 00:01
[download]   7.9% of    6.35MiB at    3.98MiB/s ETA 00:01
[download]  15.7% of    6.35MiB at    3.39MiB/s ETA 00:01
[download]  31.5% of    6.35MiB at    1.66MiB/s ETA 00:02
[download]  48.8% of    6.35MiB at    1.37MiB/s ETA 00:02
[download]  65.2% of    6.35MiB at    1.16MiB/s ETA 00:01
[download]  77.6% of    6.35MiB at    1.13MiB/s ETA 00:01
[download]  93.6% of    6.35MiB at    1.07MiB/s ETA 00:00
[download] 100.0% of    6.35MiB at    1.05MiB/s ETA 00:00
[download] 100% of    6.35MiB in 00:00:06 at 972.37KiB/s 
[ExtractAudio] Destination: /Users/marcelbuian/projects/mb/marcel-vibe/Deepium 2026/MarcelVibe/04/Mat Joe, C'mon & Otistic - Sunflower Extended Mix - 2022.mp3
Deleting original file /Users/marcelbuian/projects/mb/marcel-vibe/Deepium 2026/MarcelVibe/04/Mat Joe, C'mon & Otistic - Sunflower Extended Mix - 2022.webm (pass -k to keep)
[Metadata] Adding metadata to "/Users/marcelbuian/projects/mb/marcel-vibe/Deepium 2026/MarcelVibe/04/Mat Joe, C'mon & Otistic - Sunflower Extended Mix - 2022.mp3"
[EmbedThumbnail] ffmpeg: Adding thumbnail to "/Users/marcelbuian/projects/mb/marcel-vibe/Deepium 2026/MarcelVibe/04/Mat Joe, C'mon & Otistic - Sunflower Extended Mix - 2022.mp3"
[youtube] Extracting URL: https://www.youtube.com/watch?v=a8zePm5Dsd4
[youtube] Sleeping 1.0 seconds ...
[youtube] a8zePm5Dsd4: Downloading webpage
[youtube] Sleeping 1.0 seconds ...
[youtube] a8zePm5Dsd4: Downloading visionos player API JSON
[youtube] Sleeping 1.0 seconds ...
[youtube] a8zePm5Dsd4: Downloading m3u8 information
[info] a8zePm5Dsd4: Downloading 1 format(s): 251
[info] Downloading video thumbnail 41 ...
[info] Writing video thumbnail 41 to: /Users/marcelbuian/projects/mb/marcel-vibe/Deepium 2026/MarcelVibe/04/Oceanlab, Justine Suissa - Sirens Of The Sea (ASOT 1164) (Marsh Remix) - 2020.webp
[ThumbnailsConvertor] Converting thumbnail "/Users/marcelbuian/projects/mb/marcel-vibe/Deepium 2026/MarcelVibe/04/Oceanlab, Justine Suissa - Sirens Of The Sea (ASOT 1164) (Marsh Remix) - 2020.webp" to jpg
Deleting original file /Users/marcelbuian/projects/mb/marcel-vibe/Deepium 2026/MarcelVibe/04/Oceanlab, Justine Suissa - Sirens Of The Sea (ASOT 1164) (Marsh Remix) - 2020.webp (pass -k to keep)
[download] Sleeping 1.84 seconds ...
[download] Destination: /Users/marcelbuian/projects/mb/marcel-vibe/Deepium 2026/MarcelVibe/04/Oceanlab, Justine Suissa - Sirens Of The Sea (ASOT 1164) (Marsh Remix) - 2020.webm

[download]   0.0% of    6.15MiB at  Unknown B/s ETA Unknown
[download]   0.0% of    6.15MiB at    2.14MiB/s ETA 00:02  
[download]   0.1% of    6.15MiB at    4.27MiB/s ETA 00:01
[download]   0.2% of    6.15MiB at    8.05MiB/s ETA 00:00
[download]   0.5% of    6.15MiB at   14.88MiB/s ETA 00:00
[download]   1.0% of    6.15MiB at   26.83MiB/s ETA 00:00
[download]   2.0% of    6.15MiB at   27.99MiB/s ETA 00:00
[download]   4.1% of    6.15MiB at   14.52MiB/s ETA 00:00
[download]   8.1% of    6.15MiB at   15.20MiB/s ETA 00:00
[download]  16.3% of    6.15MiB at   15.53MiB/s ETA 00:00
[download]  32.5% of    6.15MiB at   14.94MiB/s ETA 00:00
[download]  65.1% of    6.15MiB at   12.37MiB/s ETA 00:00
[download] 100.0% of    6.15MiB at   13.19MiB/s ETA 00:00
[download] 100% of    6.15MiB in 00:00:00 at 10.06MiB/s  
[ExtractAudio] Destination: /Users/marcelbuian/projects/mb/marcel-vibe/Deepium 2026/MarcelVibe/04/Oceanlab, Justine Suissa - Sirens Of The Sea (ASOT 1164) (Marsh Remix) - 2020.mp3
Deleting original file /Users/marcelbuian/projects/mb/marcel-vibe/Deepium 2026/MarcelVibe/04/Oceanlab, Justine Suissa - Sirens Of The Sea (ASOT 1164) (Marsh Remix) - 2020.webm (pass -k to keep)
[Metadata] Adding metadata to "/Users/marcelbuian/projects/mb/marcel-vibe/Deepium 2026/MarcelVibe/04/Oceanlab, Justine Suissa - Sirens Of The Sea (ASOT 1164) (Marsh Remix) - 2020.mp3"
[EmbedThumbnail] ffmpeg: Adding thumbnail to "/Users/marcelbuian/projects/mb/marcel-vibe/Deepium 2026/MarcelVibe/04/Oceanlab, Justine Suissa - Sirens Of The Sea (ASOT 1164) (Marsh Remix) - 2020.mp3"
[youtube] Extracting URL: https://www.youtube.com/watch?v=Jw3s5pHQk4g
[youtube] Sleeping 1.0 seconds ...
[youtube] Jw3s5pHQk4g: Downloading webpage
[youtube] Sleeping 1.0 seconds ...
[youtube] Jw3s5pHQk4g: Downloading visionos player API JSON
[youtube] Sleeping 1.0 seconds ...
[youtube] Jw3s5pHQk4g: Downloading m3u8 information
[info] Jw3s5pHQk4g: Downloading 1 format(s): 251
[info] Downloading video thumbnail 41 ...
[info] Writing video thumbnail 41 to: /Users/marcelbuian/projects/mb/marcel-vibe/Deepium 2026/MarcelVibe/04/Marsh - Mercy (Extended Mix) - 2024.webp
[ThumbnailsConvertor] Converting thumbnail "/Users/marcelbuian/projects/mb/marcel-vibe/Deepium 2026/MarcelVibe/04/Marsh - Mercy (Extended Mix) - 2024.webp" to jpg
Deleting original file /Users/marcelbuian/projects/mb/marcel-vibe/Deepium 2026/MarcelVibe/04/Marsh - Mercy (Extended Mix) - 2024.webp (pass -k to keep)
[download] Sleeping 2.32 seconds ...
[download] Destination: /Users/marcelbuian/projects/mb/marcel-vibe/Deepium 2026/MarcelVibe/04/Marsh - Mercy (Extended Mix) - 2024.webm

[download]   0.0% of    8.30MiB at  540.22KiB/s ETA 00:15
[download]   0.0% of    8.30MiB at    1.21MiB/s ETA 00:06
[download]   0.1% of    8.30MiB at    2.45MiB/s ETA 00:03
[download]   0.2% of    8.30MiB at    4.79MiB/s ETA 00:01
[download]   0.4% of    8.30MiB at    4.96MiB/s ETA 00:01
[download]   0.7% of    8.30MiB at    5.42MiB/s ETA 00:01
[download]   1.5% of    8.30MiB at    8.39MiB/s ETA 00:00
[download]   3.0% of    8.30MiB at   11.09MiB/s ETA 00:00
[download]   6.0% of    8.30MiB at   15.96MiB/s ETA 00:00
[download]  12.0% of    8.30MiB at    9.55MiB/s ETA 00:00
[download]  24.1% of    8.30MiB at    6.96MiB/s ETA 00:00
[download]  48.2% of    8.30MiB at    7.79MiB/s ETA 00:00
[download]  96.3% of    8.30MiB at   10.88MiB/s ETA 00:00
[download] 100.0% of    8.30MiB at   11.18MiB/s ETA 00:00
[download] 100% of    8.30MiB in 00:00:00 at 9.27MiB/s   
[ExtractAudio] Destination: /Users/marcelbuian/projects/mb/marcel-vibe/Deepium 2026/MarcelVibe/04/Marsh - Mercy (Extended Mix) - 2024.mp3
Deleting original file /Users/marcelbuian/projects/mb/marcel-vibe/Deepium 2026/MarcelVibe/04/Marsh - Mercy (Extended Mix) - 2024.webm (pass -k to keep)
[Metadata] Adding metadata to "/Users/marcelbuian/projects/mb/marcel-vibe/Deepium 2026/MarcelVibe/04/Marsh - Mercy (Extended Mix) - 2024.mp3"
[EmbedThumbnail] ffmpeg: Adding thumbnail to "/Users/marcelbuian/projects/mb/marcel-vibe/Deepium 2026/MarcelVibe/04/Marsh - Mercy (Extended Mix) - 2024.mp3"
[youtube] Extracting URL: https://www.youtube.com/watch?v=apw1BgpxgOk
[youtube] Sleeping 1.0 seconds ...
[youtube] apw1BgpxgOk: Downloading webpage
[youtube] Sleeping 1.0 seconds ...
[youtube] apw1BgpxgOk: Downloading visionos player API JSON
[youtube] Sleeping 1.0 seconds ...
[youtube] apw1BgpxgOk: Downloading m3u8 information
[info] apw1BgpxgOk: Downloading 1 format(s): 251
[info] Downloading video thumbnail 41 ...
[info] Writing video thumbnail 41 to: /Users/marcelbuian/projects/mb/marcel-vibe/Deepium 2026/MarcelVibe/04/Magnat & Feoctist - Bună Rea [Videoclip Oficial 2023] - 2023.webp
[ThumbnailsConvertor] Converting thumbnail "/Users/marcelbuian/projects/mb/marcel-vibe/Deepium 2026/MarcelVibe/04/Magnat & Feoctist - Bună Rea [Videoclip Oficial 2023] - 2023.webp" to jpg
Deleting original file /Users/marcelbuian/projects/mb/marcel-vibe/Deepium 2026/MarcelVibe/04/Magnat & Feoctist - Bună Rea [Videoclip Oficial 2023] - 2023.webp (pass -k to keep)
[download] Sleeping 1.13 seconds ...
[download] Destination: /Users/marcelbuian/projects/mb/marcel-vibe/Deepium 2026/MarcelVibe/04/Magnat & Feoctist - Bună Rea [Videoclip Oficial 2023] - 2023.webm

[download]   0.0% of    3.75MiB at  896.79KiB/s ETA 00:04
[download]   0.1% of    3.75MiB at    1.82MiB/s ETA 00:02
[download]   0.2% of    3.75MiB at    3.56MiB/s ETA 00:01
[download]   0.4% of    3.75MiB at    6.41MiB/s ETA 00:00
[download]   0.8% of    3.75MiB at   11.14MiB/s ETA 00:00
[download]   1.6% of    3.75MiB at   20.31MiB/s ETA 00:00
[download]   3.3% of    3.75MiB at   37.17MiB/s ETA 00:00
[download]   6.6% of    3.75MiB at   63.20MiB/s ETA 00:00
[download]  13.3% of    3.75MiB at   54.09MiB/s ETA 00:00
[download]  26.6% of    3.75MiB at   49.39MiB/s ETA 00:00
[download]  53.2% of    3.75MiB at   46.48MiB/s ETA 00:00
[download] 100.0% of    3.75MiB at   45.62MiB/s ETA 00:00
[download] 100% of    3.75MiB in 00:00:00 at 39.73MiB/s  
[ExtractAudio] Destination: /Users/marcelbuian/projects/mb/marcel-vibe/Deepium 2026/MarcelVibe/04/Magnat & Feoctist - Bună Rea [Videoclip Oficial 2023] - 2023.mp3
Deleting original file /Users/marcelbuian/projects/mb/marcel-vibe/Deepium 2026/MarcelVibe/04/Magnat & Feoctist - Bună Rea [Videoclip Oficial 2023] - 2023.webm (pass -k to keep)
[Metadata] Adding metadata to "/Users/marcelbuian/projects/mb/marcel-vibe/Deepium 2026/MarcelVibe/04/Magnat & Feoctist - Bună Rea [Videoclip Oficial 2023] - 2023.mp3"
[EmbedThumbnail] ffmpeg: Adding thumbnail to "/Users/marcelbuian/projects/mb/marcel-vibe/Deepium 2026/MarcelVibe/04/Magnat & Feoctist - Bună Rea [Videoclip Oficial 2023] - 2023.mp3"
[youtube] Extracting URL: https://www.youtube.com/watch?v=15shcmahKZg
[youtube] Sleeping 1.0 seconds ...
[youtube] 15shcmahKZg: Downloading webpage
[youtube] Sleeping 1.0 seconds ...
[youtube] 15shcmahKZg: Downloading visionos player API JSON
[youtube] Sleeping 1.0 seconds ...
[youtube] 15shcmahKZg: Downloading m3u8 information
[info] 15shcmahKZg: Downloading 1 format(s): 251
[info] Downloading video thumbnail 44 ...
[info] Writing video thumbnail 44 to: /Users/marcelbuian/projects/mb/marcel-vibe/Deepium 2026/MarcelVibe/04/Marsh X Volen Sentir - ID feat. XIRA - 2024.webp
[ThumbnailsConvertor] Converting thumbnail "/Users/marcelbuian/projects/mb/marcel-vibe/Deepium 2026/MarcelVibe/04/Marsh X Volen Sentir - ID feat. XIRA - 2024.webp" to jpg
Deleting original file /Users/marcelbuian/projects/mb/marcel-vibe/Deepium 2026/MarcelVibe/04/Marsh X Volen Sentir - ID feat. XIRA - 2024.webp (pass -k to keep)
[download] Sleeping 1.39 seconds ...
[download] Destination: /Users/marcelbuian/projects/mb/marcel-vibe/Deepium 2026/MarcelVibe/04/Marsh X Volen Sentir - ID feat. XIRA - 2024.webm

[download]   0.0% of    5.63MiB at  Unknown B/s ETA Unknown
[download]   0.1% of    5.63MiB at    2.40MiB/s ETA 00:02  
[download]   0.1% of    5.63MiB at    4.72MiB/s ETA 00:01
[download]   0.3% of    5.63MiB at    8.79MiB/s ETA 00:00
[download]   0.5% of    5.63MiB at   15.67MiB/s ETA 00:00
[download]   1.1% of    5.63MiB at    2.59MiB/s ETA 00:02
[download]   2.2% of    5.63MiB at    3.41MiB/s ETA 00:01
[download]   4.4% of    5.63MiB at    6.71MiB/s ETA 00:00
[download]   8.9% of    5.63MiB at    5.24MiB/s ETA 00:00
[download]  17.7% of    5.63MiB at    5.37MiB/s ETA 00:00
[download]  35.5% of    5.63MiB at    1.85MiB/s ETA 00:01
[download]  55.3% of    5.63MiB at    1.04MiB/s ETA 00:02
[download]  65.7% of    5.63MiB at  903.15KiB/s ETA 00:02
[download]  74.3% of    5.63MiB at  862.14KiB/s ETA 00:01
[download]  85.4% of    5.63MiB at  773.23KiB/s ETA 00:01
[download]  93.3% of    5.63MiB at  781.74KiB/s ETA 00:00
[download] 100.0% of    5.63MiB at  759.02KiB/s ETA 00:00
[download] 100% of    5.63MiB in 00:00:07 at 745.75KiB/s 
[ExtractAudio] Destination: /Users/marcelbuian/projects/mb/marcel-vibe/Deepium 2026/MarcelVibe/04/Marsh X Volen Sentir - ID feat. XIRA - 2024.mp3
Deleting original file /Users/marcelbuian/projects/mb/marcel-vibe/Deepium 2026/MarcelVibe/04/Marsh X Volen Sentir - ID feat. XIRA - 2024.webm (pass -k to keep)
[Metadata] Adding metadata to "/Users/marcelbuian/projects/mb/marcel-vibe/Deepium 2026/MarcelVibe/04/Marsh X Volen Sentir - ID feat. XIRA - 2024.mp3"
[EmbedThumbnail] ffmpeg: Adding thumbnail to "/Users/marcelbuian/projects/mb/marcel-vibe/Deepium 2026/MarcelVibe/04/Marsh X Volen Sentir - ID feat. XIRA - 2024.mp3"
[youtube] Extracting URL: https://www.youtube.com/watch?v=SpeUb6UCVrg
[youtube] Sleeping 1.0 seconds ...
[youtube] SpeUb6UCVrg: Downloading webpage
[youtube] Sleeping 1.0 seconds ...
[youtube] SpeUb6UCVrg: Downloading visionos player API JSON
[youtube] Sleeping 1.0 seconds ...
[youtube] SpeUb6UCVrg: Downloading m3u8 information
[info] SpeUb6UCVrg: Downloading 1 format(s): 251
[info] Downloading video thumbnail 41 ...
[info] Writing video thumbnail 41 to: /Users/marcelbuian/projects/mb/marcel-vibe/Deepium 2026/MarcelVibe/04/Tube & Berger, Chris Luno - Daily Twist (Extended Mix) - 2022.webp
[ThumbnailsConvertor] Converting thumbnail "/Users/marcelbuian/projects/mb/marcel-vibe/Deepium 2026/MarcelVibe/04/Tube & Berger, Chris Luno - Daily Twist (Extended Mix) - 2022.webp" to jpg
Deleting original file /Users/marcelbuian/projects/mb/marcel-vibe/Deepium 2026/MarcelVibe/04/Tube & Berger, Chris Luno - Daily Twist (Extended Mix) - 2022.webp (pass -k to keep)
[download] Sleeping 1.95 seconds ...
[download] Destination: /Users/marcelbuian/projects/mb/marcel-vibe/Deepium 2026/MarcelVibe/04/Tube & Berger, Chris Luno - Daily Twist (Extended Mix) - 2022.webm

[download]   0.0% of    5.33MiB at  113.33KiB/s ETA 00:48
[download]   0.1% of    5.33MiB at  332.05KiB/s ETA 00:16
[download]   0.1% of    5.33MiB at  767.40KiB/s ETA 00:07
[download]   0.3% of    5.33MiB at    1.59MiB/s ETA 00:03
[download]   0.6% of    5.33MiB at  642.26KiB/s ETA 00:08
[download]   1.2% of    5.33MiB at  727.30KiB/s ETA 00:07
[download]   2.3% of    5.33MiB at  964.55KiB/s ETA 00:05
[download]   4.7% of    5.33MiB at    1.41MiB/s ETA 00:03
[download]   9.4% of    5.33MiB at    2.24MiB/s ETA 00:02
[download]  18.7% of    5.33MiB at    3.71MiB/s ETA 00:01
[download]  37.5% of    5.33MiB at    6.36MiB/s ETA 00:00
[download]  75.0% of    5.33MiB at   10.99MiB/s ETA 00:00
[download] 100.0% of    5.33MiB at   10.29MiB/s ETA 00:00
[download] 100% of    5.33MiB in 00:00:00 at 5.46MiB/s   
[ExtractAudio] Destination: /Users/marcelbuian/projects/mb/marcel-vibe/Deepium 2026/MarcelVibe/04/Tube & Berger, Chris Luno - Daily Twist (Extended Mix) - 2022.mp3
Deleting original file /Users/marcelbuian/projects/mb/marcel-vibe/Deepium 2026/MarcelVibe/04/Tube & Berger, Chris Luno - Daily Twist (Extended Mix) - 2022.webm (pass -k to keep)
[Metadata] Adding metadata to "/Users/marcelbuian/projects/mb/marcel-vibe/Deepium 2026/MarcelVibe/04/Tube & Berger, Chris Luno - Daily Twist (Extended Mix) - 2022.mp3"
[EmbedThumbnail] ffmpeg: Adding thumbnail to "/Users/marcelbuian/projects/mb/marcel-vibe/Deepium 2026/MarcelVibe/04/Tube & Berger, Chris Luno - Daily Twist (Extended Mix) - 2022.mp3"
Reading URLs from STDIN - EOF (Ctrl+D) to end:

===== 05 (#05 - 2025-06-08 Criuleni, Moldova) 14:38:14
[youtube] Extracting URL: https://www.youtube.com/watch?v=lnsQYNk2VR4
[youtube] lnsQYNk2VR4: Downloading webpage
[youtube] Sleeping 1.0 seconds ...
[youtube] lnsQYNk2VR4: Downloading visionos player API JSON
[youtube] Sleeping 1.0 seconds ...
[youtube] lnsQYNk2VR4: Downloading m3u8 information
[info] lnsQYNk2VR4: Downloading 1 format(s): 251
[info] Downloading video thumbnail 44 ...
[info] Writing video thumbnail 44 to: /Users/marcelbuian/projects/mb/marcel-vibe/Deepium 2026/MarcelVibe/05/PREMIERE： Callecat, Nick Varon - Beyond Perceptions (Hernan Cattaneo & Jamie Stevens Remix) [Manual] - 2024.webp
[ThumbnailsConvertor] Converting thumbnail "/Users/marcelbuian/projects/mb/marcel-vibe/Deepium 2026/MarcelVibe/05/PREMIERE： Callecat, Nick Varon - Beyond Perceptions (Hernan Cattaneo & Jamie Stevens Remix) [Manual] - 2024.webp" to jpg
Deleting original file /Users/marcelbuian/projects/mb/marcel-vibe/Deepium 2026/MarcelVibe/05/PREMIERE： Callecat, Nick Varon - Beyond Perceptions (Hernan Cattaneo & Jamie Stevens Remix) [Manual] - 2024.webp (pass -k to keep)
[download] Sleeping 1.00 seconds ...
[download] Destination: /Users/marcelbuian/projects/mb/marcel-vibe/Deepium 2026/MarcelVibe/05/PREMIERE： Callecat, Nick Varon - Beyond Perceptions (Hernan Cattaneo & Jamie Stevens Remix) [Manual] - 2024.webm

[download]   0.0% of    7.67MiB at  523.37KiB/s ETA 00:15
[download]   0.0% of    7.67MiB at    1.14MiB/s ETA 00:06
[download]   0.1% of    7.67MiB at    2.32MiB/s ETA 00:03
[download]   0.2% of    7.67MiB at    4.47MiB/s ETA 00:01
[download]   0.4% of    7.67MiB at    4.18MiB/s ETA 00:01
[download]   0.8% of    7.67MiB at    5.29MiB/s ETA 00:01
[download]   1.6% of    7.67MiB at    8.25MiB/s ETA 00:00
[download]   3.2% of    7.67MiB at   10.31MiB/s ETA 00:00
[download]   6.5% of    7.67MiB at   15.76MiB/s ETA 00:00
[download]  13.0% of    7.67MiB at   23.02MiB/s ETA 00:00
[download]  26.1% of    7.67MiB at   31.19MiB/s ETA 00:00
[download]  52.1% of    7.67MiB at   31.85MiB/s ETA 00:00
[download] 100.0% of    7.67MiB at   23.24MiB/s ETA 00:00
[download] 100% of    7.67MiB in 00:00:00 at 10.12MiB/s  
[ExtractAudio] Destination: /Users/marcelbuian/projects/mb/marcel-vibe/Deepium 2026/MarcelVibe/05/PREMIERE： Callecat, Nick Varon - Beyond Perceptions (Hernan Cattaneo & Jamie Stevens Remix) [Manual] - 2024.mp3
Deleting original file /Users/marcelbuian/projects/mb/marcel-vibe/Deepium 2026/MarcelVibe/05/PREMIERE： Callecat, Nick Varon - Beyond Perceptions (Hernan Cattaneo & Jamie Stevens Remix) [Manual] - 2024.webm (pass -k to keep)
[Metadata] Adding metadata to "/Users/marcelbuian/projects/mb/marcel-vibe/Deepium 2026/MarcelVibe/05/PREMIERE： Callecat, Nick Varon - Beyond Perceptions (Hernan Cattaneo & Jamie Stevens Remix) [Manual] - 2024.mp3"
[EmbedThumbnail] ffmpeg: Adding thumbnail to "/Users/marcelbuian/projects/mb/marcel-vibe/Deepium 2026/MarcelVibe/05/PREMIERE： Callecat, Nick Varon - Beyond Perceptions (Hernan Cattaneo & Jamie Stevens Remix) [Manual] - 2024.mp3"
[youtube] Extracting URL: https://www.youtube.com/watch?v=HOa8udLGVo0
[youtube] Sleeping 1.0 seconds ...
[youtube] HOa8udLGVo0: Downloading webpage
[youtube] Sleeping 1.0 seconds ...
[youtube] HOa8udLGVo0: Downloading visionos player API JSON
[youtube] Sleeping 1.0 seconds ...
[youtube] HOa8udLGVo0: Downloading m3u8 information
[info] HOa8udLGVo0: Downloading 1 format(s): 251
[info] Downloading video thumbnail 41 ...
[info] Writing video thumbnail 41 to: /Users/marcelbuian/projects/mb/marcel-vibe/Deepium 2026/MarcelVibe/05/MuSol, Davos - All This Love (Original Mix) - 2023.webp
[ThumbnailsConvertor] Converting thumbnail "/Users/marcelbuian/projects/mb/marcel-vibe/Deepium 2026/MarcelVibe/05/MuSol, Davos - All This Love (Original Mix) - 2023.webp" to jpg
Deleting original file /Users/marcelbuian/projects/mb/marcel-vibe/Deepium 2026/MarcelVibe/05/MuSol, Davos - All This Love (Original Mix) - 2023.webp (pass -k to keep)
[download] Sleeping 2.84 seconds ...
[download] Destination: /Users/marcelbuian/projects/mb/marcel-vibe/Deepium 2026/MarcelVibe/05/MuSol, Davos - All This Love (Original Mix) - 2023.webm

[download]   0.0% of    5.33MiB at  449.21KiB/s ETA 00:12
[download]   0.1% of    5.33MiB at    1.11MiB/s ETA 00:04
[download]   0.1% of    5.33MiB at    2.41MiB/s ETA 00:02
[download]   0.3% of    5.33MiB at    4.86MiB/s ETA 00:01
[download]   0.6% of    5.33MiB at    1.98MiB/s ETA 00:02
[download]   1.2% of    5.33MiB at    2.82MiB/s ETA 00:01
[download]   2.3% of    5.33MiB at    3.40MiB/s ETA 00:01
[download]   4.7% of    5.33MiB at    4.78MiB/s ETA 00:01
[download]   9.4% of    5.33MiB at    4.08MiB/s ETA 00:01
[download]  18.7% of    5.33MiB at    1.70MiB/s ETA 00:02
[download]  37.5% of    5.33MiB at    1.18MiB/s ETA 00:02
[download]  54.5% of    5.33MiB at  871.79KiB/s ETA 00:02
[download]  64.4% of    5.33MiB at  805.09KiB/s ETA 00:02
[download]  74.8% of    5.33MiB at  765.88KiB/s ETA 00:01
[download]  85.6% of    5.33MiB at  757.88KiB/s ETA 00:01
[download]  98.5% of    5.33MiB at  709.66KiB/s ETA 00:00
[download] 100.0% of    5.33MiB at  685.98KiB/s ETA 00:00
[download] 100% of    5.33MiB in 00:00:08 at 619.51KiB/s 
[ExtractAudio] Destination: /Users/marcelbuian/projects/mb/marcel-vibe/Deepium 2026/MarcelVibe/05/MuSol, Davos - All This Love (Original Mix) - 2023.mp3
Deleting original file /Users/marcelbuian/projects/mb/marcel-vibe/Deepium 2026/MarcelVibe/05/MuSol, Davos - All This Love (Original Mix) - 2023.webm (pass -k to keep)
[Metadata] Adding metadata to "/Users/marcelbuian/projects/mb/marcel-vibe/Deepium 2026/MarcelVibe/05/MuSol, Davos - All This Love (Original Mix) - 2023.mp3"
[EmbedThumbnail] ffmpeg: Adding thumbnail to "/Users/marcelbuian/projects/mb/marcel-vibe/Deepium 2026/MarcelVibe/05/MuSol, Davos - All This Love (Original Mix) - 2023.mp3"
[youtube] Extracting URL: https://www.youtube.com/watch?v=IiIyqC0mIhw
[youtube] Sleeping 1.0 seconds ...
[youtube] IiIyqC0mIhw: Downloading webpage
[youtube] Sleeping 1.0 seconds ...
[youtube] IiIyqC0mIhw: Downloading visionos player API JSON
[youtube] Sleeping 1.0 seconds ...
[youtube] IiIyqC0mIhw: Downloading m3u8 information
[info] IiIyqC0mIhw: Downloading 1 format(s): 251
[info] Downloading video thumbnail 44 ...
[info] Writing video thumbnail 44 to: /Users/marcelbuian/projects/mb/marcel-vibe/Deepium 2026/MarcelVibe/05/Echo Daft - Echoes (Original Mix) [Movement Recordings] - 2022.webp
[ThumbnailsConvertor] Converting thumbnail "/Users/marcelbuian/projects/mb/marcel-vibe/Deepium 2026/MarcelVibe/05/Echo Daft - Echoes (Original Mix) [Movement Recordings] - 2022.webp" to jpg
Deleting original file /Users/marcelbuian/projects/mb/marcel-vibe/Deepium 2026/MarcelVibe/05/Echo Daft - Echoes (Original Mix) [Movement Recordings] - 2022.webp (pass -k to keep)
[download] Sleeping 2.31 seconds ...
[download] Destination: /Users/marcelbuian/projects/mb/marcel-vibe/Deepium 2026/MarcelVibe/05/Echo Daft - Echoes (Original Mix) [Movement Recordings] - 2022.webm

[download]   0.0% of    7.17MiB at  306.09KiB/s ETA 00:24
[download]   0.0% of    7.17MiB at  728.89KiB/s ETA 00:10
[download]   0.1% of    7.17MiB at    1.54MiB/s ETA 00:04
[download]   0.2% of    7.17MiB at    3.10MiB/s ETA 00:02
[download]   0.4% of    7.17MiB at    4.21MiB/s ETA 00:01
[download]   0.9% of    7.17MiB at    4.91MiB/s ETA 00:01
[download]   1.7% of    7.17MiB at    6.88MiB/s ETA 00:01
[download]   3.5% of    7.17MiB at    9.65MiB/s ETA 00:00
[download]   7.0% of    7.17MiB at   15.09MiB/s ETA 00:00
[download]  13.9% of    7.17MiB at   21.62MiB/s ETA 00:00
[download]  27.9% of    7.17MiB at   30.90MiB/s ETA 00:00
[download]  55.7% of    7.17MiB at   36.17MiB/s ETA 00:00
[download] 100.0% of    7.17MiB at   30.31MiB/s ETA 00:00
[download] 100% of    7.17MiB in 00:00:00 at 21.31MiB/s  
[ExtractAudio] Destination: /Users/marcelbuian/projects/mb/marcel-vibe/Deepium 2026/MarcelVibe/05/Echo Daft - Echoes (Original Mix) [Movement Recordings] - 2022.mp3
Deleting original file /Users/marcelbuian/projects/mb/marcel-vibe/Deepium 2026/MarcelVibe/05/Echo Daft - Echoes (Original Mix) [Movement Recordings] - 2022.webm (pass -k to keep)
[Metadata] Adding metadata to "/Users/marcelbuian/projects/mb/marcel-vibe/Deepium 2026/MarcelVibe/05/Echo Daft - Echoes (Original Mix) [Movement Recordings] - 2022.mp3"
[EmbedThumbnail] ffmpeg: Adding thumbnail to "/Users/marcelbuian/projects/mb/marcel-vibe/Deepium 2026/MarcelVibe/05/Echo Daft - Echoes (Original Mix) [Movement Recordings] - 2022.mp3"
[youtube] Extracting URL: https://www.youtube.com/watch?v=i1Uwl0geztQ
[youtube] Sleeping 1.0 seconds ...
[youtube] i1Uwl0geztQ: Downloading webpage
[youtube] Sleeping 1.0 seconds ...
[youtube] i1Uwl0geztQ: Downloading visionos player API JSON
[youtube] Sleeping 1.0 seconds ...
[youtube] i1Uwl0geztQ: Downloading m3u8 information
[info] i1Uwl0geztQ: Downloading 1 format(s): 251
[info] Downloading video thumbnail 44 ...
[info] Writing video thumbnail 44 to: /Users/marcelbuian/projects/mb/marcel-vibe/Deepium 2026/MarcelVibe/05/Franco Camiolo - Speculating As Unknown (Echo Daft Remix) - 2022.webp
[ThumbnailsConvertor] Converting thumbnail "/Users/marcelbuian/projects/mb/marcel-vibe/Deepium 2026/MarcelVibe/05/Franco Camiolo - Speculating As Unknown (Echo Daft Remix) - 2022.webp" to jpg
Deleting original file /Users/marcelbuian/projects/mb/marcel-vibe/Deepium 2026/MarcelVibe/05/Franco Camiolo - Speculating As Unknown (Echo Daft Remix) - 2022.webp (pass -k to keep)
[download] Sleeping 2.91 seconds ...
[download] Destination: /Users/marcelbuian/projects/mb/marcel-vibe/Deepium 2026/MarcelVibe/05/Franco Camiolo - Speculating As Unknown (Echo Daft Remix) - 2022.webm

[download]   0.0% of    7.83MiB at  471.27KiB/s ETA 00:17
[download]   0.0% of    7.83MiB at    1.12MiB/s ETA 00:06
[download]   0.1% of    7.83MiB at    2.31MiB/s ETA 00:03
[download]   0.2% of    7.83MiB at    4.55MiB/s ETA 00:01
[download]   0.4% of    7.83MiB at    4.35MiB/s ETA 00:01
[download]   0.8% of    7.83MiB at    4.63MiB/s ETA 00:01
[download]   1.6% of    7.83MiB at    7.03MiB/s ETA 00:01
[download]   3.2% of    7.83MiB at   10.44MiB/s ETA 00:00
[download]   6.4% of    7.83MiB at   15.18MiB/s ETA 00:00
[download]  12.8% of    7.83MiB at   22.97MiB/s ETA 00:00
[download]  25.5% of    7.83MiB at   31.34MiB/s ETA 00:00
[download]  51.1% of    7.83MiB at   10.94MiB/s ETA 00:00
[download] 100.0% of    7.83MiB at   17.83MiB/s ETA 00:00
[download] 100% of    7.83MiB in 00:00:00 at 15.25MiB/s  
[ExtractAudio] Destination: /Users/marcelbuian/projects/mb/marcel-vibe/Deepium 2026/MarcelVibe/05/Franco Camiolo - Speculating As Unknown (Echo Daft Remix) - 2022.mp3
Deleting original file /Users/marcelbuian/projects/mb/marcel-vibe/Deepium 2026/MarcelVibe/05/Franco Camiolo - Speculating As Unknown (Echo Daft Remix) - 2022.webm (pass -k to keep)
[Metadata] Adding metadata to "/Users/marcelbuian/projects/mb/marcel-vibe/Deepium 2026/MarcelVibe/05/Franco Camiolo - Speculating As Unknown (Echo Daft Remix) - 2022.mp3"
[EmbedThumbnail] ffmpeg: Adding thumbnail to "/Users/marcelbuian/projects/mb/marcel-vibe/Deepium 2026/MarcelVibe/05/Franco Camiolo - Speculating As Unknown (Echo Daft Remix) - 2022.mp3"
[youtube] Extracting URL: https://www.youtube.com/watch?v=829nsBSWbNs
[youtube] Sleeping 1.0 seconds ...
[youtube] 829nsBSWbNs: Downloading webpage
[youtube] Sleeping 1.0 seconds ...
[youtube] 829nsBSWbNs: Downloading visionos player API JSON
[youtube] Sleeping 1.0 seconds ...
[youtube] 829nsBSWbNs: Downloading m3u8 information
[info] 829nsBSWbNs: Downloading 1 format(s): 251
[info] Downloading video thumbnail 44 ...
[info] Writing video thumbnail 44 to: /Users/marcelbuian/projects/mb/marcel-vibe/Deepium 2026/MarcelVibe/05/Soulva - Odyssey (Original Mix) - 2025.webp
[ThumbnailsConvertor] Converting thumbnail "/Users/marcelbuian/projects/mb/marcel-vibe/Deepium 2026/MarcelVibe/05/Soulva - Odyssey (Original Mix) - 2025.webp" to jpg
Deleting original file /Users/marcelbuian/projects/mb/marcel-vibe/Deepium 2026/MarcelVibe/05/Soulva - Odyssey (Original Mix) - 2025.webp (pass -k to keep)
[download] Sleeping 1.18 seconds ...
[download] Destination: /Users/marcelbuian/projects/mb/marcel-vibe/Deepium 2026/MarcelVibe/05/Soulva - Odyssey (Original Mix) - 2025.webm

[download]   0.0% of    6.63MiB at  480.12KiB/s ETA 00:14
[download]   0.0% of    6.63MiB at    1.17MiB/s ETA 00:05
[download]   0.1% of    6.63MiB at    2.55MiB/s ETA 00:02
[download]   0.2% of    6.63MiB at    5.06MiB/s ETA 00:01
[download]   0.5% of    6.63MiB at    3.76MiB/s ETA 00:01
[download]   0.9% of    6.63MiB at    4.68MiB/s ETA 00:01
[download]   1.9% of    6.63MiB at    7.19MiB/s ETA 00:00
[download]   3.8% of    6.63MiB at    9.60MiB/s ETA 00:00
[download]   7.5% of    6.63MiB at   15.43MiB/s ETA 00:00
[download]  15.1% of    6.63MiB at   22.41MiB/s ETA 00:00
[download]  30.1% of    6.63MiB at   29.67MiB/s ETA 00:00
[download]  60.3% of    6.63MiB at   32.76MiB/s ETA 00:00
[download] 100.0% of    6.63MiB at   36.01MiB/s ETA 00:00
[download] 100% of    6.63MiB in 00:00:00 at 23.99MiB/s  
[ExtractAudio] Destination: /Users/marcelbuian/projects/mb/marcel-vibe/Deepium 2026/MarcelVibe/05/Soulva - Odyssey (Original Mix) - 2025.mp3
Deleting original file /Users/marcelbuian/projects/mb/marcel-vibe/Deepium 2026/MarcelVibe/05/Soulva - Odyssey (Original Mix) - 2025.webm (pass -k to keep)
[Metadata] Adding metadata to "/Users/marcelbuian/projects/mb/marcel-vibe/Deepium 2026/MarcelVibe/05/Soulva - Odyssey (Original Mix) - 2025.mp3"
[EmbedThumbnail] ffmpeg: Adding thumbnail to "/Users/marcelbuian/projects/mb/marcel-vibe/Deepium 2026/MarcelVibe/05/Soulva - Odyssey (Original Mix) - 2025.mp3"
[youtube] Extracting URL: https://www.youtube.com/watch?v=BCYHSRZnnb4
[youtube] Sleeping 1.0 seconds ...
[youtube] BCYHSRZnnb4: Downloading webpage
[youtube] Sleeping 1.0 seconds ...
[youtube] BCYHSRZnnb4: Downloading visionos player API JSON
[youtube] Sleeping 1.0 seconds ...
[youtube] BCYHSRZnnb4: Downloading m3u8 information
[info] BCYHSRZnnb4: Downloading 1 format(s): 251
[info] Downloading video thumbnail 44 ...
[info] Writing video thumbnail 44 to: /Users/marcelbuian/projects/mb/marcel-vibe/Deepium 2026/MarcelVibe/05/Lose my Breath - 2024.webp
[ThumbnailsConvertor] Converting thumbnail "/Users/marcelbuian/projects/mb/marcel-vibe/Deepium 2026/MarcelVibe/05/Lose my Breath - 2024.webp" to jpg
Deleting original file /Users/marcelbuian/projects/mb/marcel-vibe/Deepium 2026/MarcelVibe/05/Lose my Breath - 2024.webp (pass -k to keep)
[download] Sleeping 2.05 seconds ...
[download] Destination: /Users/marcelbuian/projects/mb/marcel-vibe/Deepium 2026/MarcelVibe/05/Lose my Breath - 2024.webm

[download]   0.0% of    6.43MiB at  Unknown B/s ETA Unknown
[download]   0.0% of    6.43MiB at  Unknown B/s ETA Unknown
[download]   0.1% of    6.43MiB at    5.88MiB/s ETA 00:01  
[download]   0.2% of    6.43MiB at   10.54MiB/s ETA 00:00
[download]   0.5% of    6.43MiB at   18.74MiB/s ETA 00:00
[download]   1.0% of    6.43MiB at   25.47MiB/s ETA 00:00
[download]   1.9% of    6.43MiB at    3.16MiB/s ETA 00:01
[download]   3.9% of    6.43MiB at    3.20MiB/s ETA 00:01
[download]   7.8% of    6.43MiB at    4.29MiB/s ETA 00:01
[download]  15.5% of    6.43MiB at    6.23MiB/s ETA 00:00
[download]  31.1% of    6.43MiB at    8.85MiB/s ETA 00:00
[download]  62.2% of    6.43MiB at   15.06MiB/s ETA 00:00
[download] 100.0% of    6.43MiB at  393.04KiB/s ETA 00:00
[download] 100% of    6.43MiB in 00:00:17 at 385.71KiB/s 
[ExtractAudio] Destination: /Users/marcelbuian/projects/mb/marcel-vibe/Deepium 2026/MarcelVibe/05/Lose my Breath - 2024.mp3
Deleting original file /Users/marcelbuian/projects/mb/marcel-vibe/Deepium 2026/MarcelVibe/05/Lose my Breath - 2024.webm (pass -k to keep)
[Metadata] Adding metadata to "/Users/marcelbuian/projects/mb/marcel-vibe/Deepium 2026/MarcelVibe/05/Lose my Breath - 2024.mp3"
[EmbedThumbnail] ffmpeg: Adding thumbnail to "/Users/marcelbuian/projects/mb/marcel-vibe/Deepium 2026/MarcelVibe/05/Lose my Breath - 2024.mp3"
[youtube] Extracting URL: https://www.youtube.com/watch?v=kKQjgVK0afM
[youtube] Sleeping 1.0 seconds ...
[youtube] kKQjgVK0afM: Downloading webpage
[youtube] Sleeping 1.0 seconds ...
[youtube] kKQjgVK0afM: Downloading visionos player API JSON
[youtube] Sleeping 1.0 seconds ...
[youtube] kKQjgVK0afM: Downloading m3u8 information
[info] kKQjgVK0afM: Downloading 1 format(s): 251
[info] Downloading video thumbnail 41 ...
[info] Writing video thumbnail 41 to: /Users/marcelbuian/projects/mb/marcel-vibe/Deepium 2026/MarcelVibe/05/Unknown - B1 [JOKER002] - 2019.webp
[ThumbnailsConvertor] Converting thumbnail "/Users/marcelbuian/projects/mb/marcel-vibe/Deepium 2026/MarcelVibe/05/Unknown - B1 [JOKER002] - 2019.webp" to jpg
Deleting original file /Users/marcelbuian/projects/mb/marcel-vibe/Deepium 2026/MarcelVibe/05/Unknown - B1 [JOKER002] - 2019.webp (pass -k to keep)
[download] Sleeping 1.36 seconds ...
[download] Destination: /Users/marcelbuian/projects/mb/marcel-vibe/Deepium 2026/MarcelVibe/05/Unknown - B1 [JOKER002] - 2019.webm

[download]   0.0% of    9.55MiB at  Unknown B/s ETA Unknown
[download]   0.0% of    9.55MiB at    2.12MiB/s ETA 00:04  
[download]   0.1% of    9.55MiB at    4.28MiB/s ETA 00:02
[download]   0.2% of    9.55MiB at    8.17MiB/s ETA 00:01
[download]   0.3% of    9.55MiB at   15.11MiB/s ETA 00:00
[download]   0.6% of    9.55MiB at   17.02MiB/s ETA 00:00
[download]   1.3% of    9.55MiB at   25.57MiB/s ETA 00:00
[download]   2.6% of    9.55MiB at   16.76MiB/s ETA 00:00
[download]   5.2% of    9.55MiB at   14.51MiB/s ETA 00:00
[download]  10.5% of    9.55MiB at   15.03MiB/s ETA 00:00
[download]  20.9% of    9.55MiB at   15.18MiB/s ETA 00:00
[download]  41.9% of    9.55MiB at   13.48MiB/s ETA 00:00
[download]  83.8% of    9.55MiB at   14.91MiB/s ETA 00:00
[download] 100.0% of    9.55MiB at   16.88MiB/s ETA 00:00
[download] 100% of    9.55MiB in 00:00:00 at 14.31MiB/s  
[ExtractAudio] Destination: /Users/marcelbuian/projects/mb/marcel-vibe/Deepium 2026/MarcelVibe/05/Unknown - B1 [JOKER002] - 2019.mp3
Deleting original file /Users/marcelbuian/projects/mb/marcel-vibe/Deepium 2026/MarcelVibe/05/Unknown - B1 [JOKER002] - 2019.webm (pass -k to keep)
[Metadata] Adding metadata to "/Users/marcelbuian/projects/mb/marcel-vibe/Deepium 2026/MarcelVibe/05/Unknown - B1 [JOKER002] - 2019.mp3"
[EmbedThumbnail] ffmpeg: Adding thumbnail to "/Users/marcelbuian/projects/mb/marcel-vibe/Deepium 2026/MarcelVibe/05/Unknown - B1 [JOKER002] - 2019.mp3"
[youtube] Extracting URL: https://www.youtube.com/watch?v=A5indWfxz74
[youtube] Sleeping 1.0 seconds ...
[youtube] A5indWfxz74: Downloading webpage
[youtube] Sleeping 1.0 seconds ...
[youtube] A5indWfxz74: Downloading visionos player API JSON
[youtube] Sleeping 1.0 seconds ...
[youtube] A5indWfxz74: Downloading m3u8 information
[info] A5indWfxz74: Downloading 1 format(s): 251
[info] Downloading video thumbnail 41 ...
[info] Writing video thumbnail 41 to: /Users/marcelbuian/projects/mb/marcel-vibe/Deepium 2026/MarcelVibe/05/Nacho Scoppa - Y qué (Edit) - 2025.webp
[ThumbnailsConvertor] Converting thumbnail "/Users/marcelbuian/projects/mb/marcel-vibe/Deepium 2026/MarcelVibe/05/Nacho Scoppa - Y qué (Edit) - 2025.webp" to jpg
Deleting original file /Users/marcelbuian/projects/mb/marcel-vibe/Deepium 2026/MarcelVibe/05/Nacho Scoppa - Y qué (Edit) - 2025.webp (pass -k to keep)
[download] Sleeping 2.46 seconds ...
[download] Destination: /Users/marcelbuian/projects/mb/marcel-vibe/Deepium 2026/MarcelVibe/05/Nacho Scoppa - Y qué (Edit) - 2025.webm

[download]   0.0% of    5.49MiB at  Unknown B/s ETA Unknown
[download]   0.1% of    5.49MiB at    2.59MiB/s ETA 00:02  
[download]   0.1% of    5.49MiB at    5.64MiB/s ETA 00:00
[download]   0.3% of    5.49MiB at   11.42MiB/s ETA 00:00
[download]   0.6% of    5.49MiB at   22.03MiB/s ETA 00:00
[download]   1.1% of    5.49MiB at   15.30MiB/s ETA 00:00
[download]   2.3% of    5.49MiB at   15.09MiB/s ETA 00:00
[download]   4.5% of    5.49MiB at   17.63MiB/s ETA 00:00
[download]   9.1% of    5.49MiB at   15.13MiB/s ETA 00:00
[download]  18.2% of    5.49MiB at   14.98MiB/s ETA 00:00
[download]  36.4% of    5.49MiB at   14.85MiB/s ETA 00:00
[download]  72.8% of    5.49MiB at   12.36MiB/s ETA 00:00
[download] 100.0% of    5.49MiB at   15.30MiB/s ETA 00:00
[download] 100% of    5.49MiB in 00:00:00 at 10.89MiB/s  
[ExtractAudio] Destination: /Users/marcelbuian/projects/mb/marcel-vibe/Deepium 2026/MarcelVibe/05/Nacho Scoppa - Y qué (Edit) - 2025.mp3
Deleting original file /Users/marcelbuian/projects/mb/marcel-vibe/Deepium 2026/MarcelVibe/05/Nacho Scoppa - Y qué (Edit) - 2025.webm (pass -k to keep)
[Metadata] Adding metadata to "/Users/marcelbuian/projects/mb/marcel-vibe/Deepium 2026/MarcelVibe/05/Nacho Scoppa - Y qué (Edit) - 2025.mp3"
[EmbedThumbnail] ffmpeg: Adding thumbnail to "/Users/marcelbuian/projects/mb/marcel-vibe/Deepium 2026/MarcelVibe/05/Nacho Scoppa - Y qué (Edit) - 2025.mp3"
[youtube] Extracting URL: https://www.youtube.com/watch?v=cUtHidxIXSw
[youtube] Sleeping 1.0 seconds ...
[youtube] cUtHidxIXSw: Downloading webpage
[youtube] Sleeping 1.0 seconds ...
[youtube] cUtHidxIXSw: Downloading visionos player API JSON
[youtube] Extracting URL: https://www.youtube.com/watch?v=tw2i7bWIW6M
[youtube] Sleeping 1.0 seconds ...
[youtube] tw2i7bWIW6M: Downloading webpage
[youtube] Sleeping 1.0 seconds ...
[youtube] tw2i7bWIW6M: Downloading visionos player API JSON
[youtube] Sleeping 1.0 seconds ...
[youtube] tw2i7bWIW6M: Downloading m3u8 information
[info] tw2i7bWIW6M: Downloading 1 format(s): 251
[info] Downloading video thumbnail 44 ...
[info] Writing video thumbnail 44 to: /Users/marcelbuian/projects/mb/marcel-vibe/Deepium 2026/MarcelVibe/05/Robert Cecil - This Time Around - 2021.webp
[ThumbnailsConvertor] Converting thumbnail "/Users/marcelbuian/projects/mb/marcel-vibe/Deepium 2026/MarcelVibe/05/Robert Cecil - This Time Around - 2021.webp" to jpg
Deleting original file /Users/marcelbuian/projects/mb/marcel-vibe/Deepium 2026/MarcelVibe/05/Robert Cecil - This Time Around - 2021.webp (pass -k to keep)
[download] Sleeping 1.63 seconds ...
[download] Destination: /Users/marcelbuian/projects/mb/marcel-vibe/Deepium 2026/MarcelVibe/05/Robert Cecil - This Time Around - 2021.webm

[download]   0.0% of    5.98MiB at  Unknown B/s ETA Unknown
[download]   0.0% of    5.98MiB at  Unknown B/s ETA Unknown
[download]   0.1% of    5.98MiB at  Unknown B/s ETA Unknown
[download]   0.2% of    5.98MiB at  Unknown B/s ETA Unknown
[download]   0.5% of    5.98MiB at  Unknown B/s ETA Unknown
[download]   1.0% of    5.98MiB at  Unknown B/s ETA Unknown
[download]   2.1% of    5.98MiB at   36.41MiB/s ETA 00:00  
[download]   4.2% of    5.98MiB at   44.85MiB/s ETA 00:00
[download]   8.3% of    5.98MiB at   49.95MiB/s ETA 00:00
[download]  16.7% of    5.98MiB at   53.28MiB/s ETA 00:00
[download]  33.4% of    5.98MiB at   51.52MiB/s ETA 00:00
[download]  66.9% of    5.98MiB at   52.19MiB/s ETA 00:00
[download] 100.0% of    5.98MiB at   42.88MiB/s ETA 00:00
[download] 100% of    5.98MiB in 00:00:00 at 26.31MiB/s  
[ExtractAudio] Destination: /Users/marcelbuian/projects/mb/marcel-vibe/Deepium 2026/MarcelVibe/05/Robert Cecil - This Time Around - 2021.mp3
Deleting original file /Users/marcelbuian/projects/mb/marcel-vibe/Deepium 2026/MarcelVibe/05/Robert Cecil - This Time Around - 2021.webm (pass -k to keep)
[Metadata] Adding metadata to "/Users/marcelbuian/projects/mb/marcel-vibe/Deepium 2026/MarcelVibe/05/Robert Cecil - This Time Around - 2021.mp3"
[EmbedThumbnail] ffmpeg: Adding thumbnail to "/Users/marcelbuian/projects/mb/marcel-vibe/Deepium 2026/MarcelVibe/05/Robert Cecil - This Time Around - 2021.mp3"
[youtube] Extracting URL: https://www.youtube.com/watch?v=TSfHzuP9_xY
[youtube] Sleeping 1.0 seconds ...
[youtube] TSfHzuP9_xY: Downloading webpage
[youtube] Sleeping 1.0 seconds ...
[youtube] TSfHzuP9_xY: Downloading visionos player API JSON
[youtube] Extracting URL: https://www.youtube.com/watch?v=BBUSs0t85ms
[youtube] Sleeping 1.0 seconds ...
[youtube] BBUSs0t85ms: Downloading webpage
[youtube] Sleeping 1.0 seconds ...
[youtube] BBUSs0t85ms: Downloading visionos player API JSON
[youtube] Sleeping 1.0 seconds ...
[youtube] BBUSs0t85ms: Downloading m3u8 information
[info] BBUSs0t85ms: Downloading 1 format(s): 251
[info] Downloading video thumbnail 41 ...
[info] Writing video thumbnail 41 to: /Users/marcelbuian/projects/mb/marcel-vibe/Deepium 2026/MarcelVibe/05/TCTS & Boston Bun (feat. Andrea Martin) - Without You (Extended Mix) - 2021.webp
[ThumbnailsConvertor] Converting thumbnail "/Users/marcelbuian/projects/mb/marcel-vibe/Deepium 2026/MarcelVibe/05/TCTS & Boston Bun (feat. Andrea Martin) - Without You (Extended Mix) - 2021.webp" to jpg
Deleting original file /Users/marcelbuian/projects/mb/marcel-vibe/Deepium 2026/MarcelVibe/05/TCTS & Boston Bun (feat. Andrea Martin) - Without You (Extended Mix) - 2021.webp (pass -k to keep)
[download] Sleeping 2.73 seconds ...
[download] Destination: /Users/marcelbuian/projects/mb/marcel-vibe/Deepium 2026/MarcelVibe/05/TCTS & Boston Bun (feat. Andrea Martin) - Without You (Extended Mix) - 2021.webm

[download]   0.0% of    4.74MiB at  525.27KiB/s ETA 00:09
[download]   0.1% of    4.74MiB at    1.16MiB/s ETA 00:04
[download]   0.1% of    4.74MiB at    2.35MiB/s ETA 00:02
[download]   0.3% of    4.74MiB at    4.24MiB/s ETA 00:01
[download]   0.6% of    4.74MiB at    4.17MiB/s ETA 00:01
[download]   1.3% of    4.74MiB at    4.94MiB/s ETA 00:00
[download]   2.6% of    4.74MiB at    7.36MiB/s ETA 00:00
[download]   5.2% of    4.74MiB at   10.88MiB/s ETA 00:00
[download]  10.5% of    4.74MiB at   15.80MiB/s ETA 00:00
[download]  21.1% of    4.74MiB at    9.77MiB/s ETA 00:00
[download]  42.1% of    4.74MiB at    8.36MiB/s ETA 00:00
[download]  84.3% of    4.74MiB at   14.14MiB/s ETA 00:00
[download] 100.0% of    4.74MiB at   13.14MiB/s ETA 00:00
[download] 100% of    4.74MiB in 00:00:00 at 9.31MiB/s   
[ExtractAudio] Destination: /Users/marcelbuian/projects/mb/marcel-vibe/Deepium 2026/MarcelVibe/05/TCTS & Boston Bun (feat. Andrea Martin) - Without You (Extended Mix) - 2021.mp3
Deleting original file /Users/marcelbuian/projects/mb/marcel-vibe/Deepium 2026/MarcelVibe/05/TCTS & Boston Bun (feat. Andrea Martin) - Without You (Extended Mix) - 2021.webm (pass -k to keep)
[Metadata] Adding metadata to "/Users/marcelbuian/projects/mb/marcel-vibe/Deepium 2026/MarcelVibe/05/TCTS & Boston Bun (feat. Andrea Martin) - Without You (Extended Mix) - 2021.mp3"
[EmbedThumbnail] ffmpeg: Adding thumbnail to "/Users/marcelbuian/projects/mb/marcel-vibe/Deepium 2026/MarcelVibe/05/TCTS & Boston Bun (feat. Andrea Martin) - Without You (Extended Mix) - 2021.mp3"
Reading URLs from STDIN - EOF (Ctrl+D) to end:
ERROR: [youtube] cUtHidxIXSw: Video unavailable. This video is not available
ERROR: [youtube] TSfHzuP9_xY: Video unavailable. This video is not available

===== 06 (#06 - 2025-06-21 Tufieha, Malta) 14:41:14
[youtube] Extracting URL: https://www.youtube.com/watch?v=lx2iJ1cVBU8
[youtube] lx2iJ1cVBU8: Downloading webpage
[youtube] Sleeping 1.0 seconds ...
[youtube] lx2iJ1cVBU8: Downloading visionos player API JSON
[youtube] Sleeping 1.0 seconds ...
[youtube] lx2iJ1cVBU8: Downloading m3u8 information
[info] lx2iJ1cVBU8: Downloading 1 format(s): 251
[info] Downloading video thumbnail 43 ...
[info] Video Thumbnail 43 does not exist
[info] Downloading video thumbnail 42 ...
[info] Video Thumbnail 42 does not exist
[info] Downloading video thumbnail 41 ...
[info] Video Thumbnail 41 does not exist
[info] Downloading video thumbnail 40 ...
[info] Video Thumbnail 40 does not exist
[info] Downloading video thumbnail 39 ...
[info] Writing video thumbnail 39 to: /Users/marcelbuian/projects/mb/marcel-vibe/Deepium 2026/MarcelVibe/06/Claude VonStroke & Nala - Wet State [DIRTYBIRD] - 2021.webp
[ThumbnailsConvertor] Converting thumbnail "/Users/marcelbuian/projects/mb/marcel-vibe/Deepium 2026/MarcelVibe/06/Claude VonStroke & Nala - Wet State [DIRTYBIRD] - 2021.webp" to jpg
Deleting original file /Users/marcelbuian/projects/mb/marcel-vibe/Deepium 2026/MarcelVibe/06/Claude VonStroke & Nala - Wet State [DIRTYBIRD] - 2021.webp (pass -k to keep)
[download] Sleeping 1.19 seconds ...
[download] Destination: /Users/marcelbuian/projects/mb/marcel-vibe/Deepium 2026/MarcelVibe/06/Claude VonStroke & Nala - Wet State [DIRTYBIRD] - 2021.webm

[download]   0.0% of    4.99MiB at  564.66KiB/s ETA 00:09
[download]   0.1% of    4.99MiB at    1.26MiB/s ETA 00:03
[download]   0.1% of    4.99MiB at    2.70MiB/s ETA 00:01
[download]   0.3% of    4.99MiB at    5.43MiB/s ETA 00:00
[download]   0.6% of    4.99MiB at    4.90MiB/s ETA 00:01
[download]   1.2% of    4.99MiB at    5.80MiB/s ETA 00:00
[download]   2.5% of    4.99MiB at    7.23MiB/s ETA 00:00
[download]   5.0% of    4.99MiB at   10.92MiB/s ETA 00:00
[download]  10.0% of    4.99MiB at   16.32MiB/s ETA 00:00
[download]  20.0% of    4.99MiB at   15.72MiB/s ETA 00:00
[download]  40.1% of    4.99MiB at   15.21MiB/s ETA 00:00
[download]  80.1% of    4.99MiB at   23.03MiB/s ETA 00:00
[download] 100.0% of    4.99MiB at   16.98MiB/s ETA 00:00
[download] 100% of    4.99MiB in 00:00:00 at 9.60MiB/s   
[ExtractAudio] Destination: /Users/marcelbuian/projects/mb/marcel-vibe/Deepium 2026/MarcelVibe/06/Claude VonStroke & Nala - Wet State [DIRTYBIRD] - 2021.mp3
Deleting original file /Users/marcelbuian/projects/mb/marcel-vibe/Deepium 2026/MarcelVibe/06/Claude VonStroke & Nala - Wet State [DIRTYBIRD] - 2021.webm (pass -k to keep)
[Metadata] Adding metadata to "/Users/marcelbuian/projects/mb/marcel-vibe/Deepium 2026/MarcelVibe/06/Claude VonStroke & Nala - Wet State [DIRTYBIRD] - 2021.mp3"
[EmbedThumbnail] ffmpeg: Adding thumbnail to "/Users/marcelbuian/projects/mb/marcel-vibe/Deepium 2026/MarcelVibe/06/Claude VonStroke & Nala - Wet State [DIRTYBIRD] - 2021.mp3"
[youtube] Extracting URL: https://www.youtube.com/watch?v=mLSsgxDCvng
[youtube] Sleeping 1.0 seconds ...
[youtube] mLSsgxDCvng: Downloading webpage
[youtube] Sleeping 1.0 seconds ...
[youtube] mLSsgxDCvng: Downloading visionos player API JSON
[youtube] Sleeping 1.0 seconds ...
[youtube] mLSsgxDCvng: Downloading m3u8 information
[info] mLSsgxDCvng: Downloading 1 format(s): 251
[info] Downloading video thumbnail 41 ...
[info] Writing video thumbnail 41 to: /Users/marcelbuian/projects/mb/marcel-vibe/Deepium 2026/MarcelVibe/06/Jody Wisternoff & James Grant - Nightwhisper - 2020.webp
[ThumbnailsConvertor] Converting thumbnail "/Users/marcelbuian/projects/mb/marcel-vibe/Deepium 2026/MarcelVibe/06/Jody Wisternoff & James Grant - Nightwhisper - 2020.webp" to jpg
Deleting original file /Users/marcelbuian/projects/mb/marcel-vibe/Deepium 2026/MarcelVibe/06/Jody Wisternoff & James Grant - Nightwhisper - 2020.webp (pass -k to keep)
[download] Sleeping 2.64 seconds ...
[download] Destination: /Users/marcelbuian/projects/mb/marcel-vibe/Deepium 2026/MarcelVibe/06/Jody Wisternoff & James Grant - Nightwhisper - 2020.webm

[download]   0.0% of    5.33MiB at  994.15KiB/s ETA 00:05
[download]   0.1% of    5.33MiB at    1.77MiB/s ETA 00:03
[download]   0.1% of    5.33MiB at    3.51MiB/s ETA 00:01
[download]   0.3% of    5.33MiB at    6.55MiB/s ETA 00:00
[download]   0.6% of    5.33MiB at   11.67MiB/s ETA 00:00
[download]   1.2% of    5.33MiB at   20.97MiB/s ETA 00:00
[download]   2.3% of    5.33MiB at   31.81MiB/s ETA 00:00
[download]   4.7% of    5.33MiB at   16.77MiB/s ETA 00:00
[download]   9.4% of    5.33MiB at   17.12MiB/s ETA 00:00
[download]  18.7% of    5.33MiB at   15.82MiB/s ETA 00:00
[download]  37.5% of    5.33MiB at   15.32MiB/s ETA 00:00
[download]  75.0% of    5.33MiB at   23.52MiB/s ETA 00:00
[download] 100.0% of    5.33MiB at   17.08MiB/s ETA 00:00
[download] 100% of    5.33MiB in 00:00:00 at 8.79MiB/s   
[ExtractAudio] Destination: /Users/marcelbuian/projects/mb/marcel-vibe/Deepium 2026/MarcelVibe/06/Jody Wisternoff & James Grant - Nightwhisper - 2020.mp3
Deleting original file /Users/marcelbuian/projects/mb/marcel-vibe/Deepium 2026/MarcelVibe/06/Jody Wisternoff & James Grant - Nightwhisper - 2020.webm (pass -k to keep)
[Metadata] Adding metadata to "/Users/marcelbuian/projects/mb/marcel-vibe/Deepium 2026/MarcelVibe/06/Jody Wisternoff & James Grant - Nightwhisper - 2020.mp3"
[EmbedThumbnail] ffmpeg: Adding thumbnail to "/Users/marcelbuian/projects/mb/marcel-vibe/Deepium 2026/MarcelVibe/06/Jody Wisternoff & James Grant - Nightwhisper - 2020.mp3"
[youtube] Extracting URL: https://www.youtube.com/watch?v=ZD6X_zFmZlI
[youtube] Sleeping 1.0 seconds ...
[youtube] ZD6X_zFmZlI: Downloading webpage
[youtube] Sleeping 1.0 seconds ...
[youtube] ZD6X_zFmZlI: Downloading visionos player API JSON
[youtube] Sleeping 1.0 seconds ...
[youtube] ZD6X_zFmZlI: Downloading m3u8 information
[info] ZD6X_zFmZlI: Downloading 1 format(s): 251
[info] Downloading video thumbnail 41 ...
[info] Writing video thumbnail 41 to: /Users/marcelbuian/projects/mb/marcel-vibe/Deepium 2026/MarcelVibe/06/Marsh & Phenoir feat. Mariel Beausejour - Don't Wait (Official Music Video) - 2020.webp
[ThumbnailsConvertor] Converting thumbnail "/Users/marcelbuian/projects/mb/marcel-vibe/Deepium 2026/MarcelVibe/06/Marsh & Phenoir feat. Mariel Beausejour - Don't Wait (Official Music Video) - 2020.webp" to jpg
Deleting original file /Users/marcelbuian/projects/mb/marcel-vibe/Deepium 2026/MarcelVibe/06/Marsh & Phenoir feat. Mariel Beausejour - Don't Wait (Official Music Video) - 2020.webp (pass -k to keep)
[download] Sleeping 2.32 seconds ...
[download] Destination: /Users/marcelbuian/projects/mb/marcel-vibe/Deepium 2026/MarcelVibe/06/Marsh & Phenoir feat. Mariel Beausejour - Don't Wait (Official Music Video) - 2020.webm

[download]   0.0% of    4.11MiB at  498.79KiB/s ETA 00:08
[download]   0.1% of    4.11MiB at    1.05MiB/s ETA 00:03
[download]   0.2% of    4.11MiB at    2.11MiB/s ETA 00:01
[download]   0.4% of    4.11MiB at    4.11MiB/s ETA 00:00
[download]   0.7% of    4.11MiB at    4.62MiB/s ETA 00:00
[download]   1.5% of    4.11MiB at    5.10MiB/s ETA 00:00
[download]   3.0% of    4.11MiB at    7.50MiB/s ETA 00:00
[download]   6.1% of    4.11MiB at    9.65MiB/s ETA 00:00
[download]  12.1% of    4.11MiB at   14.27MiB/s ETA 00:00
[download]  24.3% of    4.11MiB at   15.17MiB/s ETA 00:00
[download]  48.6% of    4.11MiB at   14.90MiB/s ETA 00:00
[download]  97.3% of    4.11MiB at   22.99MiB/s ETA 00:00
[download] 100.0% of    4.11MiB at   18.76MiB/s ETA 00:00
[download] 100% of    4.11MiB in 00:00:00 at 10.21MiB/s  
[ExtractAudio] Destination: /Users/marcelbuian/projects/mb/marcel-vibe/Deepium 2026/MarcelVibe/06/Marsh & Phenoir feat. Mariel Beausejour - Don't Wait (Official Music Video) - 2020.mp3
Deleting original file /Users/marcelbuian/projects/mb/marcel-vibe/Deepium 2026/MarcelVibe/06/Marsh & Phenoir feat. Mariel Beausejour - Don't Wait (Official Music Video) - 2020.webm (pass -k to keep)
[Metadata] Adding metadata to "/Users/marcelbuian/projects/mb/marcel-vibe/Deepium 2026/MarcelVibe/06/Marsh & Phenoir feat. Mariel Beausejour - Don't Wait (Official Music Video) - 2020.mp3"
[EmbedThumbnail] ffmpeg: Adding thumbnail to "/Users/marcelbuian/projects/mb/marcel-vibe/Deepium 2026/MarcelVibe/06/Marsh & Phenoir feat. Mariel Beausejour - Don't Wait (Official Music Video) - 2020.mp3"
[youtube] Extracting URL: https://www.youtube.com/watch?v=-vtVumkthy4
[youtube] Sleeping 1.0 seconds ...
[youtube] -vtVumkthy4: Downloading webpage
[youtube] Sleeping 1.0 seconds ...
[youtube] -vtVumkthy4: Downloading visionos player API JSON
[youtube] Sleeping 1.0 seconds ...
[youtube] -vtVumkthy4: Downloading m3u8 information
[info] -vtVumkthy4: Downloading 1 format(s): 251
[info] Downloading video thumbnail 41 ...
[info] Writing video thumbnail 41 to: /Users/marcelbuian/projects/mb/marcel-vibe/Deepium 2026/MarcelVibe/06/Sajmoonn - Mon coeur ft. Table - 2024.webp
[ThumbnailsConvertor] Converting thumbnail "/Users/marcelbuian/projects/mb/marcel-vibe/Deepium 2026/MarcelVibe/06/Sajmoonn - Mon coeur ft. Table - 2024.webp" to jpg
Deleting original file /Users/marcelbuian/projects/mb/marcel-vibe/Deepium 2026/MarcelVibe/06/Sajmoonn - Mon coeur ft. Table - 2024.webp (pass -k to keep)
[download] Sleeping 1.91 seconds ...
[download] Destination: /Users/marcelbuian/projects/mb/marcel-vibe/Deepium 2026/MarcelVibe/06/Sajmoonn - Mon coeur ft. Table - 2024.webm

[download]   0.0% of    4.38MiB at  472.54KiB/s ETA 00:09
[download]   0.1% of    4.38MiB at    1.17MiB/s ETA 00:03
[download]   0.2% of    4.38MiB at    2.51MiB/s ETA 00:01
[download]   0.3% of    4.38MiB at    4.99MiB/s ETA 00:00
[download]   0.7% of    4.38MiB at    4.53MiB/s ETA 00:00
[download]   1.4% of    4.38MiB at    4.72MiB/s ETA 00:00
[download]   2.8% of    4.38MiB at    3.06MiB/s ETA 00:01
[download]   5.7% of    4.38MiB at    3.13MiB/s ETA 00:01
[download]  11.4% of    4.38MiB at    4.35MiB/s ETA 00:00
[download]  22.8% of    4.38MiB at    6.59MiB/s ETA 00:00
[download]  45.6% of    4.38MiB at    9.13MiB/s ETA 00:00
[download]  91.2% of    4.38MiB at   13.64MiB/s ETA 00:00
[download] 100.0% of    4.38MiB at   12.71MiB/s ETA 00:00
[download] 100% of    4.38MiB in 00:00:00 at 6.71MiB/s   
[ExtractAudio] Destination: /Users/marcelbuian/projects/mb/marcel-vibe/Deepium 2026/MarcelVibe/06/Sajmoonn - Mon coeur ft. Table - 2024.mp3
Deleting original file /Users/marcelbuian/projects/mb/marcel-vibe/Deepium 2026/MarcelVibe/06/Sajmoonn - Mon coeur ft. Table - 2024.webm (pass -k to keep)
[Metadata] Adding metadata to "/Users/marcelbuian/projects/mb/marcel-vibe/Deepium 2026/MarcelVibe/06/Sajmoonn - Mon coeur ft. Table - 2024.mp3"
[EmbedThumbnail] ffmpeg: Adding thumbnail to "/Users/marcelbuian/projects/mb/marcel-vibe/Deepium 2026/MarcelVibe/06/Sajmoonn - Mon coeur ft. Table - 2024.mp3"
[youtube] Extracting URL: https://www.youtube.com/watch?v=gyyHqMvqO2k
[youtube] Sleeping 1.0 seconds ...
[youtube] gyyHqMvqO2k: Downloading webpage
[youtube] Sleeping 1.0 seconds ...
[youtube] gyyHqMvqO2k: Downloading visionos player API JSON
[youtube] Sleeping 1.0 seconds ...
[youtube] gyyHqMvqO2k: Downloading m3u8 information
[info] gyyHqMvqO2k: Downloading 1 format(s): 251
[info] Downloading video thumbnail 41 ...
[info] Writing video thumbnail 41 to: /Users/marcelbuian/projects/mb/marcel-vibe/Deepium 2026/MarcelVibe/06/Jody Wisternoff - The Bridge feat. Sian Evans (Original Mix) - 2015.webp
[ThumbnailsConvertor] Converting thumbnail "/Users/marcelbuian/projects/mb/marcel-vibe/Deepium 2026/MarcelVibe/06/Jody Wisternoff - The Bridge feat. Sian Evans (Original Mix) - 2015.webp" to jpg
Deleting original file /Users/marcelbuian/projects/mb/marcel-vibe/Deepium 2026/MarcelVibe/06/Jody Wisternoff - The Bridge feat. Sian Evans (Original Mix) - 2015.webp (pass -k to keep)
[download] Sleeping 1.54 seconds ...
[download] Destination: /Users/marcelbuian/projects/mb/marcel-vibe/Deepium 2026/MarcelVibe/06/Jody Wisternoff - The Bridge feat. Sian Evans (Original Mix) - 2015.webm

[download]   0.0% of    6.21MiB at  Unknown B/s ETA Unknown
[download]   0.0% of    6.21MiB at    2.12MiB/s ETA 00:02  
[download]   0.1% of    6.21MiB at    4.30MiB/s ETA 00:01
[download]   0.2% of    6.21MiB at    8.29MiB/s ETA 00:00
[download]   0.5% of    6.21MiB at   15.53MiB/s ETA 00:00
[download]   1.0% of    6.21MiB at   28.12MiB/s ETA 00:00
[download]   2.0% of    6.21MiB at   20.88MiB/s ETA 00:00
[download]   4.0% of    6.21MiB at   15.93MiB/s ETA 00:00
[download]   8.0% of    6.21MiB at   16.87MiB/s ETA 00:00
[download]  16.1% of    6.21MiB at   15.06MiB/s ETA 00:00
[download]  32.2% of    6.21MiB at   15.20MiB/s ETA 00:00
[download]  64.4% of    6.21MiB at   23.96MiB/s ETA 00:00
[download] 100.0% of    6.21MiB at    6.04MiB/s ETA 00:00
[download] 100% of    6.21MiB in 00:00:01 at 5.09MiB/s   
[ExtractAudio] Destination: /Users/marcelbuian/projects/mb/marcel-vibe/Deepium 2026/MarcelVibe/06/Jody Wisternoff - The Bridge feat. Sian Evans (Original Mix) - 2015.mp3
Deleting original file /Users/marcelbuian/projects/mb/marcel-vibe/Deepium 2026/MarcelVibe/06/Jody Wisternoff - The Bridge feat. Sian Evans (Original Mix) - 2015.webm (pass -k to keep)
[Metadata] Adding metadata to "/Users/marcelbuian/projects/mb/marcel-vibe/Deepium 2026/MarcelVibe/06/Jody Wisternoff - The Bridge feat. Sian Evans (Original Mix) - 2015.mp3"
[EmbedThumbnail] ffmpeg: Adding thumbnail to "/Users/marcelbuian/projects/mb/marcel-vibe/Deepium 2026/MarcelVibe/06/Jody Wisternoff - The Bridge feat. Sian Evans (Original Mix) - 2015.mp3"
[youtube] Extracting URL: https://www.youtube.com/watch?v=lJZQB8pEyO0
[youtube] Sleeping 1.0 seconds ...
[youtube] lJZQB8pEyO0: Downloading webpage
[youtube] Sleeping 1.0 seconds ...
[youtube] lJZQB8pEyO0: Downloading visionos player API JSON
[youtube] Sleeping 1.0 seconds ...
[youtube] lJZQB8pEyO0: Downloading m3u8 information
[info] lJZQB8pEyO0: Downloading 1 format(s): 251
[info] Downloading video thumbnail 41 ...
[info] Writing video thumbnail 41 to: /Users/marcelbuian/projects/mb/marcel-vibe/Deepium 2026/MarcelVibe/06/Track of the Day (19⧸07⧸2020) ~ Nora En Pure - Delta (Extended Mix) - 2020.webp
[ThumbnailsConvertor] Converting thumbnail "/Users/marcelbuian/projects/mb/marcel-vibe/Deepium 2026/MarcelVibe/06/Track of the Day (19⧸07⧸2020) ~ Nora En Pure - Delta (Extended Mix) - 2020.webp" to jpg
Deleting original file /Users/marcelbuian/projects/mb/marcel-vibe/Deepium 2026/MarcelVibe/06/Track of the Day (19⧸07⧸2020) ~ Nora En Pure - Delta (Extended Mix) - 2020.webp (pass -k to keep)
[download] Sleeping 1.67 seconds ...
[download] Destination: /Users/marcelbuian/projects/mb/marcel-vibe/Deepium 2026/MarcelVibe/06/Track of the Day (19⧸07⧸2020) ~ Nora En Pure - Delta (Extended Mix) - 2020.webm

[download]   0.0% of    6.33MiB at  441.13KiB/s ETA 00:14
[download]   0.0% of    6.33MiB at    1.03MiB/s ETA 00:06
[download]   0.1% of    6.33MiB at    2.24MiB/s ETA 00:02
[download]   0.2% of    6.33MiB at    4.52MiB/s ETA 00:01
[download]   0.5% of    6.33MiB at    2.31MiB/s ETA 00:02
[download]   1.0% of    6.33MiB at    3.49MiB/s ETA 00:01
[download]   2.0% of    6.33MiB at    3.67MiB/s ETA 00:01
[download]   3.9% of    6.33MiB at    6.23MiB/s ETA 00:00
[download]   7.9% of    6.33MiB at    7.77MiB/s ETA 00:00
[download]  15.8% of    6.33MiB at    9.71MiB/s ETA 00:00
[download]  31.6% of    6.33MiB at   10.39MiB/s ETA 00:00
[download]  63.2% of    6.33MiB at    1.87MiB/s ETA 00:01
[download]  79.4% of    6.33MiB at    1.46MiB/s ETA 00:00
[download]  92.0% of    6.33MiB at    1.26MiB/s ETA 00:00
[download] 100.0% of    6.33MiB at    1.21MiB/s ETA 00:00
[download] 100% of    6.33MiB in 00:00:05 at 1.18MiB/s   
[ExtractAudio] Destination: /Users/marcelbuian/projects/mb/marcel-vibe/Deepium 2026/MarcelVibe/06/Track of the Day (19⧸07⧸2020) ~ Nora En Pure - Delta (Extended Mix) - 2020.mp3
Deleting original file /Users/marcelbuian/projects/mb/marcel-vibe/Deepium 2026/MarcelVibe/06/Track of the Day (19⧸07⧸2020) ~ Nora En Pure - Delta (Extended Mix) - 2020.webm (pass -k to keep)
[Metadata] Adding metadata to "/Users/marcelbuian/projects/mb/marcel-vibe/Deepium 2026/MarcelVibe/06/Track of the Day (19⧸07⧸2020) ~ Nora En Pure - Delta (Extended Mix) - 2020.mp3"
[EmbedThumbnail] ffmpeg: Adding thumbnail to "/Users/marcelbuian/projects/mb/marcel-vibe/Deepium 2026/MarcelVibe/06/Track of the Day (19⧸07⧸2020) ~ Nora En Pure - Delta (Extended Mix) - 2020.mp3"
[youtube] Extracting URL: https://www.youtube.com/watch?v=YiO_J_85S00
[youtube] Sleeping 1.0 seconds ...
[youtube] YiO_J_85S00: Downloading webpage
[youtube] Sleeping 1.0 seconds ...
[youtube] YiO_J_85S00: Downloading visionos player API JSON
[youtube] Sleeping 1.0 seconds ...
[youtube] YiO_J_85S00: Downloading m3u8 information
[info] YiO_J_85S00: Downloading 1 format(s): 251
[info] Downloading video thumbnail 44 ...
[info] Writing video thumbnail 44 to: /Users/marcelbuian/projects/mb/marcel-vibe/Deepium 2026/MarcelVibe/06/Talemates - Rabavi - 2022.webp
[ThumbnailsConvertor] Converting thumbnail "/Users/marcelbuian/projects/mb/marcel-vibe/Deepium 2026/MarcelVibe/06/Talemates - Rabavi - 2022.webp" to jpg
Deleting original file /Users/marcelbuian/projects/mb/marcel-vibe/Deepium 2026/MarcelVibe/06/Talemates - Rabavi - 2022.webp (pass -k to keep)
[download] Sleeping 2.85 seconds ...
[download] Destination: /Users/marcelbuian/projects/mb/marcel-vibe/Deepium 2026/MarcelVibe/06/Talemates - Rabavi - 2022.webm

[download]   0.0% of    7.11MiB at   46.68KiB/s ETA 02:36
[download]   0.0% of    7.11MiB at  137.02KiB/s ETA 00:53
[download]   0.1% of    7.11MiB at  315.64KiB/s ETA 00:23
[download]   0.2% of    7.11MiB at  666.60KiB/s ETA 00:10
[download]   0.4% of    7.11MiB at    1.32MiB/s ETA 00:05
[download]   0.9% of    7.11MiB at    1.66MiB/s ETA 00:04
[download]   1.7% of    7.11MiB at    2.07MiB/s ETA 00:03
[download]   3.5% of    7.11MiB at    2.03MiB/s ETA 00:03
[download]   7.0% of    7.11MiB at    1.18MiB/s ETA 00:05
[download]  14.0% of    7.11MiB at  344.59KiB/s ETA 00:18
[download]  17.6% of    7.11MiB at  320.85KiB/s ETA 00:18
[download]  21.0% of    7.11MiB at  229.21KiB/s ETA 00:25
[download]  22.7% of    7.11MiB at  232.58KiB/s ETA 00:24
[download]  26.2% of    7.11MiB at  258.80KiB/s ETA 00:20
[download]  33.1% of    7.11MiB at  280.05KiB/s ETA 00:17
[download]  38.7% of    7.11MiB at  286.86KiB/s ETA 00:15
[download]  43.3% of    7.11MiB at  297.05KiB/s ETA 00:13
[download]  49.1% of    7.11MiB at  306.12KiB/s ETA 00:12
[download]  54.5% of    7.11MiB at  252.50KiB/s ETA 00:13
[download]  57.3% of    7.11MiB at  260.20KiB/s ETA 00:11
[download]  62.7% of    7.11MiB at  273.84KiB/s ETA 00:09
[download]  71.1% of    7.11MiB at  280.43KiB/s ETA 00:07
[download]  75.8% of    7.11MiB at  288.60KiB/s ETA 00:06
[download]  82.9% of    7.11MiB at  286.19KiB/s ETA 00:04
[download]  86.5% of    7.11MiB at  291.49KiB/s ETA 00:03
[download]  93.4% of    7.11MiB at  300.24KiB/s ETA 00:01
[download] 100.0% of    7.11MiB at  295.05KiB/s ETA 00:00
[download] 100% of    7.11MiB in 00:00:25 at 290.67KiB/s 
[ExtractAudio] Destination: /Users/marcelbuian/projects/mb/marcel-vibe/Deepium 2026/MarcelVibe/06/Talemates - Rabavi - 2022.mp3
Deleting original file /Users/marcelbuian/projects/mb/marcel-vibe/Deepium 2026/MarcelVibe/06/Talemates - Rabavi - 2022.webm (pass -k to keep)
[Metadata] Adding metadata to "/Users/marcelbuian/projects/mb/marcel-vibe/Deepium 2026/MarcelVibe/06/Talemates - Rabavi - 2022.mp3"
[EmbedThumbnail] ffmpeg: Adding thumbnail to "/Users/marcelbuian/projects/mb/marcel-vibe/Deepium 2026/MarcelVibe/06/Talemates - Rabavi - 2022.mp3"
[youtube] Extracting URL: https://www.youtube.com/watch?v=5AOVgmdDBs8
[youtube] Sleeping 1.0 seconds ...
[youtube] 5AOVgmdDBs8: Downloading webpage
[youtube] Sleeping 1.0 seconds ...
[youtube] 5AOVgmdDBs8: Downloading visionos player API JSON
[youtube] Sleeping 1.0 seconds ...
[youtube] 5AOVgmdDBs8: Downloading m3u8 information
[info] 5AOVgmdDBs8: Downloading 1 format(s): 251
[info] Downloading video thumbnail 44 ...
[info] Writing video thumbnail 44 to: /Users/marcelbuian/projects/mb/marcel-vibe/Deepium 2026/MarcelVibe/06/Premiere： Emi Galvan & DJ Zombi - Frequency Shift [Songuara] - 2024.webp
[ThumbnailsConvertor] Converting thumbnail "/Users/marcelbuian/projects/mb/marcel-vibe/Deepium 2026/MarcelVibe/06/Premiere： Emi Galvan & DJ Zombi - Frequency Shift [Songuara] - 2024.webp" to jpg
Deleting original file /Users/marcelbuian/projects/mb/marcel-vibe/Deepium 2026/MarcelVibe/06/Premiere： Emi Galvan & DJ Zombi - Frequency Shift [Songuara] - 2024.webp (pass -k to keep)
[download] Sleeping 1.99 seconds ...
[download] Destination: /Users/marcelbuian/projects/mb/marcel-vibe/Deepium 2026/MarcelVibe/06/Premiere： Emi Galvan & DJ Zombi - Frequency Shift [Songuara] - 2024.webm

[download]   0.0% of    7.47MiB at  Unknown B/s ETA Unknown
[download]   0.0% of    7.47MiB at    2.62MiB/s ETA 00:02  
[download]   0.1% of    7.47MiB at    5.06MiB/s ETA 00:01
[download]   0.2% of    7.47MiB at    9.31MiB/s ETA 00:00
[download]   0.4% of    7.47MiB at   16.64MiB/s ETA 00:00
[download]   0.8% of    7.47MiB at   17.88MiB/s ETA 00:00
[download]   1.7% of    7.47MiB at   18.41MiB/s ETA 00:00
[download]   3.3% of    7.47MiB at   18.86MiB/s ETA 00:00
[download]   6.7% of    7.47MiB at   15.67MiB/s ETA 00:00
[download]  13.4% of    7.47MiB at    9.38MiB/s ETA 00:00
[download]  26.8% of    7.47MiB at    8.61MiB/s ETA 00:00
[download]  53.6% of    7.47MiB at   14.72MiB/s ETA 00:00
[download] 100.0% of    7.47MiB at   15.27MiB/s ETA 00:00
[download] 100% of    7.47MiB in 00:00:00 at 12.25MiB/s  
[ExtractAudio] Destination: /Users/marcelbuian/projects/mb/marcel-vibe/Deepium 2026/MarcelVibe/06/Premiere： Emi Galvan & DJ Zombi - Frequency Shift [Songuara] - 2024.mp3
Deleting original file /Users/marcelbuian/projects/mb/marcel-vibe/Deepium 2026/MarcelVibe/06/Premiere： Emi Galvan & DJ Zombi - Frequency Shift [Songuara] - 2024.webm (pass -k to keep)
[Metadata] Adding metadata to "/Users/marcelbuian/projects/mb/marcel-vibe/Deepium 2026/MarcelVibe/06/Premiere： Emi Galvan & DJ Zombi - Frequency Shift [Songuara] - 2024.mp3"
[EmbedThumbnail] ffmpeg: Adding thumbnail to "/Users/marcelbuian/projects/mb/marcel-vibe/Deepium 2026/MarcelVibe/06/Premiere： Emi Galvan & DJ Zombi - Frequency Shift [Songuara] - 2024.mp3"
[youtube] Extracting URL: https://www.youtube.com/watch?v=e7vLpe4jrbo
[youtube] Sleeping 1.0 seconds ...
[youtube] e7vLpe4jrbo: Downloading webpage
[youtube] Sleeping 1.0 seconds ...
[youtube] e7vLpe4jrbo: Downloading visionos player API JSON
[youtube] Sleeping 1.0 seconds ...
[youtube] e7vLpe4jrbo: Downloading m3u8 information
[info] e7vLpe4jrbo: Downloading 1 format(s): 251
[info] Downloading video thumbnail 41 ...
[info] Writing video thumbnail 41 to: /Users/marcelbuian/projects/mb/marcel-vibe/Deepium 2026/MarcelVibe/06/Amonita - Jungle Blues (Makebo Remix) - 2023.webp
[ThumbnailsConvertor] Converting thumbnail "/Users/marcelbuian/projects/mb/marcel-vibe/Deepium 2026/MarcelVibe/06/Amonita - Jungle Blues (Makebo Remix) - 2023.webp" to jpg
Deleting original file /Users/marcelbuian/projects/mb/marcel-vibe/Deepium 2026/MarcelVibe/06/Amonita - Jungle Blues (Makebo Remix) - 2023.webp (pass -k to keep)
[download] Sleeping 2.32 seconds ...
[download] Destination: /Users/marcelbuian/projects/mb/marcel-vibe/Deepium 2026/MarcelVibe/06/Amonita - Jungle Blues (Makebo Remix) - 2023.webm

[download]   0.0% of    8.74MiB at  Unknown B/s ETA Unknown
[download]   0.0% of    8.74MiB at    2.01MiB/s ETA 00:04  
[download]   0.1% of    8.74MiB at    4.09MiB/s ETA 00:02
[download]   0.2% of    8.74MiB at    7.79MiB/s ETA 00:01
[download]   0.3% of    8.74MiB at   14.44MiB/s ETA 00:00
[download]   0.7% of    8.74MiB at   17.57MiB/s ETA 00:00
[download]   1.4% of    8.74MiB at   16.10MiB/s ETA 00:00
[download]   2.9% of    8.74MiB at   14.51MiB/s ETA 00:00
[download]   5.7% of    8.74MiB at   14.72MiB/s ETA 00:00
[download]  11.4% of    8.74MiB at   14.71MiB/s ETA 00:00
[download]  22.9% of    8.74MiB at   15.13MiB/s ETA 00:00
[download]  45.8% of    8.74MiB at   23.19MiB/s ETA 00:00
[download]  91.6% of    8.74MiB at    8.53MiB/s ETA 00:00
[download] 100.0% of    8.74MiB at    9.11MiB/s ETA 00:00
[download] 100% of    8.74MiB in 00:00:01 at 7.37MiB/s   
[ExtractAudio] Destination: /Users/marcelbuian/projects/mb/marcel-vibe/Deepium 2026/MarcelVibe/06/Amonita - Jungle Blues (Makebo Remix) - 2023.mp3
Deleting original file /Users/marcelbuian/projects/mb/marcel-vibe/Deepium 2026/MarcelVibe/06/Amonita - Jungle Blues (Makebo Remix) - 2023.webm (pass -k to keep)
[Metadata] Adding metadata to "/Users/marcelbuian/projects/mb/marcel-vibe/Deepium 2026/MarcelVibe/06/Amonita - Jungle Blues (Makebo Remix) - 2023.mp3"
[EmbedThumbnail] ffmpeg: Adding thumbnail to "/Users/marcelbuian/projects/mb/marcel-vibe/Deepium 2026/MarcelVibe/06/Amonita - Jungle Blues (Makebo Remix) - 2023.mp3"
[youtube] Extracting URL: https://www.youtube.com/watch?v=2kc6l1y0BNo
[youtube] Sleeping 1.0 seconds ...
[youtube] 2kc6l1y0BNo: Downloading webpage
[youtube] Sleeping 1.0 seconds ...
[youtube] 2kc6l1y0BNo: Downloading visionos player API JSON
[youtube] Sleeping 1.0 seconds ...
[youtube] 2kc6l1y0BNo: Downloading m3u8 information
[info] 2kc6l1y0BNo: Downloading 1 format(s): 251
[info] Downloading video thumbnail 43 ...
[info] Video Thumbnail 43 does not exist
[info] Downloading video thumbnail 42 ...
[info] Video Thumbnail 42 does not exist
[info] Downloading video thumbnail 41 ...
[info] Video Thumbnail 41 does not exist
[info] Downloading video thumbnail 40 ...
[info] Video Thumbnail 40 does not exist
[info] Downloading video thumbnail 39 ...
[info] Writing video thumbnail 39 to: /Users/marcelbuian/projects/mb/marcel-vibe/Deepium 2026/MarcelVibe/06/Analog Jungs-Bridge - 2023.webp
[ThumbnailsConvertor] Converting thumbnail "/Users/marcelbuian/projects/mb/marcel-vibe/Deepium 2026/MarcelVibe/06/Analog Jungs-Bridge - 2023.webp" to jpg
Deleting original file /Users/marcelbuian/projects/mb/marcel-vibe/Deepium 2026/MarcelVibe/06/Analog Jungs-Bridge - 2023.webp (pass -k to keep)
[download] Sleeping 1.31 seconds ...
[download] Destination: /Users/marcelbuian/projects/mb/marcel-vibe/Deepium 2026/MarcelVibe/06/Analog Jungs-Bridge - 2023.webm

[download]   0.0% of    8.34MiB at  461.01KiB/s ETA 00:18
[download]   0.0% of    8.34MiB at    1.11MiB/s ETA 00:07
[download]   0.1% of    8.34MiB at    2.41MiB/s ETA 00:03
[download]   0.2% of    8.34MiB at    4.88MiB/s ETA 00:01
[download]   0.4% of    8.34MiB at    3.48MiB/s ETA 00:02
[download]   0.7% of    8.34MiB at    4.76MiB/s ETA 00:01
[download]   1.5% of    8.34MiB at    6.75MiB/s ETA 00:01
[download]   3.0% of    8.34MiB at    9.15MiB/s ETA 00:00
[download]   6.0% of    8.34MiB at   14.23MiB/s ETA 00:00
[download]  12.0% of    8.34MiB at   14.62MiB/s ETA 00:00
[download]  24.0% of    8.34MiB at   15.21MiB/s ETA 00:00
[download]  48.0% of    8.34MiB at    4.65MiB/s ETA 00:00
[download]  80.9% of    8.34MiB at    6.18MiB/s ETA 00:00
[download] 100.0% of    8.34MiB at    7.05MiB/s ETA 00:00
[download] 100% of    8.34MiB in 00:00:01 at 5.52MiB/s   
[ExtractAudio] Destination: /Users/marcelbuian/projects/mb/marcel-vibe/Deepium 2026/MarcelVibe/06/Analog Jungs-Bridge - 2023.mp3
Deleting original file /Users/marcelbuian/projects/mb/marcel-vibe/Deepium 2026/MarcelVibe/06/Analog Jungs-Bridge - 2023.webm (pass -k to keep)
[Metadata] Adding metadata to "/Users/marcelbuian/projects/mb/marcel-vibe/Deepium 2026/MarcelVibe/06/Analog Jungs-Bridge - 2023.mp3"
[EmbedThumbnail] ffmpeg: Adding thumbnail to "/Users/marcelbuian/projects/mb/marcel-vibe/Deepium 2026/MarcelVibe/06/Analog Jungs-Bridge - 2023.mp3"
[youtube] Extracting URL: https://www.youtube.com/watch?v=9yikk0AWbZQ
[youtube] Sleeping 1.0 seconds ...
[youtube] 9yikk0AWbZQ: Downloading webpage
[youtube] Sleeping 1.0 seconds ...
[youtube] 9yikk0AWbZQ: Downloading visionos player API JSON
[youtube] Sleeping 1.0 seconds ...
[youtube] 9yikk0AWbZQ: Downloading m3u8 information
[info] 9yikk0AWbZQ: Downloading 1 format(s): 251
[info] Downloading video thumbnail 41 ...
[info] Writing video thumbnail 41 to: /Users/marcelbuian/projects/mb/marcel-vibe/Deepium 2026/MarcelVibe/06/Gorje Hewek, Makebo, Amonita - Never Been - 2026.webp
[ThumbnailsConvertor] Converting thumbnail "/Users/marcelbuian/projects/mb/marcel-vibe/Deepium 2026/MarcelVibe/06/Gorje Hewek, Makebo, Amonita - Never Been - 2026.webp" to jpg
Deleting original file /Users/marcelbuian/projects/mb/marcel-vibe/Deepium 2026/MarcelVibe/06/Gorje Hewek, Makebo, Amonita - Never Been - 2026.webp (pass -k to keep)
[download] Sleeping 1.42 seconds ...
[download] Destination: /Users/marcelbuian/projects/mb/marcel-vibe/Deepium 2026/MarcelVibe/06/Gorje Hewek, Makebo, Amonita - Never Been - 2026.webm

[download]   0.0% of    7.76MiB at  487.77KiB/s ETA 00:16
[download]   0.0% of    7.76MiB at    1.27MiB/s ETA 00:06
[download]   0.1% of    7.76MiB at    2.84MiB/s ETA 00:02
[download]   0.2% of    7.76MiB at    5.87MiB/s ETA 00:01
[download]   0.4% of    7.76MiB at    4.42MiB/s ETA 00:01
[download]   0.8% of    7.76MiB at    5.05MiB/s ETA 00:01
[download]   1.6% of    7.76MiB at    7.53MiB/s ETA 00:01
[download]   3.2% of    7.76MiB at    9.93MiB/s ETA 00:00
[download]   6.4% of    7.76MiB at   14.37MiB/s ETA 00:00
[download]  12.9% of    7.76MiB at    9.86MiB/s ETA 00:00
[download]  25.8% of    7.76MiB at    8.87MiB/s ETA 00:00
[download]  51.5% of    7.76MiB at    7.87MiB/s ETA 00:00
[download] 100.0% of    7.76MiB at   11.49MiB/s ETA 00:00
[download] 100% of    7.76MiB in 00:00:00 at 9.46MiB/s   
[ExtractAudio] Destination: /Users/marcelbuian/projects/mb/marcel-vibe/Deepium 2026/MarcelVibe/06/Gorje Hewek, Makebo, Amonita - Never Been - 2026.mp3
Deleting original file /Users/marcelbuian/projects/mb/marcel-vibe/Deepium 2026/MarcelVibe/06/Gorje Hewek, Makebo, Amonita - Never Been - 2026.webm (pass -k to keep)
[Metadata] Adding metadata to "/Users/marcelbuian/projects/mb/marcel-vibe/Deepium 2026/MarcelVibe/06/Gorje Hewek, Makebo, Amonita - Never Been - 2026.mp3"
[EmbedThumbnail] ffmpeg: Adding thumbnail to "/Users/marcelbuian/projects/mb/marcel-vibe/Deepium 2026/MarcelVibe/06/Gorje Hewek, Makebo, Amonita - Never Been - 2026.mp3"
[youtube] Extracting URL: https://www.youtube.com/watch?v=o050F6_85g4
[youtube] Sleeping 1.0 seconds ...
[youtube] o050F6_85g4: Downloading webpage
[youtube] Sleeping 1.0 seconds ...
[youtube] o050F6_85g4: Downloading visionos player API JSON
[youtube] Sleeping 1.0 seconds ...
[youtube] o050F6_85g4: Downloading m3u8 information
[info] o050F6_85g4: Downloading 1 format(s): 251
[info] Downloading video thumbnail 44 ...
[info] Writing video thumbnail 44 to: /Users/marcelbuian/projects/mb/marcel-vibe/Deepium 2026/MarcelVibe/06/Hraach, Armen Miran - Rekindle (Original Mix) [Reborn Project] - 2024.webp
[ThumbnailsConvertor] Converting thumbnail "/Users/marcelbuian/projects/mb/marcel-vibe/Deepium 2026/MarcelVibe/06/Hraach, Armen Miran - Rekindle (Original Mix) [Reborn Project] - 2024.webp" to jpg
Deleting original file /Users/marcelbuian/projects/mb/marcel-vibe/Deepium 2026/MarcelVibe/06/Hraach, Armen Miran - Rekindle (Original Mix) [Reborn Project] - 2024.webp (pass -k to keep)
[download] Sleeping 1.07 seconds ...
[download] Destination: /Users/marcelbuian/projects/mb/marcel-vibe/Deepium 2026/MarcelVibe/06/Hraach, Armen Miran - Rekindle (Original Mix) [Reborn Project] - 2024.webm

[download]   0.0% of    6.77MiB at  Unknown B/s ETA Unknown
[download]   0.0% of    6.77MiB at    2.20MiB/s ETA 00:03  
[download]   0.1% of    6.77MiB at    3.96MiB/s ETA 00:01
[download]   0.2% of    6.77MiB at    7.49MiB/s ETA 00:00
[download]   0.4% of    6.77MiB at   13.87MiB/s ETA 00:00
[download]   0.9% of    6.77MiB at   18.61MiB/s ETA 00:00
[download]   1.8% of    6.77MiB at   16.57MiB/s ETA 00:00
[download]   3.7% of    6.77MiB at   15.72MiB/s ETA 00:00
[download]   7.4% of    6.77MiB at   15.13MiB/s ETA 00:00
[download]  14.7% of    6.77MiB at   14.76MiB/s ETA 00:00
[download]  29.5% of    6.77MiB at   14.79MiB/s ETA 00:00
[download]  59.0% of    6.77MiB at    7.21MiB/s ETA 00:00
[download] 100.0% of    6.77MiB at    7.26MiB/s ETA 00:00
[download] 100% of    6.77MiB in 00:00:01 at 6.14MiB/s   
[ExtractAudio] Destination: /Users/marcelbuian/projects/mb/marcel-vibe/Deepium 2026/MarcelVibe/06/Hraach, Armen Miran - Rekindle (Original Mix) [Reborn Project] - 2024.mp3
Deleting original file /Users/marcelbuian/projects/mb/marcel-vibe/Deepium 2026/MarcelVibe/06/Hraach, Armen Miran - Rekindle (Original Mix) [Reborn Project] - 2024.webm (pass -k to keep)
[Metadata] Adding metadata to "/Users/marcelbuian/projects/mb/marcel-vibe/Deepium 2026/MarcelVibe/06/Hraach, Armen Miran - Rekindle (Original Mix) [Reborn Project] - 2024.mp3"
[EmbedThumbnail] ffmpeg: Adding thumbnail to "/Users/marcelbuian/projects/mb/marcel-vibe/Deepium 2026/MarcelVibe/06/Hraach, Armen Miran - Rekindle (Original Mix) [Reborn Project] - 2024.mp3"
Reading URLs from STDIN - EOF (Ctrl+D) to end:

===== 07 (#07 - 2025-06-24 Migra l-Ferha, Malta) 14:44:13
[youtube] Extracting URL: https://www.youtube.com/watch?v=BtS1khkWnmM
[youtube] BtS1khkWnmM: Downloading webpage
[youtube] Sleeping 1.0 seconds ...
[youtube] BtS1khkWnmM: Downloading visionos player API JSON
[youtube] Sleeping 1.0 seconds ...
[youtube] BtS1khkWnmM: Downloading m3u8 information
[youtube] Sleeping 1.0 seconds ...
[youtube] BtS1khkWnmM: Downloading player e937390a-main
[youtube] [jsc:node] Solving JS challenges using node
[info] BtS1khkWnmM: Downloading 1 format(s): 251
[info] Downloading video thumbnail 44 ...
[info] Writing video thumbnail 44 to: /Users/marcelbuian/projects/mb/marcel-vibe/Deepium 2026/MarcelVibe/07/Nora En Pure — Spring Embers (Extended Mix) - 2023.webp
[ThumbnailsConvertor] Converting thumbnail "/Users/marcelbuian/projects/mb/marcel-vibe/Deepium 2026/MarcelVibe/07/Nora En Pure — Spring Embers (Extended Mix) - 2023.webp" to jpg
Deleting original file /Users/marcelbuian/projects/mb/marcel-vibe/Deepium 2026/MarcelVibe/07/Nora En Pure — Spring Embers (Extended Mix) - 2023.webp (pass -k to keep)
[download] Sleeping 1.48 seconds ...
[download] Destination: /Users/marcelbuian/projects/mb/marcel-vibe/Deepium 2026/MarcelVibe/07/Nora En Pure — Spring Embers (Extended Mix) - 2023.webm

[download]   0.0% of    6.00MiB at  361.80KiB/s ETA 00:17
[download]   0.0% of    6.00MiB at  979.75KiB/s ETA 00:06
[download]   0.1% of    6.00MiB at    2.16MiB/s ETA 00:02
[download]   0.2% of    6.00MiB at    4.49MiB/s ETA 00:01
[download]   0.5% of    6.00MiB at    1.94MiB/s ETA 00:03
[download]   1.0% of    6.00MiB at    2.77MiB/s ETA 00:02
[download]   2.1% of    6.00MiB at    3.69MiB/s ETA 00:01
[download]   4.2% of    6.00MiB at    5.12MiB/s ETA 00:01
[download]   8.3% of    6.00MiB at    5.62MiB/s ETA 00:00
[download]  16.7% of    6.00MiB at    4.15MiB/s ETA 00:01
[download]  33.3% of    6.00MiB at    1.58MiB/s ETA 00:02
[download]  49.7% of    6.00MiB at    1.12MiB/s ETA 00:02
[download]  61.3% of    6.00MiB at 1004.92KiB/s ETA 00:02
[download]  72.1% of    6.00MiB at  920.15KiB/s ETA 00:01
[download]  82.2% of    6.00MiB at  840.60KiB/s ETA 00:01
[download]  90.7% of    6.00MiB at  811.39KiB/s ETA 00:00
[download] 100.0% of    6.00MiB at  771.71KiB/s ETA 00:00
[download] 100% of    6.00MiB in 00:00:08 at 735.56KiB/s 
[ExtractAudio] Destination: /Users/marcelbuian/projects/mb/marcel-vibe/Deepium 2026/MarcelVibe/07/Nora En Pure — Spring Embers (Extended Mix) - 2023.mp3
Deleting original file /Users/marcelbuian/projects/mb/marcel-vibe/Deepium 2026/MarcelVibe/07/Nora En Pure — Spring Embers (Extended Mix) - 2023.webm (pass -k to keep)
[Metadata] Adding metadata to "/Users/marcelbuian/projects/mb/marcel-vibe/Deepium 2026/MarcelVibe/07/Nora En Pure — Spring Embers (Extended Mix) - 2023.mp3"
[EmbedThumbnail] ffmpeg: Adding thumbnail to "/Users/marcelbuian/projects/mb/marcel-vibe/Deepium 2026/MarcelVibe/07/Nora En Pure — Spring Embers (Extended Mix) - 2023.mp3"
[youtube] Extracting URL: https://www.youtube.com/watch?v=7B4BvM9goD8
[youtube] Sleeping 1.0 seconds ...
[youtube] 7B4BvM9goD8: Downloading webpage
[youtube] Sleeping 1.0 seconds ...
[youtube] 7B4BvM9goD8: Downloading visionos player API JSON
[youtube] Sleeping 1.0 seconds ...
[youtube] 7B4BvM9goD8: Downloading m3u8 information
[youtube] [jsc:node] Solving JS challenges using node
[info] 7B4BvM9goD8: Downloading 1 format(s): 251
[info] Downloading video thumbnail 44 ...
[info] Writing video thumbnail 44 to: /Users/marcelbuian/projects/mb/marcel-vibe/Deepium 2026/MarcelVibe/07/Mayro - Harvest (Original Mix) [Univack] - 2022.webp
[ThumbnailsConvertor] Converting thumbnail "/Users/marcelbuian/projects/mb/marcel-vibe/Deepium 2026/MarcelVibe/07/Mayro - Harvest (Original Mix) [Univack] - 2022.webp" to jpg
Deleting original file /Users/marcelbuian/projects/mb/marcel-vibe/Deepium 2026/MarcelVibe/07/Mayro - Harvest (Original Mix) [Univack] - 2022.webp (pass -k to keep)
[download] Sleeping 2.37 seconds ...
[download] Destination: /Users/marcelbuian/projects/mb/marcel-vibe/Deepium 2026/MarcelVibe/07/Mayro - Harvest (Original Mix) [Univack] - 2022.webm

[download]   0.0% of    6.82MiB at  326.30KiB/s ETA 00:21
[download]   0.0% of    6.82MiB at  801.31KiB/s ETA 00:08
[download]   0.1% of    6.82MiB at    1.62MiB/s ETA 00:04
[download]   0.2% of    6.82MiB at    3.24MiB/s ETA 00:02
[download]   0.4% of    6.82MiB at    4.09MiB/s ETA 00:01
[download]   0.9% of    6.82MiB at    4.83MiB/s ETA 00:01
[download]   1.8% of    6.82MiB at    7.28MiB/s ETA 00:00
[download]   3.7% of    6.82MiB at    9.53MiB/s ETA 00:00
[download]   7.3% of    6.82MiB at   14.12MiB/s ETA 00:00
[download]  14.7% of    6.82MiB at   15.60MiB/s ETA 00:00
[download]  29.3% of    6.82MiB at   14.95MiB/s ETA 00:00
[download]  58.7% of    6.82MiB at    8.91MiB/s ETA 00:00
[download] 100.0% of    6.82MiB at   10.47MiB/s ETA 00:00
[download] 100% of    6.82MiB in 00:00:00 at 8.44MiB/s   
[ExtractAudio] Destination: /Users/marcelbuian/projects/mb/marcel-vibe/Deepium 2026/MarcelVibe/07/Mayro - Harvest (Original Mix) [Univack] - 2022.mp3
Deleting original file /Users/marcelbuian/projects/mb/marcel-vibe/Deepium 2026/MarcelVibe/07/Mayro - Harvest (Original Mix) [Univack] - 2022.webm (pass -k to keep)
[Metadata] Adding metadata to "/Users/marcelbuian/projects/mb/marcel-vibe/Deepium 2026/MarcelVibe/07/Mayro - Harvest (Original Mix) [Univack] - 2022.mp3"
[EmbedThumbnail] ffmpeg: Adding thumbnail to "/Users/marcelbuian/projects/mb/marcel-vibe/Deepium 2026/MarcelVibe/07/Mayro - Harvest (Original Mix) [Univack] - 2022.mp3"
[youtube] Extracting URL: https://www.youtube.com/watch?v=87RdX5b6Jt8
[youtube] Sleeping 1.0 seconds ...
[youtube] 87RdX5b6Jt8: Downloading webpage
[youtube] Sleeping 1.0 seconds ...
[youtube] 87RdX5b6Jt8: Downloading visionos player API JSON
[youtube] Sleeping 1.0 seconds ...
[youtube] 87RdX5b6Jt8: Downloading m3u8 information
[youtube] [jsc:node] Solving JS challenges using node
[info] 87RdX5b6Jt8: Downloading 1 format(s): 251
[info] Downloading video thumbnail 41 ...
[info] Writing video thumbnail 41 to: /Users/marcelbuian/projects/mb/marcel-vibe/Deepium 2026/MarcelVibe/07/Mike Rish - The Quest (Kabi Remix) - 2022.webp
[ThumbnailsConvertor] Converting thumbnail "/Users/marcelbuian/projects/mb/marcel-vibe/Deepium 2026/MarcelVibe/07/Mike Rish - The Quest (Kabi Remix) - 2022.webp" to jpg
Deleting original file /Users/marcelbuian/projects/mb/marcel-vibe/Deepium 2026/MarcelVibe/07/Mike Rish - The Quest (Kabi Remix) - 2022.webp (pass -k to keep)
[download] Sleeping 1.98 seconds ...
[download] Destination: /Users/marcelbuian/projects/mb/marcel-vibe/Deepium 2026/MarcelVibe/07/Mike Rish - The Quest (Kabi Remix) - 2022.webm

[download]   0.0% of    7.70MiB at  461.67KiB/s ETA 00:17
[download]   0.0% of    7.70MiB at    1.09MiB/s ETA 00:07
[download]   0.1% of    7.70MiB at    2.30MiB/s ETA 00:03
[download]   0.2% of    7.70MiB at    4.59MiB/s ETA 00:01
[download]   0.4% of    7.70MiB at    3.77MiB/s ETA 00:02
[download]   0.8% of    7.70MiB at    3.89MiB/s ETA 00:01
[download]   1.6% of    7.70MiB at    6.05MiB/s ETA 00:01
[download]   3.2% of    7.70MiB at    8.70MiB/s ETA 00:00
[download]   6.5% of    7.70MiB at   12.42MiB/s ETA 00:00
[download]  13.0% of    7.70MiB at   14.63MiB/s ETA 00:00
[download]  26.0% of    7.70MiB at   14.62MiB/s ETA 00:00
[download]  52.0% of    7.70MiB at   21.78MiB/s ETA 00:00
[download] 100.0% of    7.70MiB at   14.62MiB/s ETA 00:00
[download] 100% of    7.70MiB in 00:00:00 at 12.06MiB/s  
[ExtractAudio] Destination: /Users/marcelbuian/projects/mb/marcel-vibe/Deepium 2026/MarcelVibe/07/Mike Rish - The Quest (Kabi Remix) - 2022.mp3
Deleting original file /Users/marcelbuian/projects/mb/marcel-vibe/Deepium 2026/MarcelVibe/07/Mike Rish - The Quest (Kabi Remix) - 2022.webm (pass -k to keep)
[Metadata] Adding metadata to "/Users/marcelbuian/projects/mb/marcel-vibe/Deepium 2026/MarcelVibe/07/Mike Rish - The Quest (Kabi Remix) - 2022.mp3"
[EmbedThumbnail] ffmpeg: Adding thumbnail to "/Users/marcelbuian/projects/mb/marcel-vibe/Deepium 2026/MarcelVibe/07/Mike Rish - The Quest (Kabi Remix) - 2022.mp3"
[youtube] Extracting URL: https://www.youtube.com/watch?v=2J1TJB-Z7Go
[youtube] Sleeping 1.0 seconds ...
[youtube] 2J1TJB-Z7Go: Downloading webpage
[youtube] Sleeping 1.0 seconds ...
[youtube] 2J1TJB-Z7Go: Downloading visionos player API JSON
[youtube] Sleeping 1.0 seconds ...
[youtube] 2J1TJB-Z7Go: Downloading m3u8 information
[youtube] [jsc:node] Solving JS challenges using node
[info] 2J1TJB-Z7Go: Downloading 1 format(s): 251
[info] Downloading video thumbnail 41 ...
[info] Writing video thumbnail 41 to: /Users/marcelbuian/projects/mb/marcel-vibe/Deepium 2026/MarcelVibe/07/Paul Thomas, Christian Burns - Enjoy the Silence (Extended Mix) - 2024.webp
[ThumbnailsConvertor] Converting thumbnail "/Users/marcelbuian/projects/mb/marcel-vibe/Deepium 2026/MarcelVibe/07/Paul Thomas, Christian Burns - Enjoy the Silence (Extended Mix) - 2024.webp" to jpg
Deleting original file /Users/marcelbuian/projects/mb/marcel-vibe/Deepium 2026/MarcelVibe/07/Paul Thomas, Christian Burns - Enjoy the Silence (Extended Mix) - 2024.webp (pass -k to keep)
[download] Sleeping 1.28 seconds ...
[download] Destination: /Users/marcelbuian/projects/mb/marcel-vibe/Deepium 2026/MarcelVibe/07/Paul Thomas, Christian Burns - Enjoy the Silence (Extended Mix) - 2024.webm

[download]   0.0% of    7.08MiB at  456.85KiB/s ETA 00:16
[download]   0.0% of    7.08MiB at    1.01MiB/s ETA 00:07
[download]   0.1% of    7.08MiB at    2.09MiB/s ETA 00:03
[download]   0.2% of    7.08MiB at    4.12MiB/s ETA 00:01
[download]   0.4% of    7.08MiB at    2.98MiB/s ETA 00:02
[download]   0.9% of    7.08MiB at    3.92MiB/s ETA 00:01
[download]   1.8% of    7.08MiB at    6.19MiB/s ETA 00:01
[download]   3.5% of    7.08MiB at    9.26MiB/s ETA 00:00
[download]   7.0% of    7.08MiB at   12.85MiB/s ETA 00:00
[download]  14.1% of    7.08MiB at   14.85MiB/s ETA 00:00
[download]  28.2% of    7.08MiB at   14.58MiB/s ETA 00:00
[download]  56.5% of    7.08MiB at   12.96MiB/s ETA 00:00
[download] 100.0% of    7.08MiB at   14.37MiB/s ETA 00:00
[download] 100% of    7.08MiB in 00:00:00 at 11.55MiB/s  
[ExtractAudio] Destination: /Users/marcelbuian/projects/mb/marcel-vibe/Deepium 2026/MarcelVibe/07/Paul Thomas, Christian Burns - Enjoy the Silence (Extended Mix) - 2024.mp3
Deleting original file /Users/marcelbuian/projects/mb/marcel-vibe/Deepium 2026/MarcelVibe/07/Paul Thomas, Christian Burns - Enjoy the Silence (Extended Mix) - 2024.webm (pass -k to keep)
[Metadata] Adding metadata to "/Users/marcelbuian/projects/mb/marcel-vibe/Deepium 2026/MarcelVibe/07/Paul Thomas, Christian Burns - Enjoy the Silence (Extended Mix) - 2024.mp3"
[EmbedThumbnail] ffmpeg: Adding thumbnail to "/Users/marcelbuian/projects/mb/marcel-vibe/Deepium 2026/MarcelVibe/07/Paul Thomas, Christian Burns - Enjoy the Silence (Extended Mix) - 2024.mp3"
[youtube] Extracting URL: https://www.youtube.com/watch?v=QPlt4EeZEuw
[youtube] Sleeping 1.0 seconds ...
[youtube] QPlt4EeZEuw: Downloading webpage
[youtube] Sleeping 1.0 seconds ...
[youtube] QPlt4EeZEuw: Downloading visionos player API JSON
[youtube] Sleeping 1.0 seconds ...
[youtube] QPlt4EeZEuw: Downloading m3u8 information
[youtube] [jsc:node] Solving JS challenges using node
[info] QPlt4EeZEuw: Downloading 1 format(s): 251
[info] Downloading video thumbnail 43 ...
[info] Video Thumbnail 43 does not exist
[info] Downloading video thumbnail 42 ...
[info] Video Thumbnail 42 does not exist
[info] Downloading video thumbnail 41 ...
[info] Video Thumbnail 41 does not exist
[info] Downloading video thumbnail 40 ...
[info] Video Thumbnail 40 does not exist
[info] Downloading video thumbnail 39 ...
[info] Writing video thumbnail 39 to: /Users/marcelbuian/projects/mb/marcel-vibe/Deepium 2026/MarcelVibe/07/Dhany G & Ryan(CUB) - Antar (Sebastian Haas Remix) - 2021.webp
[ThumbnailsConvertor] Converting thumbnail "/Users/marcelbuian/projects/mb/marcel-vibe/Deepium 2026/MarcelVibe/07/Dhany G & Ryan(CUB) - Antar (Sebastian Haas Remix) - 2021.webp" to jpg
Deleting original file /Users/marcelbuian/projects/mb/marcel-vibe/Deepium 2026/MarcelVibe/07/Dhany G & Ryan(CUB) - Antar (Sebastian Haas Remix) - 2021.webp (pass -k to keep)
[download] Sleeping 1.93 seconds ...
[download] Destination: /Users/marcelbuian/projects/mb/marcel-vibe/Deepium 2026/MarcelVibe/07/Dhany G & Ryan(CUB) - Antar (Sebastian Haas Remix) - 2021.webm

[download]   0.0% of    7.38MiB at  Unknown B/s ETA Unknown
[download]   0.0% of    7.38MiB at    2.27MiB/s ETA 00:03  
[download]   0.1% of    7.38MiB at    4.60MiB/s ETA 00:01
[download]   0.2% of    7.38MiB at    8.86MiB/s ETA 00:00
[download]   0.4% of    7.38MiB at   16.29MiB/s ETA 00:00
[download]   0.8% of    7.38MiB at   19.05MiB/s ETA 00:00
[download]   1.7% of    7.38MiB at   16.70MiB/s ETA 00:00
[download]   3.4% of    7.38MiB at   12.96MiB/s ETA 00:00
[download]   6.8% of    7.38MiB at   13.32MiB/s ETA 00:00
[download]  13.5% of    7.38MiB at   14.49MiB/s ETA 00:00
[download]  27.1% of    7.38MiB at   15.07MiB/s ETA 00:00
[download]  54.2% of    7.38MiB at    4.38MiB/s ETA 00:00
[download]  88.9% of    7.38MiB at    5.14MiB/s ETA 00:00
[download] 100.0% of    7.38MiB at    5.55MiB/s ETA 00:00
[download] 100% of    7.38MiB in 00:00:01 at 4.37MiB/s   
[ExtractAudio] Destination: /Users/marcelbuian/projects/mb/marcel-vibe/Deepium 2026/MarcelVibe/07/Dhany G & Ryan(CUB) - Antar (Sebastian Haas Remix) - 2021.mp3
Deleting original file /Users/marcelbuian/projects/mb/marcel-vibe/Deepium 2026/MarcelVibe/07/Dhany G & Ryan(CUB) - Antar (Sebastian Haas Remix) - 2021.webm (pass -k to keep)
[Metadata] Adding metadata to "/Users/marcelbuian/projects/mb/marcel-vibe/Deepium 2026/MarcelVibe/07/Dhany G & Ryan(CUB) - Antar (Sebastian Haas Remix) - 2021.mp3"
[EmbedThumbnail] ffmpeg: Adding thumbnail to "/Users/marcelbuian/projects/mb/marcel-vibe/Deepium 2026/MarcelVibe/07/Dhany G & Ryan(CUB) - Antar (Sebastian Haas Remix) - 2021.mp3"
[youtube] Extracting URL: https://www.youtube.com/watch?v=iwxIsI-QClg
[youtube] Sleeping 1.0 seconds ...
[youtube] iwxIsI-QClg: Downloading webpage
[youtube] Sleeping 1.0 seconds ...
[youtube] iwxIsI-QClg: Downloading visionos player API JSON
[youtube] Sleeping 1.0 seconds ...
[youtube] iwxIsI-QClg: Downloading m3u8 information
[youtube] [jsc:node] Solving JS challenges using node
[info] iwxIsI-QClg: Downloading 1 format(s): 251
[info] Downloading video thumbnail 44 ...
[info] Writing video thumbnail 44 to: /Users/marcelbuian/projects/mb/marcel-vibe/Deepium 2026/MarcelVibe/07/Teklix - Alchemist (Original Mix) [Outta Limits] - 2022.webp
[ThumbnailsConvertor] Converting thumbnail "/Users/marcelbuian/projects/mb/marcel-vibe/Deepium 2026/MarcelVibe/07/Teklix - Alchemist (Original Mix) [Outta Limits] - 2022.webp" to jpg
Deleting original file /Users/marcelbuian/projects/mb/marcel-vibe/Deepium 2026/MarcelVibe/07/Teklix - Alchemist (Original Mix) [Outta Limits] - 2022.webp (pass -k to keep)
[download] Sleeping 2.87 seconds ...
[download] Destination: /Users/marcelbuian/projects/mb/marcel-vibe/Deepium 2026/MarcelVibe/07/Teklix - Alchemist (Original Mix) [Outta Limits] - 2022.webm

[download]   0.0% of    7.59MiB at  188.54KiB/s ETA 00:41
[download]   0.0% of    7.59MiB at  518.78KiB/s ETA 00:14
[download]   0.1% of    7.59MiB at    1.14MiB/s ETA 00:06
[download]   0.2% of    7.59MiB at    2.36MiB/s ETA 00:03
[download]   0.4% of    7.59MiB at    2.52MiB/s ETA 00:02
[download]   0.8% of    7.59MiB at    2.90MiB/s ETA 00:02
[download]   1.6% of    7.59MiB at    3.27MiB/s ETA 00:02
[download]   3.3% of    7.59MiB at    4.81MiB/s ETA 00:01
[download]   6.6% of    7.59MiB at    7.36MiB/s ETA 00:00
[download]  13.2% of    7.59MiB at    9.50MiB/s ETA 00:00
[download]  26.3% of    7.59MiB at   12.41MiB/s ETA 00:00
[download]  52.7% of    7.59MiB at    5.88MiB/s ETA 00:00
[download] 100.0% of    7.59MiB at    8.73MiB/s ETA 00:00
[download] 100% of    7.59MiB in 00:00:01 at 5.16MiB/s   
[ExtractAudio] Destination: /Users/marcelbuian/projects/mb/marcel-vibe/Deepium 2026/MarcelVibe/07/Teklix - Alchemist (Original Mix) [Outta Limits] - 2022.mp3
Deleting original file /Users/marcelbuian/projects/mb/marcel-vibe/Deepium 2026/MarcelVibe/07/Teklix - Alchemist (Original Mix) [Outta Limits] - 2022.webm (pass -k to keep)
[Metadata] Adding metadata to "/Users/marcelbuian/projects/mb/marcel-vibe/Deepium 2026/MarcelVibe/07/Teklix - Alchemist (Original Mix) [Outta Limits] - 2022.mp3"
[EmbedThumbnail] ffmpeg: Adding thumbnail to "/Users/marcelbuian/projects/mb/marcel-vibe/Deepium 2026/MarcelVibe/07/Teklix - Alchemist (Original Mix) [Outta Limits] - 2022.mp3"
[youtube] Extracting URL: https://www.youtube.com/watch?v=IJnaDZbGme0
[youtube] Sleeping 1.0 seconds ...
[youtube] IJnaDZbGme0: Downloading webpage
[youtube] Sleeping 1.0 seconds ...
[youtube] IJnaDZbGme0: Downloading visionos player API JSON
[youtube] Sleeping 1.0 seconds ...
[youtube] IJnaDZbGme0: Downloading m3u8 information
[youtube] [jsc:node] Solving JS challenges using node
[info] IJnaDZbGme0: Downloading 1 format(s): 251
[info] Downloading video thumbnail 41 ...
[info] Writing video thumbnail 41 to: /Users/marcelbuian/projects/mb/marcel-vibe/Deepium 2026/MarcelVibe/07/Franky Wah feat. AETHO - Should Have Seen It Coming (Yotto Remix) - 2021.webp
[ThumbnailsConvertor] Converting thumbnail "/Users/marcelbuian/projects/mb/marcel-vibe/Deepium 2026/MarcelVibe/07/Franky Wah feat. AETHO - Should Have Seen It Coming (Yotto Remix) - 2021.webp" to jpg
Deleting original file /Users/marcelbuian/projects/mb/marcel-vibe/Deepium 2026/MarcelVibe/07/Franky Wah feat. AETHO - Should Have Seen It Coming (Yotto Remix) - 2021.webp (pass -k to keep)
[download] Sleeping 1.38 seconds ...
[download] Destination: /Users/marcelbuian/projects/mb/marcel-vibe/Deepium 2026/MarcelVibe/07/Franky Wah feat. AETHO - Should Have Seen It Coming (Yotto Remix) - 2021.webm

[download]   0.0% of    6.48MiB at  Unknown B/s ETA Unknown
[download]   0.0% of    6.48MiB at    2.33MiB/s ETA 00:02  
[download]   0.1% of    6.48MiB at    4.75MiB/s ETA 00:01
[download]   0.2% of    6.48MiB at    9.02MiB/s ETA 00:00
[download]   0.5% of    6.48MiB at   16.62MiB/s ETA 00:00
[download]   0.9% of    6.48MiB at   15.52MiB/s ETA 00:00
[download]   1.9% of    6.48MiB at   16.54MiB/s ETA 00:00
[download]   3.8% of    6.48MiB at   15.05MiB/s ETA 00:00
[download]   7.7% of    6.48MiB at   15.18MiB/s ETA 00:00
[download]  15.4% of    6.48MiB at   14.96MiB/s ETA 00:00
[download]  30.8% of    6.48MiB at   15.12MiB/s ETA 00:00
[download]  61.7% of    6.48MiB at   23.39MiB/s ETA 00:00
[download] 100.0% of    6.48MiB at   12.45MiB/s ETA 00:00
[download] 100% of    6.48MiB in 00:00:00 at 8.90MiB/s   
[ExtractAudio] Destination: /Users/marcelbuian/projects/mb/marcel-vibe/Deepium 2026/MarcelVibe/07/Franky Wah feat. AETHO - Should Have Seen It Coming (Yotto Remix) - 2021.mp3
Deleting original file /Users/marcelbuian/projects/mb/marcel-vibe/Deepium 2026/MarcelVibe/07/Franky Wah feat. AETHO - Should Have Seen It Coming (Yotto Remix) - 2021.webm (pass -k to keep)
[Metadata] Adding metadata to "/Users/marcelbuian/projects/mb/marcel-vibe/Deepium 2026/MarcelVibe/07/Franky Wah feat. AETHO - Should Have Seen It Coming (Yotto Remix) - 2021.mp3"
[EmbedThumbnail] ffmpeg: Adding thumbnail to "/Users/marcelbuian/projects/mb/marcel-vibe/Deepium 2026/MarcelVibe/07/Franky Wah feat. AETHO - Should Have Seen It Coming (Yotto Remix) - 2021.mp3"
[youtube] Extracting URL: https://www.youtube.com/watch?v=3HwSQ13KydA
[youtube] Sleeping 1.0 seconds ...
[youtube] 3HwSQ13KydA: Downloading webpage
[youtube] Sleeping 1.0 seconds ...
[youtube] 3HwSQ13KydA: Downloading visionos player API JSON
[youtube] Sleeping 1.0 seconds ...
[youtube] 3HwSQ13KydA: Downloading m3u8 information
[youtube] [jsc:node] Solving JS challenges using node
[info] 3HwSQ13KydA: Downloading 1 format(s): 251
[info] Downloading video thumbnail 41 ...
[info] Writing video thumbnail 41 to: /Users/marcelbuian/projects/mb/marcel-vibe/Deepium 2026/MarcelVibe/07/Roy Rosenfeld - Lift Of Love [ADID059] - 2020.webp
[ThumbnailsConvertor] Converting thumbnail "/Users/marcelbuian/projects/mb/marcel-vibe/Deepium 2026/MarcelVibe/07/Roy Rosenfeld - Lift Of Love [ADID059] - 2020.webp" to jpg
Deleting original file /Users/marcelbuian/projects/mb/marcel-vibe/Deepium 2026/MarcelVibe/07/Roy Rosenfeld - Lift Of Love [ADID059] - 2020.webp (pass -k to keep)
[download] Sleeping 2.13 seconds ...
[download] Destination: /Users/marcelbuian/projects/mb/marcel-vibe/Deepium 2026/MarcelVibe/07/Roy Rosenfeld - Lift Of Love [ADID059] - 2020.webm

[download]   0.0% of    8.00MiB at  Unknown B/s ETA Unknown
[download]   0.0% of    8.00MiB at    2.84MiB/s ETA 00:02  
[download]   0.1% of    8.00MiB at    4.95MiB/s ETA 00:01
[download]   0.2% of    8.00MiB at    9.15MiB/s ETA 00:00
[download]   0.4% of    8.00MiB at    6.47MiB/s ETA 00:01
[download]   0.8% of    8.00MiB at    5.95MiB/s ETA 00:01
[download]   1.5% of    8.00MiB at    8.40MiB/s ETA 00:00
[download]   3.1% of    8.00MiB at   11.68MiB/s ETA 00:00
[download]   6.2% of    8.00MiB at   15.57MiB/s ETA 00:00
[download]  12.5% of    8.00MiB at   15.04MiB/s ETA 00:00
[download]  25.0% of    8.00MiB at   14.77MiB/s ETA 00:00
[download]  50.0% of    8.00MiB at    8.90MiB/s ETA 00:00
[download]  99.9% of    8.00MiB at   11.34MiB/s ETA 00:00
[download] 100.0% of    8.00MiB at    8.07MiB/s ETA 00:00
[download] 100% of    8.00MiB in 00:00:01 at 6.45MiB/s   
[ExtractAudio] Destination: /Users/marcelbuian/projects/mb/marcel-vibe/Deepium 2026/MarcelVibe/07/Roy Rosenfeld - Lift Of Love [ADID059] - 2020.mp3
Deleting original file /Users/marcelbuian/projects/mb/marcel-vibe/Deepium 2026/MarcelVibe/07/Roy Rosenfeld - Lift Of Love [ADID059] - 2020.webm (pass -k to keep)
[Metadata] Adding metadata to "/Users/marcelbuian/projects/mb/marcel-vibe/Deepium 2026/MarcelVibe/07/Roy Rosenfeld - Lift Of Love [ADID059] - 2020.mp3"
[EmbedThumbnail] ffmpeg: Adding thumbnail to "/Users/marcelbuian/projects/mb/marcel-vibe/Deepium 2026/MarcelVibe/07/Roy Rosenfeld - Lift Of Love [ADID059] - 2020.mp3"
[youtube] Extracting URL: https://www.youtube.com/watch?v=pGU_pK4urTM
[youtube] Sleeping 1.0 seconds ...
[youtube] pGU_pK4urTM: Downloading webpage
[youtube] Sleeping 1.0 seconds ...
[youtube] pGU_pK4urTM: Downloading visionos player API JSON
[youtube] Sleeping 1.0 seconds ...
[youtube] pGU_pK4urTM: Downloading m3u8 information
[youtube] [jsc:node] Solving JS challenges using node
[info] pGU_pK4urTM: Downloading 1 format(s): 251
[info] Downloading video thumbnail 41 ...
[info] Writing video thumbnail 41 to: /Users/marcelbuian/projects/mb/marcel-vibe/Deepium 2026/MarcelVibe/07/Talemates - Phonga (Original Mix) - 2022.webp
[ThumbnailsConvertor] Converting thumbnail "/Users/marcelbuian/projects/mb/marcel-vibe/Deepium 2026/MarcelVibe/07/Talemates - Phonga (Original Mix) - 2022.webp" to jpg
Deleting original file /Users/marcelbuian/projects/mb/marcel-vibe/Deepium 2026/MarcelVibe/07/Talemates - Phonga (Original Mix) - 2022.webp (pass -k to keep)
[download] Sleeping 1.20 seconds ...
[download] Destination: /Users/marcelbuian/projects/mb/marcel-vibe/Deepium 2026/MarcelVibe/07/Talemates - Phonga (Original Mix) - 2022.webm

[download]   0.0% of    7.45MiB at  154.99KiB/s ETA 00:49
[download]   0.0% of    7.45MiB at  444.83KiB/s ETA 00:17
[download]   0.1% of    7.45MiB at 1016.38KiB/s ETA 00:07
[download]   0.2% of    7.45MiB at    2.09MiB/s ETA 00:03
[download]   0.4% of    7.45MiB at  607.78KiB/s ETA 00:12
[download]   0.8% of    7.45MiB at  689.87KiB/s ETA 00:10
[download]   1.7% of    7.45MiB at  950.33KiB/s ETA 00:07
[download]   3.3% of    7.45MiB at    1.40MiB/s ETA 00:05
[download]   6.7% of    7.45MiB at    2.21MiB/s ETA 00:03
[download]  13.4% of    7.45MiB at    3.69MiB/s ETA 00:01
[download]  26.8% of    7.45MiB at    6.30MiB/s ETA 00:00
[download]  53.7% of    7.45MiB at   10.92MiB/s ETA 00:00
[download] 100.0% of    7.45MiB at    6.44MiB/s ETA 00:00
[download] 100% of    7.45MiB in 00:00:01 at 5.55MiB/s   
[ExtractAudio] Destination: /Users/marcelbuian/projects/mb/marcel-vibe/Deepium 2026/MarcelVibe/07/Talemates - Phonga (Original Mix) - 2022.mp3
Deleting original file /Users/marcelbuian/projects/mb/marcel-vibe/Deepium 2026/MarcelVibe/07/Talemates - Phonga (Original Mix) - 2022.webm (pass -k to keep)
[Metadata] Adding metadata to "/Users/marcelbuian/projects/mb/marcel-vibe/Deepium 2026/MarcelVibe/07/Talemates - Phonga (Original Mix) - 2022.mp3"
[EmbedThumbnail] ffmpeg: Adding thumbnail to "/Users/marcelbuian/projects/mb/marcel-vibe/Deepium 2026/MarcelVibe/07/Talemates - Phonga (Original Mix) - 2022.mp3"
[youtube] Extracting URL: https://www.youtube.com/watch?v=pEeGF217Yuc
[youtube] Sleeping 1.0 seconds ...
[youtube] pEeGF217Yuc: Downloading webpage
[youtube] Sleeping 1.0 seconds ...
[youtube] pEeGF217Yuc: Downloading visionos player API JSON
[youtube] Sleeping 1.0 seconds ...
[youtube] pEeGF217Yuc: Downloading m3u8 information
[youtube] [jsc:node] Solving JS challenges using node
[info] pEeGF217Yuc: Downloading 1 format(s): 251
[info] Downloading video thumbnail 44 ...
[info] Writing video thumbnail 44 to: /Users/marcelbuian/projects/mb/marcel-vibe/Deepium 2026/MarcelVibe/07/Shai T, Shai Tibi - Summer O'clock · Shai T · Shai Tibi -4 K DIGITAL - 2023.webp
[ThumbnailsConvertor] Converting thumbnail "/Users/marcelbuian/projects/mb/marcel-vibe/Deepium 2026/MarcelVibe/07/Shai T, Shai Tibi - Summer O'clock · Shai T · Shai Tibi -4 K DIGITAL - 2023.webp" to jpg
Deleting original file /Users/marcelbuian/projects/mb/marcel-vibe/Deepium 2026/MarcelVibe/07/Shai T, Shai Tibi - Summer O'clock · Shai T · Shai Tibi -4 K DIGITAL - 2023.webp (pass -k to keep)
[download] Sleeping 1.86 seconds ...
[download] Destination: /Users/marcelbuian/projects/mb/marcel-vibe/Deepium 2026/MarcelVibe/07/Shai T, Shai Tibi - Summer O'clock · Shai T · Shai Tibi -4 K DIGITAL - 2023.webm

[download]   0.0% of    8.54MiB at  501.71KiB/s ETA 00:17
[download]   0.0% of    8.54MiB at    1.17MiB/s ETA 00:07
[download]   0.1% of    8.54MiB at    2.53MiB/s ETA 00:03
[download]   0.2% of    8.54MiB at    5.10MiB/s ETA 00:01
[download]   0.4% of    8.54MiB at    4.76MiB/s ETA 00:01
[download]   0.7% of    8.54MiB at    5.26MiB/s ETA 00:01
[download]   1.5% of    8.54MiB at    7.67MiB/s ETA 00:01
[download]   2.9% of    8.54MiB at   10.26MiB/s ETA 00:00
[download]   5.8% of    8.54MiB at   15.07MiB/s ETA 00:00
[download]  11.7% of    8.54MiB at   14.62MiB/s ETA 00:00
[download]  23.4% of    8.54MiB at   14.85MiB/s ETA 00:00
[download]  46.8% of    8.54MiB at    3.88MiB/s ETA 00:01
[download]  73.0% of    8.54MiB at    3.33MiB/s ETA 00:00
[download] 100.0% of    8.54MiB at    4.24MiB/s ETA 00:00
[download] 100% of    8.54MiB in 00:00:02 at 3.66MiB/s   
[ExtractAudio] Destination: /Users/marcelbuian/projects/mb/marcel-vibe/Deepium 2026/MarcelVibe/07/Shai T, Shai Tibi - Summer O'clock · Shai T · Shai Tibi -4 K DIGITAL - 2023.mp3
Deleting original file /Users/marcelbuian/projects/mb/marcel-vibe/Deepium 2026/MarcelVibe/07/Shai T, Shai Tibi - Summer O'clock · Shai T · Shai Tibi -4 K DIGITAL - 2023.webm (pass -k to keep)
[Metadata] Adding metadata to "/Users/marcelbuian/projects/mb/marcel-vibe/Deepium 2026/MarcelVibe/07/Shai T, Shai Tibi - Summer O'clock · Shai T · Shai Tibi -4 K DIGITAL - 2023.mp3"
[EmbedThumbnail] ffmpeg: Adding thumbnail to "/Users/marcelbuian/projects/mb/marcel-vibe/Deepium 2026/MarcelVibe/07/Shai T, Shai Tibi - Summer O'clock · Shai T · Shai Tibi -4 K DIGITAL - 2023.mp3"
[youtube] Extracting URL: https://www.youtube.com/watch?v=NRFRlVYY2SU
[youtube] Sleeping 1.0 seconds ...
[youtube] NRFRlVYY2SU: Downloading webpage
[youtube] Sleeping 1.0 seconds ...
[youtube] NRFRlVYY2SU: Downloading visionos player API JSON
[youtube] Sleeping 1.0 seconds ...
[youtube] NRFRlVYY2SU: Downloading m3u8 information
[youtube] [jsc:node] Solving JS challenges using node
[info] NRFRlVYY2SU: Downloading 1 format(s): 251
[info] Downloading video thumbnail 41 ...
[info] Writing video thumbnail 41 to: /Users/marcelbuian/projects/mb/marcel-vibe/Deepium 2026/MarcelVibe/07/Sultan + Shepard - Indigo (Extended Mix) - 2021.webp
[ThumbnailsConvertor] Converting thumbnail "/Users/marcelbuian/projects/mb/marcel-vibe/Deepium 2026/MarcelVibe/07/Sultan + Shepard - Indigo (Extended Mix) - 2021.webp" to jpg
Deleting original file /Users/marcelbuian/projects/mb/marcel-vibe/Deepium 2026/MarcelVibe/07/Sultan + Shepard - Indigo (Extended Mix) - 2021.webp (pass -k to keep)
[download] Sleeping 2.33 seconds ...
[download] Destination: /Users/marcelbuian/projects/mb/marcel-vibe/Deepium 2026/MarcelVibe/07/Sultan + Shepard - Indigo (Extended Mix) - 2021.webm

[download]   0.0% of    7.31MiB at  976.56KiB/s ETA 00:07
[download]   0.0% of    7.31MiB at    2.36MiB/s ETA 00:03
[download]   0.1% of    7.31MiB at    5.14MiB/s ETA 00:01
[download]   0.2% of    7.31MiB at   10.43MiB/s ETA 00:00
[download]   0.4% of    7.31MiB at   20.15MiB/s ETA 00:00
[download]   0.8% of    7.31MiB at   15.16MiB/s ETA 00:00
[download]   1.7% of    7.31MiB at   15.08MiB/s ETA 00:00
[download]   3.4% of    7.31MiB at   15.14MiB/s ETA 00:00
[download]   6.8% of    7.31MiB at   15.12MiB/s ETA 00:00
[download]  13.7% of    7.31MiB at   14.76MiB/s ETA 00:00
[download]  27.3% of    7.31MiB at   14.98MiB/s ETA 00:00
[download]  54.7% of    7.31MiB at   22.42MiB/s ETA 00:00
[download] 100.0% of    7.31MiB at   11.03MiB/s ETA 00:00
[download] 100% of    7.31MiB in 00:00:00 at 8.60MiB/s   
[ExtractAudio] Destination: /Users/marcelbuian/projects/mb/marcel-vibe/Deepium 2026/MarcelVibe/07/Sultan + Shepard - Indigo (Extended Mix) - 2021.mp3
Deleting original file /Users/marcelbuian/projects/mb/marcel-vibe/Deepium 2026/MarcelVibe/07/Sultan + Shepard - Indigo (Extended Mix) - 2021.webm (pass -k to keep)
[Metadata] Adding metadata to "/Users/marcelbuian/projects/mb/marcel-vibe/Deepium 2026/MarcelVibe/07/Sultan + Shepard - Indigo (Extended Mix) - 2021.mp3"
[EmbedThumbnail] ffmpeg: Adding thumbnail to "/Users/marcelbuian/projects/mb/marcel-vibe/Deepium 2026/MarcelVibe/07/Sultan + Shepard - Indigo (Extended Mix) - 2021.mp3"
[youtube] Extracting URL: https://www.youtube.com/watch?v=oqBL2t3sHfI
[youtube] Sleeping 1.0 seconds ...
[youtube] oqBL2t3sHfI: Downloading webpage
[youtube] Sleeping 1.0 seconds ...
[youtube] oqBL2t3sHfI: Downloading visionos player API JSON
[youtube] Sleeping 1.0 seconds ...
[youtube] oqBL2t3sHfI: Downloading m3u8 information
[youtube] [jsc:node] Solving JS challenges using node
[info] oqBL2t3sHfI: Downloading 1 format(s): 251
[info] Downloading video thumbnail 44 ...
[info] Writing video thumbnail 44 to: /Users/marcelbuian/projects/mb/marcel-vibe/Deepium 2026/MarcelVibe/07/Makebo - Upside Down (Original Mix) - 2022.webp
[ThumbnailsConvertor] Converting thumbnail "/Users/marcelbuian/projects/mb/marcel-vibe/Deepium 2026/MarcelVibe/07/Makebo - Upside Down (Original Mix) - 2022.webp" to jpg
Deleting original file /Users/marcelbuian/projects/mb/marcel-vibe/Deepium 2026/MarcelVibe/07/Makebo - Upside Down (Original Mix) - 2022.webp (pass -k to keep)
[download] Sleeping 1.42 seconds ...
[download] Destination: /Users/marcelbuian/projects/mb/marcel-vibe/Deepium 2026/MarcelVibe/07/Makebo - Upside Down (Original Mix) - 2022.webm

[download]   0.0% of    7.87MiB at  420.36KiB/s ETA 00:19
[download]   0.0% of    7.87MiB at    1.05MiB/s ETA 00:07
[download]   0.1% of    7.87MiB at    2.28MiB/s ETA 00:03
[download]   0.2% of    7.87MiB at    4.66MiB/s ETA 00:01
[download]   0.4% of    7.87MiB at    3.67MiB/s ETA 00:02
[download]   0.8% of    7.87MiB at    5.00MiB/s ETA 00:01
[download]   1.6% of    7.87MiB at    6.98MiB/s ETA 00:01
[download]   3.2% of    7.87MiB at    9.26MiB/s ETA 00:00
[download]   6.3% of    7.87MiB at   13.61MiB/s ETA 00:00
[download]  12.7% of    7.87MiB at   15.38MiB/s ETA 00:00
[download]  25.4% of    7.87MiB at   15.10MiB/s ETA 00:00
[download]  50.8% of    7.87MiB at   20.82MiB/s ETA 00:00
[download] 100.0% of    7.87MiB at   12.04MiB/s ETA 00:00
[download] 100% of    7.87MiB in 00:00:00 at 8.12MiB/s   
[ExtractAudio] Destination: /Users/marcelbuian/projects/mb/marcel-vibe/Deepium 2026/MarcelVibe/07/Makebo - Upside Down (Original Mix) - 2022.mp3
Deleting original file /Users/marcelbuian/projects/mb/marcel-vibe/Deepium 2026/MarcelVibe/07/Makebo - Upside Down (Original Mix) - 2022.webm (pass -k to keep)
[Metadata] Adding metadata to "/Users/marcelbuian/projects/mb/marcel-vibe/Deepium 2026/MarcelVibe/07/Makebo - Upside Down (Original Mix) - 2022.mp3"
[EmbedThumbnail] ffmpeg: Adding thumbnail to "/Users/marcelbuian/projects/mb/marcel-vibe/Deepium 2026/MarcelVibe/07/Makebo - Upside Down (Original Mix) - 2022.mp3"
[youtube] Extracting URL: https://www.youtube.com/watch?v=vQ68uxY3L0I
[youtube] Sleeping 1.0 seconds ...
[youtube] vQ68uxY3L0I: Downloading webpage
[youtube] Sleeping 1.0 seconds ...
[youtube] vQ68uxY3L0I: Downloading visionos player API JSON
[youtube] Sleeping 1.0 seconds ...
[youtube] vQ68uxY3L0I: Downloading m3u8 information
[youtube] [jsc:node] Solving JS challenges using node
[info] vQ68uxY3L0I: Downloading 1 format(s): 251
[info] Downloading video thumbnail 44 ...
[info] Writing video thumbnail 44 to: /Users/marcelbuian/projects/mb/marcel-vibe/Deepium 2026/MarcelVibe/07/PREMIERE： Tonaco & Noronha - Konvergence (Original Mix) [TRANSENSATIONS RECORDS] - 2022.webp
[ThumbnailsConvertor] Converting thumbnail "/Users/marcelbuian/projects/mb/marcel-vibe/Deepium 2026/MarcelVibe/07/PREMIERE： Tonaco & Noronha - Konvergence (Original Mix) [TRANSENSATIONS RECORDS] - 2022.webp" to jpg
Deleting original file /Users/marcelbuian/projects/mb/marcel-vibe/Deepium 2026/MarcelVibe/07/PREMIERE： Tonaco & Noronha - Konvergence (Original Mix) [TRANSENSATIONS RECORDS] - 2022.webp (pass -k to keep)
[download] Sleeping 2.78 seconds ...
[download] Destination: /Users/marcelbuian/projects/mb/marcel-vibe/Deepium 2026/MarcelVibe/07/PREMIERE： Tonaco & Noronha - Konvergence (Original Mix) [TRANSENSATIONS RECORDS] - 2022.webm

[download]   0.0% of    7.27MiB at  Unknown B/s ETA Unknown
[download]   0.0% of    7.27MiB at    2.25MiB/s ETA 00:03  
[download]   0.1% of    7.27MiB at    4.07MiB/s ETA 00:01
[download]   0.2% of    7.27MiB at    7.63MiB/s ETA 00:00
[download]   0.4% of    7.27MiB at   14.19MiB/s ETA 00:00
[download]   0.8% of    7.27MiB at   18.02MiB/s ETA 00:00
[download]   1.7% of    7.27MiB at   19.22MiB/s ETA 00:00
[download]   3.4% of    7.27MiB at   20.68MiB/s ETA 00:00
[download]   6.9% of    7.27MiB at   15.20MiB/s ETA 00:00
[download]  13.7% of    7.27MiB at   15.20MiB/s ETA 00:00
[download]  27.5% of    7.27MiB at   14.94MiB/s ETA 00:00
[download]  55.0% of    7.27MiB at   22.27MiB/s ETA 00:00
[download] 100.0% of    7.27MiB at    8.97MiB/s ETA 00:00
[download] 100% of    7.27MiB in 00:00:00 at 7.66MiB/s   
[ExtractAudio] Destination: /Users/marcelbuian/projects/mb/marcel-vibe/Deepium 2026/MarcelVibe/07/PREMIERE： Tonaco & Noronha - Konvergence (Original Mix) [TRANSENSATIONS RECORDS] - 2022.mp3
Deleting original file /Users/marcelbuian/projects/mb/marcel-vibe/Deepium 2026/MarcelVibe/07/PREMIERE： Tonaco & Noronha - Konvergence (Original Mix) [TRANSENSATIONS RECORDS] - 2022.webm (pass -k to keep)
[Metadata] Adding metadata to "/Users/marcelbuian/projects/mb/marcel-vibe/Deepium 2026/MarcelVibe/07/PREMIERE： Tonaco & Noronha - Konvergence (Original Mix) [TRANSENSATIONS RECORDS] - 2022.mp3"
[EmbedThumbnail] ffmpeg: Adding thumbnail to "/Users/marcelbuian/projects/mb/marcel-vibe/Deepium 2026/MarcelVibe/07/PREMIERE： Tonaco & Noronha - Konvergence (Original Mix) [TRANSENSATIONS RECORDS] - 2022.mp3"
Reading URLs from STDIN - EOF (Ctrl+D) to end:

===== 08 (#08 - 2025-06-28 Popeye Village, Malta) 14:46:47
[youtube] Extracting URL: https://www.youtube.com/watch?v=lI9APCqNlCY
[youtube] lI9APCqNlCY: Downloading webpage
[youtube] Sleeping 1.0 seconds ...
[youtube] lI9APCqNlCY: Downloading visionos player API JSON
[youtube] Sleeping 1.0 seconds ...
[youtube] lI9APCqNlCY: Downloading m3u8 information
[info] lI9APCqNlCY: Downloading 1 format(s): 251
[info] Downloading video thumbnail 44 ...
[info] Writing video thumbnail 44 to: /Users/marcelbuian/projects/mb/marcel-vibe/Deepium 2026/MarcelVibe/08/Mark Alow - Northern Lights (Original Mix) - 2016.webp
[ThumbnailsConvertor] Converting thumbnail "/Users/marcelbuian/projects/mb/marcel-vibe/Deepium 2026/MarcelVibe/08/Mark Alow - Northern Lights (Original Mix) - 2016.webp" to jpg
Deleting original file /Users/marcelbuian/projects/mb/marcel-vibe/Deepium 2026/MarcelVibe/08/Mark Alow - Northern Lights (Original Mix) - 2016.webp (pass -k to keep)
[download] Sleeping 2.64 seconds ...
[download] Destination: /Users/marcelbuian/projects/mb/marcel-vibe/Deepium 2026/MarcelVibe/08/Mark Alow - Northern Lights (Original Mix) - 2016.webm

[download]   0.0% of    7.41MiB at  487.31KiB/s ETA 00:15
[download]   0.0% of    7.41MiB at    1.30MiB/s ETA 00:05
[download]   0.1% of    7.41MiB at    2.92MiB/s ETA 00:02
[download]   0.2% of    7.41MiB at    6.05MiB/s ETA 00:01
[download]   0.4% of    7.41MiB at    3.86MiB/s ETA 00:01
[download]   0.8% of    7.41MiB at    4.51MiB/s ETA 00:01
[download]   1.7% of    7.41MiB at    6.99MiB/s ETA 00:01
[download]   3.4% of    7.41MiB at    9.13MiB/s ETA 00:00
[download]   6.7% of    7.41MiB at   14.84MiB/s ETA 00:00
[download]  13.5% of    7.41MiB at    9.19MiB/s ETA 00:00
[download]  27.0% of    7.41MiB at    8.05MiB/s ETA 00:00
[download]  54.0% of    7.41MiB at   13.72MiB/s ETA 00:00
[download] 100.0% of    7.41MiB at   13.03MiB/s ETA 00:00
[download] 100% of    7.41MiB in 00:00:00 at 10.79MiB/s  
[ExtractAudio] Destination: /Users/marcelbuian/projects/mb/marcel-vibe/Deepium 2026/MarcelVibe/08/Mark Alow - Northern Lights (Original Mix) - 2016.mp3
Deleting original file /Users/marcelbuian/projects/mb/marcel-vibe/Deepium 2026/MarcelVibe/08/Mark Alow - Northern Lights (Original Mix) - 2016.webm (pass -k to keep)
[Metadata] Adding metadata to "/Users/marcelbuian/projects/mb/marcel-vibe/Deepium 2026/MarcelVibe/08/Mark Alow - Northern Lights (Original Mix) - 2016.mp3"
[EmbedThumbnail] ffmpeg: Adding thumbnail to "/Users/marcelbuian/projects/mb/marcel-vibe/Deepium 2026/MarcelVibe/08/Mark Alow - Northern Lights (Original Mix) - 2016.mp3"
[youtube] Extracting URL: https://www.youtube.com/watch?v=k93PbnbIX6g
[youtube] Sleeping 1.0 seconds ...
[youtube] k93PbnbIX6g: Downloading webpage
[youtube] Sleeping 1.0 seconds ...
[youtube] k93PbnbIX6g: Downloading visionos player API JSON
[youtube] Extracting URL: https://www.youtube.com/watch?v=32RHUW0LQKQ
[youtube] Sleeping 1.0 seconds ...
[youtube] 32RHUW0LQKQ: Downloading webpage
[youtube] Sleeping 1.0 seconds ...
[youtube] 32RHUW0LQKQ: Downloading visionos player API JSON
[youtube] Sleeping 1.0 seconds ...
[youtube] 32RHUW0LQKQ: Downloading m3u8 information
[info] 32RHUW0LQKQ: Downloading 1 format(s): 251
[info] Downloading video thumbnail 41 ...
[info] Writing video thumbnail 41 to: /Users/marcelbuian/projects/mb/marcel-vibe/Deepium 2026/MarcelVibe/08/Nahamasy & DJ Poolboi - Let Go - 2021.webp
[ThumbnailsConvertor] Converting thumbnail "/Users/marcelbuian/projects/mb/marcel-vibe/Deepium 2026/MarcelVibe/08/Nahamasy & DJ Poolboi - Let Go - 2021.webp" to jpg
Deleting original file /Users/marcelbuian/projects/mb/marcel-vibe/Deepium 2026/MarcelVibe/08/Nahamasy & DJ Poolboi - Let Go - 2021.webp (pass -k to keep)
[download] Sleeping 2.96 seconds ...
[download] Destination: /Users/marcelbuian/projects/mb/marcel-vibe/Deepium 2026/MarcelVibe/08/Nahamasy & DJ Poolboi - Let Go - 2021.webm

[download]   0.0% of    5.77MiB at  538.49KiB/s ETA 00:11
[download]   0.1% of    5.77MiB at    1.30MiB/s ETA 00:04
[download]   0.1% of    5.77MiB at    2.81MiB/s ETA 00:02
[download]   0.3% of    5.77MiB at    5.67MiB/s ETA 00:01
[download]   0.5% of    5.77MiB at    4.05MiB/s ETA 00:01
[download]   1.1% of    5.77MiB at    5.31MiB/s ETA 00:01
[download]   2.1% of    5.77MiB at    6.87MiB/s ETA 00:00
[download]   4.3% of    5.77MiB at    9.05MiB/s ETA 00:00
[download]   8.6% of    5.77MiB at   14.02MiB/s ETA 00:00
[download]  17.3% of    5.77MiB at   15.17MiB/s ETA 00:00
[download]  34.6% of    5.77MiB at    6.37MiB/s ETA 00:00
[download]  69.3% of    5.77MiB at    8.97MiB/s ETA 00:00
[download] 100.0% of    5.77MiB at   11.97MiB/s ETA 00:00
[download] 100% of    5.77MiB in 00:00:00 at 10.22MiB/s  
[ExtractAudio] Destination: /Users/marcelbuian/projects/mb/marcel-vibe/Deepium 2026/MarcelVibe/08/Nahamasy & DJ Poolboi - Let Go - 2021.mp3
Deleting original file /Users/marcelbuian/projects/mb/marcel-vibe/Deepium 2026/MarcelVibe/08/Nahamasy & DJ Poolboi - Let Go - 2021.webm (pass -k to keep)
[Metadata] Adding metadata to "/Users/marcelbuian/projects/mb/marcel-vibe/Deepium 2026/MarcelVibe/08/Nahamasy & DJ Poolboi - Let Go - 2021.mp3"
[EmbedThumbnail] ffmpeg: Adding thumbnail to "/Users/marcelbuian/projects/mb/marcel-vibe/Deepium 2026/MarcelVibe/08/Nahamasy & DJ Poolboi - Let Go - 2021.mp3"
[youtube] Extracting URL: https://www.youtube.com/watch?v=RV4vNIP4wno
[youtube] Sleeping 1.0 seconds ...
[youtube] RV4vNIP4wno: Downloading webpage
[youtube] Sleeping 1.0 seconds ...
[youtube] RV4vNIP4wno: Downloading visionos player API JSON
[youtube] Sleeping 1.0 seconds ...
[youtube] RV4vNIP4wno: Downloading m3u8 information
[info] RV4vNIP4wno: Downloading 1 format(s): 251
[info] Downloading video thumbnail 41 ...
[info] Writing video thumbnail 41 to: /Users/marcelbuian/projects/mb/marcel-vibe/Deepium 2026/MarcelVibe/08/R.M - Chikyu-u 002 - 2017.webp
[ThumbnailsConvertor] Converting thumbnail "/Users/marcelbuian/projects/mb/marcel-vibe/Deepium 2026/MarcelVibe/08/R.M - Chikyu-u 002 - 2017.webp" to jpg
Deleting original file /Users/marcelbuian/projects/mb/marcel-vibe/Deepium 2026/MarcelVibe/08/R.M - Chikyu-u 002 - 2017.webp (pass -k to keep)
[download] Sleeping 1.19 seconds ...
[download] Destination: /Users/marcelbuian/projects/mb/marcel-vibe/Deepium 2026/MarcelVibe/08/R.M - Chikyu-u 002 - 2017.webm

[download]   0.0% of    9.44MiB at  527.45KiB/s ETA 00:18
[download]   0.0% of    9.44MiB at    1.13MiB/s ETA 00:08
[download]   0.1% of    9.44MiB at    2.31MiB/s ETA 00:04
[download]   0.2% of    9.44MiB at    4.50MiB/s ETA 00:02
[download]   0.3% of    9.44MiB at    4.53MiB/s ETA 00:02
[download]   0.7% of    9.44MiB at    4.73MiB/s ETA 00:01
[download]   1.3% of    9.44MiB at    8.04MiB/s ETA 00:01
[download]   2.6% of    9.44MiB at   10.26MiB/s ETA 00:00
[download]   5.3% of    9.44MiB at   14.99MiB/s ETA 00:00
[download]  10.6% of    9.44MiB at   22.59MiB/s ETA 00:00
[download]  21.2% of    9.44MiB at   29.64MiB/s ETA 00:00
[download]  42.4% of    9.44MiB at   33.99MiB/s ETA 00:00
[download]  84.7% of    9.44MiB at   23.35MiB/s ETA 00:00
[download] 100.0% of    9.44MiB at   22.12MiB/s ETA 00:00
[download] 100% of    9.44MiB in 00:00:00 at 18.01MiB/s  
[ExtractAudio] Destination: /Users/marcelbuian/projects/mb/marcel-vibe/Deepium 2026/MarcelVibe/08/R.M - Chikyu-u 002 - 2017.mp3
Deleting original file /Users/marcelbuian/projects/mb/marcel-vibe/Deepium 2026/MarcelVibe/08/R.M - Chikyu-u 002 - 2017.webm (pass -k to keep)
[Metadata] Adding metadata to "/Users/marcelbuian/projects/mb/marcel-vibe/Deepium 2026/MarcelVibe/08/R.M - Chikyu-u 002 - 2017.mp3"
[EmbedThumbnail] ffmpeg: Adding thumbnail to "/Users/marcelbuian/projects/mb/marcel-vibe/Deepium 2026/MarcelVibe/08/R.M - Chikyu-u 002 - 2017.mp3"
[youtube] Extracting URL: https://www.youtube.com/watch?v=lc6B9EOaQbw
[youtube] Sleeping 1.0 seconds ...
[youtube] lc6B9EOaQbw: Downloading webpage
[youtube] Sleeping 1.0 seconds ...
[youtube] lc6B9EOaQbw: Downloading visionos player API JSON
[youtube] Sleeping 1.0 seconds ...
[youtube] lc6B9EOaQbw: Downloading m3u8 information
[info] lc6B9EOaQbw: Downloading 1 format(s): 251
[info] Downloading video thumbnail 41 ...
[info] Writing video thumbnail 41 to: /Users/marcelbuian/projects/mb/marcel-vibe/Deepium 2026/MarcelVibe/08/yungpolar - Last Station - 2024.webp
[ThumbnailsConvertor] Converting thumbnail "/Users/marcelbuian/projects/mb/marcel-vibe/Deepium 2026/MarcelVibe/08/yungpolar - Last Station - 2024.webp" to jpg
Deleting original file /Users/marcelbuian/projects/mb/marcel-vibe/Deepium 2026/MarcelVibe/08/yungpolar - Last Station - 2024.webp (pass -k to keep)
[download] Sleeping 1.71 seconds ...
[download] Destination: /Users/marcelbuian/projects/mb/marcel-vibe/Deepium 2026/MarcelVibe/08/yungpolar - Last Station - 2024.webm

[download]   0.0% of    5.46MiB at  561.79KiB/s ETA 00:10
[download]   0.1% of    5.46MiB at    1.33MiB/s ETA 00:04
[download]   0.1% of    5.46MiB at    2.78MiB/s ETA 00:01
[download]   0.3% of    5.46MiB at    5.53MiB/s ETA 00:00
[download]   0.6% of    5.46MiB at   10.57MiB/s ETA 00:00
[download]   1.1% of    5.46MiB at   19.40MiB/s ETA 00:00
[download]   2.3% of    5.46MiB at   16.15MiB/s ETA 00:00
[download]   4.6% of    5.46MiB at   17.72MiB/s ETA 00:00
[download]   9.1% of    5.46MiB at   15.99MiB/s ETA 00:00
[download]  18.3% of    5.46MiB at   15.17MiB/s ETA 00:00
[download]  36.6% of    5.46MiB at   15.03MiB/s ETA 00:00
[download]  73.2% of    5.46MiB at   12.40MiB/s ETA 00:00
[download] 100.0% of    5.46MiB at    7.92MiB/s ETA 00:00
[download] 100% of    5.46MiB in 00:00:00 at 6.78MiB/s   
[ExtractAudio] Destination: /Users/marcelbuian/projects/mb/marcel-vibe/Deepium 2026/MarcelVibe/08/yungpolar - Last Station - 2024.mp3
Deleting original file /Users/marcelbuian/projects/mb/marcel-vibe/Deepium 2026/MarcelVibe/08/yungpolar - Last Station - 2024.webm (pass -k to keep)
[Metadata] Adding metadata to "/Users/marcelbuian/projects/mb/marcel-vibe/Deepium 2026/MarcelVibe/08/yungpolar - Last Station - 2024.mp3"
[EmbedThumbnail] ffmpeg: Adding thumbnail to "/Users/marcelbuian/projects/mb/marcel-vibe/Deepium 2026/MarcelVibe/08/yungpolar - Last Station - 2024.mp3"
[youtube] Extracting URL: https://www.youtube.com/watch?v=HlJr29IyzWE
[youtube] Sleeping 1.0 seconds ...
[youtube] HlJr29IyzWE: Downloading webpage
[youtube] Sleeping 1.0 seconds ...
[youtube] HlJr29IyzWE: Downloading visionos player API JSON
[youtube] Sleeping 1.0 seconds ...
[youtube] HlJr29IyzWE: Downloading m3u8 information
[info] HlJr29IyzWE: Downloading 1 format(s): 251
[info] Downloading video thumbnail 44 ...
[info] Writing video thumbnail 44 to: /Users/marcelbuian/projects/mb/marcel-vibe/Deepium 2026/MarcelVibe/08/Colau - I Know You Love Me - 2023.webp
[ThumbnailsConvertor] Converting thumbnail "/Users/marcelbuian/projects/mb/marcel-vibe/Deepium 2026/MarcelVibe/08/Colau - I Know You Love Me - 2023.webp" to jpg
Deleting original file /Users/marcelbuian/projects/mb/marcel-vibe/Deepium 2026/MarcelVibe/08/Colau - I Know You Love Me - 2023.webp (pass -k to keep)
[download] Sleeping 1.13 seconds ...
[download] Destination: /Users/marcelbuian/projects/mb/marcel-vibe/Deepium 2026/MarcelVibe/08/Colau - I Know You Love Me - 2023.webm

[download]   0.0% of    6.06MiB at  199.01KiB/s ETA 00:31
[download]   0.0% of    6.06MiB at  567.77KiB/s ETA 00:10
[download]   0.1% of    6.06MiB at    1.27MiB/s ETA 00:04
[download]   0.2% of    6.06MiB at    2.67MiB/s ETA 00:02
[download]   0.5% of    6.06MiB at  624.25KiB/s ETA 00:09
[download]   1.0% of    6.06MiB at  725.62KiB/s ETA 00:08
[download]   2.0% of    6.06MiB at  984.80KiB/s ETA 00:06
[download]   4.1% of    6.06MiB at    1.43MiB/s ETA 00:04
[download]   8.2% of    6.06MiB at    2.29MiB/s ETA 00:02
[download]  16.5% of    6.06MiB at    3.41MiB/s ETA 00:01
[download]  33.0% of    6.06MiB at    5.75MiB/s ETA 00:00
[download]  65.9% of    6.06MiB at    9.74MiB/s ETA 00:00
[download] 100.0% of    6.06MiB at   11.91MiB/s ETA 00:00
[download] 100% of    6.06MiB in 00:00:00 at 8.16MiB/s   
[ExtractAudio] Destination: /Users/marcelbuian/projects/mb/marcel-vibe/Deepium 2026/MarcelVibe/08/Colau - I Know You Love Me - 2023.mp3
Deleting original file /Users/marcelbuian/projects/mb/marcel-vibe/Deepium 2026/MarcelVibe/08/Colau - I Know You Love Me - 2023.webm (pass -k to keep)
[Metadata] Adding metadata to "/Users/marcelbuian/projects/mb/marcel-vibe/Deepium 2026/MarcelVibe/08/Colau - I Know You Love Me - 2023.mp3"
[EmbedThumbnail] ffmpeg: Adding thumbnail to "/Users/marcelbuian/projects/mb/marcel-vibe/Deepium 2026/MarcelVibe/08/Colau - I Know You Love Me - 2023.mp3"
[youtube] Extracting URL: https://www.youtube.com/watch?v=z877vEIF6pM
[youtube] Sleeping 1.0 seconds ...
[youtube] z877vEIF6pM: Downloading webpage
[youtube] Sleeping 1.0 seconds ...
[youtube] z877vEIF6pM: Downloading visionos player API JSON
[youtube] Sleeping 1.0 seconds ...
[youtube] z877vEIF6pM: Downloading m3u8 information
[info] z877vEIF6pM: Downloading 1 format(s): 251
[info] Downloading video thumbnail 43 ...
[info] Video Thumbnail 43 does not exist
[info] Downloading video thumbnail 42 ...
[info] Video Thumbnail 42 does not exist
[info] Downloading video thumbnail 41 ...
[info] Video Thumbnail 41 does not exist
[info] Downloading video thumbnail 40 ...
[info] Video Thumbnail 40 does not exist
[info] Downloading video thumbnail 39 ...
[info] Writing video thumbnail 39 to: /Users/marcelbuian/projects/mb/marcel-vibe/Deepium 2026/MarcelVibe/08/Kcik - 37-a (Take Me Home) - 2024.webp
[ThumbnailsConvertor] Converting thumbnail "/Users/marcelbuian/projects/mb/marcel-vibe/Deepium 2026/MarcelVibe/08/Kcik - 37-a (Take Me Home) - 2024.webp" to jpg
Deleting original file /Users/marcelbuian/projects/mb/marcel-vibe/Deepium 2026/MarcelVibe/08/Kcik - 37-a (Take Me Home) - 2024.webp (pass -k to keep)
[download] Sleeping 1.79 seconds ...
[download] Destination: /Users/marcelbuian/projects/mb/marcel-vibe/Deepium 2026/MarcelVibe/08/Kcik - 37-a (Take Me Home) - 2024.webm

[download]   0.0% of    4.91MiB at  470.42KiB/s ETA 00:10
[download]   0.1% of    4.91MiB at    1.26MiB/s ETA 00:03
[download]   0.1% of    4.91MiB at    2.85MiB/s ETA 00:01
[download]   0.3% of    4.91MiB at    5.93MiB/s ETA 00:00
[download]   0.6% of    4.91MiB at    4.45MiB/s ETA 00:01
[download]   1.3% of    4.91MiB at    5.06MiB/s ETA 00:00
[download]   2.5% of    4.91MiB at    7.48MiB/s ETA 00:00
[download]   5.1% of    4.91MiB at   10.70MiB/s ETA 00:00
[download]  10.2% of    4.91MiB at   14.94MiB/s ETA 00:00
[download]  20.3% of    4.91MiB at   15.48MiB/s ETA 00:00
[download]  40.7% of    4.91MiB at   14.99MiB/s ETA 00:00
[download]  81.4% of    4.91MiB at    7.07MiB/s ETA 00:00
[download] 100.0% of    4.91MiB at    8.20MiB/s ETA 00:00
[download] 100% of    4.91MiB in 00:00:00 at 5.89MiB/s   
[ExtractAudio] Destination: /Users/marcelbuian/projects/mb/marcel-vibe/Deepium 2026/MarcelVibe/08/Kcik - 37-a (Take Me Home) - 2024.mp3
Deleting original file /Users/marcelbuian/projects/mb/marcel-vibe/Deepium 2026/MarcelVibe/08/Kcik - 37-a (Take Me Home) - 2024.webm (pass -k to keep)
[Metadata] Adding metadata to "/Users/marcelbuian/projects/mb/marcel-vibe/Deepium 2026/MarcelVibe/08/Kcik - 37-a (Take Me Home) - 2024.mp3"
[EmbedThumbnail] ffmpeg: Adding thumbnail to "/Users/marcelbuian/projects/mb/marcel-vibe/Deepium 2026/MarcelVibe/08/Kcik - 37-a (Take Me Home) - 2024.mp3"
[youtube] Extracting URL: https://www.youtube.com/watch?v=gZKcQh12-Vw
[youtube] Sleeping 1.0 seconds ...
[youtube] gZKcQh12-Vw: Downloading webpage
[youtube] Sleeping 1.0 seconds ...
[youtube] gZKcQh12-Vw: Downloading visionos player API JSON
[youtube] Extracting URL: https://www.youtube.com/watch?v=z8epNEDroEY
[youtube] Sleeping 1.0 seconds ...
[youtube] z8epNEDroEY: Downloading webpage
[youtube] Sleeping 1.0 seconds ...
[youtube] z8epNEDroEY: Downloading visionos player API JSON
[youtube] Sleeping 1.0 seconds ...
[youtube] z8epNEDroEY: Downloading m3u8 information
[info] z8epNEDroEY: Downloading 1 format(s): 251
[info] Downloading video thumbnail 44 ...
[info] Writing video thumbnail 44 to: /Users/marcelbuian/projects/mb/marcel-vibe/Deepium 2026/MarcelVibe/08/Gorillaz - Feel Good Inc. (DJibouti Dub) (Official Audio) - 2023.webp
[ThumbnailsConvertor] Converting thumbnail "/Users/marcelbuian/projects/mb/marcel-vibe/Deepium 2026/MarcelVibe/08/Gorillaz - Feel Good Inc. (DJibouti Dub) (Official Audio) - 2023.webp" to jpg
Deleting original file /Users/marcelbuian/projects/mb/marcel-vibe/Deepium 2026/MarcelVibe/08/Gorillaz - Feel Good Inc. (DJibouti Dub) (Official Audio) - 2023.webp (pass -k to keep)
[download] Sleeping 2.01 seconds ...
[download] Destination: /Users/marcelbuian/projects/mb/marcel-vibe/Deepium 2026/MarcelVibe/08/Gorillaz - Feel Good Inc. (DJibouti Dub) (Official Audio) - 2023.webm

[download]   0.0% of    5.49MiB at  Unknown B/s ETA Unknown
[download]   0.1% of    5.49MiB at    2.31MiB/s ETA 00:02  
[download]   0.1% of    5.49MiB at    4.84MiB/s ETA 00:01
[download]   0.3% of    5.49MiB at    9.14MiB/s ETA 00:00
[download]   0.6% of    5.49MiB at   16.43MiB/s ETA 00:00
[download]   1.1% of    5.49MiB at   30.24MiB/s ETA 00:00
[download]   2.3% of    5.49MiB at   13.28MiB/s ETA 00:00
[download]   4.5% of    5.49MiB at   14.00MiB/s ETA 00:00
[download]   9.1% of    5.49MiB at   15.06MiB/s ETA 00:00
[download]  18.2% of    5.49MiB at   14.90MiB/s ETA 00:00
[download]  36.4% of    5.49MiB at   15.12MiB/s ETA 00:00
[download]  72.8% of    5.49MiB at    8.82MiB/s ETA 00:00
[download] 100.0% of    5.49MiB at   10.25MiB/s ETA 00:00
[download] 100% of    5.49MiB in 00:00:00 at 8.68MiB/s   
[ExtractAudio] Destination: /Users/marcelbuian/projects/mb/marcel-vibe/Deepium 2026/MarcelVibe/08/Gorillaz - Feel Good Inc. (DJibouti Dub) (Official Audio) - 2023.mp3
Deleting original file /Users/marcelbuian/projects/mb/marcel-vibe/Deepium 2026/MarcelVibe/08/Gorillaz - Feel Good Inc. (DJibouti Dub) (Official Audio) - 2023.webm (pass -k to keep)
[Metadata] Adding metadata to "/Users/marcelbuian/projects/mb/marcel-vibe/Deepium 2026/MarcelVibe/08/Gorillaz - Feel Good Inc. (DJibouti Dub) (Official Audio) - 2023.mp3"
[EmbedThumbnail] ffmpeg: Adding thumbnail to "/Users/marcelbuian/projects/mb/marcel-vibe/Deepium 2026/MarcelVibe/08/Gorillaz - Feel Good Inc. (DJibouti Dub) (Official Audio) - 2023.mp3"
[youtube] Extracting URL: https://www.youtube.com/watch?v=Hj09PwL7b4Q
[youtube] Sleeping 1.0 seconds ...
[youtube] Hj09PwL7b4Q: Downloading webpage
[youtube] Sleeping 1.0 seconds ...
[youtube] Hj09PwL7b4Q: Downloading visionos player API JSON
[youtube] Extracting URL: https://www.youtube.com/watch?v=ZldDzJWb35I
[youtube] Sleeping 1.0 seconds ...
[youtube] ZldDzJWb35I: Downloading webpage
[youtube] Sleeping 1.0 seconds ...
[youtube] ZldDzJWb35I: Downloading visionos player API JSON
[youtube] Sleeping 1.0 seconds ...
[youtube] ZldDzJWb35I: Downloading m3u8 information
[info] ZldDzJWb35I: Downloading 1 format(s): 251
[info] Downloading video thumbnail 41 ...
[info] Writing video thumbnail 41 to: /Users/marcelbuian/projects/mb/marcel-vibe/Deepium 2026/MarcelVibe/08/Oscar Barila - My Oxygen (T.Markakis Remix) - 2023.webp
[ThumbnailsConvertor] Converting thumbnail "/Users/marcelbuian/projects/mb/marcel-vibe/Deepium 2026/MarcelVibe/08/Oscar Barila - My Oxygen (T.Markakis Remix) - 2023.webp" to jpg
Deleting original file /Users/marcelbuian/projects/mb/marcel-vibe/Deepium 2026/MarcelVibe/08/Oscar Barila - My Oxygen (T.Markakis Remix) - 2023.webp (pass -k to keep)
[download] Sleeping 1.30 seconds ...
[download] Destination: /Users/marcelbuian/projects/mb/marcel-vibe/Deepium 2026/MarcelVibe/08/Oscar Barila - My Oxygen (T.Markakis Remix) - 2023.webm

[download]   0.0% of    6.23MiB at   47.47KiB/s ETA 02:14
[download]   0.0% of    6.23MiB at  138.80KiB/s ETA 00:45
[download]   0.1% of    6.23MiB at  320.68KiB/s ETA 00:19
[download]   0.2% of    6.23MiB at  673.13KiB/s ETA 00:09
[download]   0.5% of    6.23MiB at    1.34MiB/s ETA 00:04
[download]   1.0% of    6.23MiB at    2.62MiB/s ETA 00:02
[download]   2.0% of    6.23MiB at    5.20MiB/s ETA 00:01
[download]   4.0% of    6.23MiB at    4.02MiB/s ETA 00:01
[download]   8.0% of    6.23MiB at    2.82MiB/s ETA 00:02
[download]  16.0% of    6.23MiB at    1.71MiB/s ETA 00:03
[download]  32.1% of    6.23MiB at 1001.01KiB/s ETA 00:04
[download]  43.1% of    6.23MiB at  880.17KiB/s ETA 00:04
[download]  53.3% of    6.23MiB at  873.28KiB/s ETA 00:03
[download]  66.5% of    6.23MiB at  908.99KiB/s ETA 00:02
[download]  83.6% of    6.23MiB at  876.87KiB/s ETA 00:01
[download]  95.7% of    6.23MiB at  829.52KiB/s ETA 00:00
[download] 100.0% of    6.23MiB at  817.06KiB/s ETA 00:00
[download] 100% of    6.23MiB in 00:00:08 at 759.41KiB/s 
[ExtractAudio] Destination: /Users/marcelbuian/projects/mb/marcel-vibe/Deepium 2026/MarcelVibe/08/Oscar Barila - My Oxygen (T.Markakis Remix) - 2023.mp3
Deleting original file /Users/marcelbuian/projects/mb/marcel-vibe/Deepium 2026/MarcelVibe/08/Oscar Barila - My Oxygen (T.Markakis Remix) - 2023.webm (pass -k to keep)
[Metadata] Adding metadata to "/Users/marcelbuian/projects/mb/marcel-vibe/Deepium 2026/MarcelVibe/08/Oscar Barila - My Oxygen (T.Markakis Remix) - 2023.mp3"
[EmbedThumbnail] ffmpeg: Adding thumbnail to "/Users/marcelbuian/projects/mb/marcel-vibe/Deepium 2026/MarcelVibe/08/Oscar Barila - My Oxygen (T.Markakis Remix) - 2023.mp3"
[youtube] Extracting URL: https://www.youtube.com/watch?v=cnEVZ0HOFr0
[youtube] Sleeping 1.0 seconds ...
[youtube] cnEVZ0HOFr0: Downloading webpage
[youtube] Sleeping 1.0 seconds ...
[youtube] cnEVZ0HOFr0: Downloading visionos player API JSON
[youtube] Sleeping 1.0 seconds ...
[youtube] cnEVZ0HOFr0: Downloading m3u8 information
[info] cnEVZ0HOFr0: Downloading 1 format(s): 251
[info] Downloading video thumbnail 41 ...
[info] Writing video thumbnail 41 to: /Users/marcelbuian/projects/mb/marcel-vibe/Deepium 2026/MarcelVibe/08/Vintage & Morelli - Tsukiakari Ame (Deep Mix) [Silk Music] - 2014.webp
[ThumbnailsConvertor] Converting thumbnail "/Users/marcelbuian/projects/mb/marcel-vibe/Deepium 2026/MarcelVibe/08/Vintage & Morelli - Tsukiakari Ame (Deep Mix) [Silk Music] - 2014.webp" to jpg
Deleting original file /Users/marcelbuian/projects/mb/marcel-vibe/Deepium 2026/MarcelVibe/08/Vintage & Morelli - Tsukiakari Ame (Deep Mix) [Silk Music] - 2014.webp (pass -k to keep)
[download] Sleeping 1.12 seconds ...
[download] Destination: /Users/marcelbuian/projects/mb/marcel-vibe/Deepium 2026/MarcelVibe/08/Vintage & Morelli - Tsukiakari Ame (Deep Mix) [Silk Music] - 2014.webm

[download]   0.0% of    8.12MiB at  518.14KiB/s ETA 00:16
[download]   0.0% of    8.12MiB at    1.35MiB/s ETA 00:06
[download]   0.1% of    8.12MiB at    3.01MiB/s ETA 00:02
[download]   0.2% of    8.12MiB at    6.00MiB/s ETA 00:01
[download]   0.4% of    8.12MiB at    3.29MiB/s ETA 00:02
[download]   0.8% of    8.12MiB at    4.32MiB/s ETA 00:01
[download]   1.5% of    8.12MiB at    6.72MiB/s ETA 00:01
[download]   3.1% of    8.12MiB at    9.90MiB/s ETA 00:00
[download]   6.1% of    8.12MiB at   12.99MiB/s ETA 00:00
[download]  12.3% of    8.12MiB at    9.57MiB/s ETA 00:00
[download]  24.6% of    8.12MiB at    8.28MiB/s ETA 00:00
[download]  49.3% of    8.12MiB at    7.79MiB/s ETA 00:00
[download]  98.5% of    8.12MiB at    8.18MiB/s ETA 00:00
[download] 100.0% of    8.12MiB at    7.44MiB/s ETA 00:00
[download] 100% of    8.12MiB in 00:00:01 at 6.50MiB/s   
[ExtractAudio] Destination: /Users/marcelbuian/projects/mb/marcel-vibe/Deepium 2026/MarcelVibe/08/Vintage & Morelli - Tsukiakari Ame (Deep Mix) [Silk Music] - 2014.mp3
Deleting original file /Users/marcelbuian/projects/mb/marcel-vibe/Deepium 2026/MarcelVibe/08/Vintage & Morelli - Tsukiakari Ame (Deep Mix) [Silk Music] - 2014.webm (pass -k to keep)
[Metadata] Adding metadata to "/Users/marcelbuian/projects/mb/marcel-vibe/Deepium 2026/MarcelVibe/08/Vintage & Morelli - Tsukiakari Ame (Deep Mix) [Silk Music] - 2014.mp3"
[EmbedThumbnail] ffmpeg: Adding thumbnail to "/Users/marcelbuian/projects/mb/marcel-vibe/Deepium 2026/MarcelVibe/08/Vintage & Morelli - Tsukiakari Ame (Deep Mix) [Silk Music] - 2014.mp3"
[youtube] Extracting URL: https://www.youtube.com/watch?v=ZbGX7IeMmiw
[youtube] Sleeping 1.0 seconds ...
[youtube] ZbGX7IeMmiw: Downloading webpage
[youtube] Sleeping 1.0 seconds ...
[youtube] ZbGX7IeMmiw: Downloading visionos player API JSON
[youtube] Sleeping 1.0 seconds ...
[youtube] ZbGX7IeMmiw: Downloading m3u8 information
[info] ZbGX7IeMmiw: Downloading 1 format(s): 251
[info] Downloading video thumbnail 41 ...
[info] Writing video thumbnail 41 to: /Users/marcelbuian/projects/mb/marcel-vibe/Deepium 2026/MarcelVibe/08/Fake Moses - See The Sea - 2025.webp
[ThumbnailsConvertor] Converting thumbnail "/Users/marcelbuian/projects/mb/marcel-vibe/Deepium 2026/MarcelVibe/08/Fake Moses - See The Sea - 2025.webp" to jpg
Deleting original file /Users/marcelbuian/projects/mb/marcel-vibe/Deepium 2026/MarcelVibe/08/Fake Moses - See The Sea - 2025.webp (pass -k to keep)
[download] Sleeping 1.54 seconds ...
[download] Destination: /Users/marcelbuian/projects/mb/marcel-vibe/Deepium 2026/MarcelVibe/08/Fake Moses - See The Sea - 2025.webm

[download]   0.0% of    7.28MiB at  128.29KiB/s ETA 00:58
[download]   0.0% of    7.28MiB at  360.71KiB/s ETA 00:20
[download]   0.1% of    7.28MiB at  819.20KiB/s ETA 00:09
[download]   0.2% of    7.28MiB at    1.67MiB/s ETA 00:04
[download]   0.4% of    7.28MiB at    3.35MiB/s ETA 00:02
[download]   0.8% of    7.28MiB at    3.01MiB/s ETA 00:02
[download]   1.7% of    7.28MiB at    4.00MiB/s ETA 00:01
[download]   3.4% of    7.28MiB at    5.34MiB/s ETA 00:01
[download]   6.9% of    7.28MiB at    7.19MiB/s ETA 00:00
[download]  13.7% of    7.28MiB at    8.09MiB/s ETA 00:00
[download]  27.5% of    7.28MiB at    5.96MiB/s ETA 00:00
[download]  55.0% of    7.28MiB at    1.55MiB/s ETA 00:02
[download]  68.7% of    7.28MiB at    1.42MiB/s ETA 00:01
[download]  83.6% of    7.28MiB at    1.32MiB/s ETA 00:00
[download]  96.9% of    7.28MiB at    1.24MiB/s ETA 00:00
[download] 100.0% of    7.28MiB at    1.17MiB/s ETA 00:00
[download] 100% of    7.28MiB in 00:00:06 at 1.15MiB/s   
[ExtractAudio] Destination: /Users/marcelbuian/projects/mb/marcel-vibe/Deepium 2026/MarcelVibe/08/Fake Moses - See The Sea - 2025.mp3
Deleting original file /Users/marcelbuian/projects/mb/marcel-vibe/Deepium 2026/MarcelVibe/08/Fake Moses - See The Sea - 2025.webm (pass -k to keep)
[Metadata] Adding metadata to "/Users/marcelbuian/projects/mb/marcel-vibe/Deepium 2026/MarcelVibe/08/Fake Moses - See The Sea - 2025.mp3"
[EmbedThumbnail] ffmpeg: Adding thumbnail to "/Users/marcelbuian/projects/mb/marcel-vibe/Deepium 2026/MarcelVibe/08/Fake Moses - See The Sea - 2025.mp3"
[youtube] Extracting URL: https://www.youtube.com/watch?v=3PFr4hRFY-4
[youtube] Sleeping 1.0 seconds ...
[youtube] 3PFr4hRFY-4: Downloading webpage
[youtube] Sleeping 1.0 seconds ...
[youtube] 3PFr4hRFY-4: Downloading visionos player API JSON
[youtube] Sleeping 1.0 seconds ...
[youtube] 3PFr4hRFY-4: Downloading m3u8 information
[info] 3PFr4hRFY-4: Downloading 1 format(s): 251
[info] Downloading video thumbnail 41 ...
[info] Writing video thumbnail 41 to: /Users/marcelbuian/projects/mb/marcel-vibe/Deepium 2026/MarcelVibe/08/Henrik Villard - Find A Certain Way (Original Mix) [Closer To Truth] - 2021.webp
[ThumbnailsConvertor] Converting thumbnail "/Users/marcelbuian/projects/mb/marcel-vibe/Deepium 2026/MarcelVibe/08/Henrik Villard - Find A Certain Way (Original Mix) [Closer To Truth] - 2021.webp" to jpg
Deleting original file /Users/marcelbuian/projects/mb/marcel-vibe/Deepium 2026/MarcelVibe/08/Henrik Villard - Find A Certain Way (Original Mix) [Closer To Truth] - 2021.webp (pass -k to keep)
[download] Sleeping 1.36 seconds ...
[download] Destination: /Users/marcelbuian/projects/mb/marcel-vibe/Deepium 2026/MarcelVibe/08/Henrik Villard - Find A Certain Way (Original Mix) [Closer To Truth] - 2021.webm

[download]   0.0% of    5.33MiB at  413.60KiB/s ETA 00:13
[download]   0.1% of    5.33MiB at    1.02MiB/s ETA 00:05
[download]   0.1% of    5.33MiB at    2.18MiB/s ETA 00:02
[download]   0.3% of    5.33MiB at    4.39MiB/s ETA 00:01
[download]   0.6% of    5.33MiB at    3.74MiB/s ETA 00:01
[download]   1.2% of    5.33MiB at    4.65MiB/s ETA 00:01
[download]   2.3% of    5.33MiB at    6.26MiB/s ETA 00:00
[download]   4.7% of    5.33MiB at   10.23MiB/s ETA 00:00
[download]   9.4% of    5.33MiB at   15.65MiB/s ETA 00:00
[download]  18.8% of    5.33MiB at   15.15MiB/s ETA 00:00
[download]  37.5% of    5.33MiB at   15.17MiB/s ETA 00:00
[download]  75.1% of    5.33MiB at   23.14MiB/s ETA 00:00
[download] 100.0% of    5.33MiB at   17.07MiB/s ETA 00:00
[download] 100% of    5.33MiB in 00:00:00 at 11.17MiB/s  
[ExtractAudio] Destination: /Users/marcelbuian/projects/mb/marcel-vibe/Deepium 2026/MarcelVibe/08/Henrik Villard - Find A Certain Way (Original Mix) [Closer To Truth] - 2021.mp3
Deleting original file /Users/marcelbuian/projects/mb/marcel-vibe/Deepium 2026/MarcelVibe/08/Henrik Villard - Find A Certain Way (Original Mix) [Closer To Truth] - 2021.webm (pass -k to keep)
[Metadata] Adding metadata to "/Users/marcelbuian/projects/mb/marcel-vibe/Deepium 2026/MarcelVibe/08/Henrik Villard - Find A Certain Way (Original Mix) [Closer To Truth] - 2021.mp3"
[EmbedThumbnail] ffmpeg: Adding thumbnail to "/Users/marcelbuian/projects/mb/marcel-vibe/Deepium 2026/MarcelVibe/08/Henrik Villard - Find A Certain Way (Original Mix) [Closer To Truth] - 2021.mp3"
Reading URLs from STDIN - EOF (Ctrl+D) to end:
ERROR: [youtube] k93PbnbIX6g: Video unavailable
ERROR: [youtube] gZKcQh12-Vw: Video unavailable
ERROR: [youtube] Hj09PwL7b4Q: Video unavailable

===== 09 (#09 - 2025-06-29 Wied il-Ghasri, Gozo) 14:47:33
[youtube] Extracting URL: https://www.youtube.com/watch?v=L6-A-d_nVH4
[youtube] L6-A-d_nVH4: Downloading webpage
[youtube] Sleeping 1.0 seconds ...
[youtube] L6-A-d_nVH4: Downloading visionos player API JSON
[youtube] Sleeping 1.0 seconds ...
[youtube] L6-A-d_nVH4: Downloading m3u8 information
[info] L6-A-d_nVH4: Downloading 1 format(s): 251
[info] Downloading video thumbnail 44 ...
[info] Writing video thumbnail 44 to: /Users/marcelbuian/projects/mb/marcel-vibe/Deepium 2026/MarcelVibe/09/Gentleman - Tell Me What You Need (Original Mix) - 2024.webp
[ThumbnailsConvertor] Converting thumbnail "/Users/marcelbuian/projects/mb/marcel-vibe/Deepium 2026/MarcelVibe/09/Gentleman - Tell Me What You Need (Original Mix) - 2024.webp" to jpg
Deleting original file /Users/marcelbuian/projects/mb/marcel-vibe/Deepium 2026/MarcelVibe/09/Gentleman - Tell Me What You Need (Original Mix) - 2024.webp (pass -k to keep)
[download] Sleeping 1.11 seconds ...
[download] Destination: /Users/marcelbuian/projects/mb/marcel-vibe/Deepium 2026/MarcelVibe/09/Gentleman - Tell Me What You Need (Original Mix) - 2024.webm

[download]   0.0% of    6.36MiB at  517.56KiB/s ETA 00:12
[download]   0.0% of    6.36MiB at    1.22MiB/s ETA 00:05
[download]   0.1% of    6.36MiB at    2.57MiB/s ETA 00:02
[download]   0.2% of    6.36MiB at    5.09MiB/s ETA 00:01
[download]   0.5% of    6.36MiB at    4.33MiB/s ETA 00:01
[download]   1.0% of    6.36MiB at    4.52MiB/s ETA 00:01
[download]   1.9% of    6.36MiB at    7.90MiB/s ETA 00:00
[download]   3.9% of    6.36MiB at    9.54MiB/s ETA 00:00
[download]   7.8% of    6.36MiB at   13.85MiB/s ETA 00:00
[download]  15.7% of    6.36MiB at    9.85MiB/s ETA 00:00
[download]  31.4% of    6.36MiB at    8.33MiB/s ETA 00:00
[download]  62.8% of    6.36MiB at    8.07MiB/s ETA 00:00
[download] 100.0% of    6.36MiB at    8.80MiB/s ETA 00:00
[download] 100% of    6.36MiB in 00:00:00 at 7.38MiB/s   
[ExtractAudio] Destination: /Users/marcelbuian/projects/mb/marcel-vibe/Deepium 2026/MarcelVibe/09/Gentleman - Tell Me What You Need (Original Mix) - 2024.mp3
Deleting original file /Users/marcelbuian/projects/mb/marcel-vibe/Deepium 2026/MarcelVibe/09/Gentleman - Tell Me What You Need (Original Mix) - 2024.webm (pass -k to keep)
[Metadata] Adding metadata to "/Users/marcelbuian/projects/mb/marcel-vibe/Deepium 2026/MarcelVibe/09/Gentleman - Tell Me What You Need (Original Mix) - 2024.mp3"
[EmbedThumbnail] ffmpeg: Adding thumbnail to "/Users/marcelbuian/projects/mb/marcel-vibe/Deepium 2026/MarcelVibe/09/Gentleman - Tell Me What You Need (Original Mix) - 2024.mp3"
[youtube] Extracting URL: https://www.youtube.com/watch?v=T88mmilJ3aI
[youtube] Sleeping 1.0 seconds ...
[youtube] T88mmilJ3aI: Downloading webpage
[youtube] Sleeping 1.0 seconds ...
[youtube] T88mmilJ3aI: Downloading visionos player API JSON
[youtube] Sleeping 1.0 seconds ...
[youtube] T88mmilJ3aI: Downloading m3u8 information
[info] T88mmilJ3aI: Downloading 1 format(s): 251
[info] Downloading video thumbnail 44 ...
[info] Writing video thumbnail 44 to: /Users/marcelbuian/projects/mb/marcel-vibe/Deepium 2026/MarcelVibe/09/Gaston Lopez - Real Dancer (Original Mix) - 2025.webp
[ThumbnailsConvertor] Converting thumbnail "/Users/marcelbuian/projects/mb/marcel-vibe/Deepium 2026/MarcelVibe/09/Gaston Lopez - Real Dancer (Original Mix) - 2025.webp" to jpg
Deleting original file /Users/marcelbuian/projects/mb/marcel-vibe/Deepium 2026/MarcelVibe/09/Gaston Lopez - Real Dancer (Original Mix) - 2025.webp (pass -k to keep)
[download] Sleeping 1.62 seconds ...
[download] Destination: /Users/marcelbuian/projects/mb/marcel-vibe/Deepium 2026/MarcelVibe/09/Gaston Lopez - Real Dancer (Original Mix) - 2025.webm

[download]   0.0% of    5.39MiB at  475.92KiB/s ETA 00:11
[download]   0.1% of    5.39MiB at    1.16MiB/s ETA 00:04
[download]   0.1% of    5.39MiB at    2.35MiB/s ETA 00:02
[download]   0.3% of    5.39MiB at    4.60MiB/s ETA 00:01
[download]   0.6% of    5.39MiB at    4.35MiB/s ETA 00:01
[download]   1.1% of    5.39MiB at    4.63MiB/s ETA 00:01
[download]   2.3% of    5.39MiB at    7.05MiB/s ETA 00:00
[download]   4.6% of    5.39MiB at    9.82MiB/s ETA 00:00
[download]   9.3% of    5.39MiB at   13.72MiB/s ETA 00:00
[download]  18.5% of    5.39MiB at   18.43MiB/s ETA 00:00
[download]  37.1% of    5.39MiB at   20.31MiB/s ETA 00:00
[download]  74.2% of    5.39MiB at   21.46MiB/s ETA 00:00
[download] 100.0% of    5.39MiB at   23.79MiB/s ETA 00:00
[download] 100% of    5.39MiB in 00:00:00 at 18.64MiB/s  
[ExtractAudio] Destination: /Users/marcelbuian/projects/mb/marcel-vibe/Deepium 2026/MarcelVibe/09/Gaston Lopez - Real Dancer (Original Mix) - 2025.mp3
Deleting original file /Users/marcelbuian/projects/mb/marcel-vibe/Deepium 2026/MarcelVibe/09/Gaston Lopez - Real Dancer (Original Mix) - 2025.webm (pass -k to keep)
[Metadata] Adding metadata to "/Users/marcelbuian/projects/mb/marcel-vibe/Deepium 2026/MarcelVibe/09/Gaston Lopez - Real Dancer (Original Mix) - 2025.mp3"
[EmbedThumbnail] ffmpeg: Adding thumbnail to "/Users/marcelbuian/projects/mb/marcel-vibe/Deepium 2026/MarcelVibe/09/Gaston Lopez - Real Dancer (Original Mix) - 2025.mp3"
Reading URLs from STDIN - EOF (Ctrl+D) to end:

===== 10 (#10 - 2025-06-29 Sanap Cliffs, Gozo) 14:48:31
[youtube] Extracting URL: https://www.youtube.com/watch?v=b_3zrlRZYVs
[youtube] b_3zrlRZYVs: Downloading webpage
[youtube] Sleeping 1.0 seconds ...
[youtube] b_3zrlRZYVs: Downloading visionos player API JSON
[youtube] Extracting URL: https://www.youtube.com/watch?v=fewUAnzXr9A
[youtube] Sleeping 1.0 seconds ...
[youtube] fewUAnzXr9A: Downloading webpage
[youtube] Sleeping 1.0 seconds ...
[youtube] fewUAnzXr9A: Downloading visionos player API JSON
[youtube] Sleeping 1.0 seconds ...
[youtube] fewUAnzXr9A: Downloading m3u8 information
[info] fewUAnzXr9A: Downloading 1 format(s): 251
[info] Downloading video thumbnail 44 ...
[info] Writing video thumbnail 44 to: /Users/marcelbuian/projects/mb/marcel-vibe/Deepium 2026/MarcelVibe/10/KiRiK - Svoi Dom - 2023.webp
[ThumbnailsConvertor] Converting thumbnail "/Users/marcelbuian/projects/mb/marcel-vibe/Deepium 2026/MarcelVibe/10/KiRiK - Svoi Dom - 2023.webp" to jpg
Deleting original file /Users/marcelbuian/projects/mb/marcel-vibe/Deepium 2026/MarcelVibe/10/KiRiK - Svoi Dom - 2023.webp (pass -k to keep)
[download] Sleeping 2.36 seconds ...
[download] Destination: /Users/marcelbuian/projects/mb/marcel-vibe/Deepium 2026/MarcelVibe/10/KiRiK - Svoi Dom - 2023.webm

[download]   0.0% of    8.63MiB at  589.67KiB/s ETA 00:15
[download]   0.0% of    8.63MiB at    1.04MiB/s ETA 00:08
[download]   0.1% of    8.63MiB at    1.98MiB/s ETA 00:04
[download]   0.2% of    8.63MiB at    3.80MiB/s ETA 00:02
[download]   0.4% of    8.63MiB at    5.09MiB/s ETA 00:01
[download]   0.7% of    8.63MiB at    5.51MiB/s ETA 00:01
[download]   1.4% of    8.63MiB at    6.80MiB/s ETA 00:01
[download]   2.9% of    8.63MiB at    9.74MiB/s ETA 00:00
[download]   5.8% of    8.63MiB at   15.03MiB/s ETA 00:00
[download]  11.6% of    8.63MiB at    9.97MiB/s ETA 00:00
[download]  23.2% of    8.63MiB at    8.42MiB/s ETA 00:00
[download]  46.4% of    8.63MiB at   14.30MiB/s ETA 00:00
[download]  92.7% of    8.63MiB at   14.84MiB/s ETA 00:00
[download] 100.0% of    8.63MiB at    5.40MiB/s ETA 00:00
[download] 100% of    8.63MiB in 00:00:01 at 4.65MiB/s   
[ExtractAudio] Destination: /Users/marcelbuian/projects/mb/marcel-vibe/Deepium 2026/MarcelVibe/10/KiRiK - Svoi Dom - 2023.mp3
Deleting original file /Users/marcelbuian/projects/mb/marcel-vibe/Deepium 2026/MarcelVibe/10/KiRiK - Svoi Dom - 2023.webm (pass -k to keep)
[Metadata] Adding metadata to "/Users/marcelbuian/projects/mb/marcel-vibe/Deepium 2026/MarcelVibe/10/KiRiK - Svoi Dom - 2023.mp3"
[EmbedThumbnail] ffmpeg: Adding thumbnail to "/Users/marcelbuian/projects/mb/marcel-vibe/Deepium 2026/MarcelVibe/10/KiRiK - Svoi Dom - 2023.mp3"
[youtube] Extracting URL: https://www.youtube.com/watch?v=l2wjB-HslZY
[youtube] Sleeping 1.0 seconds ...
[youtube] l2wjB-HslZY: Downloading webpage
[youtube] Sleeping 1.0 seconds ...
[youtube] l2wjB-HslZY: Downloading visionos player API JSON
[youtube] Sleeping 1.0 seconds ...
[youtube] l2wjB-HslZY: Downloading m3u8 information
[info] l2wjB-HslZY: Downloading 1 format(s): 251
[info] Downloading video thumbnail 41 ...
[info] Writing video thumbnail 41 to: /Users/marcelbuian/projects/mb/marcel-vibe/Deepium 2026/MarcelVibe/10/Frost - Overtones (Extended Mix) - 2020.webp
[ThumbnailsConvertor] Converting thumbnail "/Users/marcelbuian/projects/mb/marcel-vibe/Deepium 2026/MarcelVibe/10/Frost - Overtones (Extended Mix) - 2020.webp" to jpg
Deleting original file /Users/marcelbuian/projects/mb/marcel-vibe/Deepium 2026/MarcelVibe/10/Frost - Overtones (Extended Mix) - 2020.webp (pass -k to keep)
[download] Sleeping 2.07 seconds ...
[download] Destination: /Users/marcelbuian/projects/mb/marcel-vibe/Deepium 2026/MarcelVibe/10/Frost - Overtones (Extended Mix) - 2020.webm

[download]   0.0% of    5.90MiB at   47.95KiB/s ETA 02:06
[download]   0.0% of    5.90MiB at  142.36KiB/s ETA 00:42
[download]   0.1% of    5.90MiB at  330.77KiB/s ETA 00:18
[download]   0.2% of    5.90MiB at  706.15KiB/s ETA 00:08
[download]   0.5% of    5.90MiB at    1.34MiB/s ETA 00:04
[download]   1.0% of    5.90MiB at    2.59MiB/s ETA 00:02
[download]   2.1% of    5.90MiB at    1.79MiB/s ETA 00:03
[download]   4.2% of    5.90MiB at    2.03MiB/s ETA 00:02
[download]   8.5% of    5.90MiB at    2.31MiB/s ETA 00:02
[download]  16.9% of    5.90MiB at    2.14MiB/s ETA 00:02
[download]  33.9% of    5.90MiB at    1.37MiB/s ETA 00:02
[download]  50.9% of    5.90MiB at    1.18MiB/s ETA 00:02
[download]  66.6% of    5.90MiB at    1.03MiB/s ETA 00:01
[download]  79.1% of    5.90MiB at    1.01MiB/s ETA 00:01
[download]  94.6% of    5.90MiB at    1.04MiB/s ETA 00:00
[download] 100.0% of    5.90MiB at    1.05MiB/s ETA 00:00
[download] 100% of    5.90MiB in 00:00:05 at 1.02MiB/s   
[ExtractAudio] Destination: /Users/marcelbuian/projects/mb/marcel-vibe/Deepium 2026/MarcelVibe/10/Frost - Overtones (Extended Mix) - 2020.mp3
Deleting original file /Users/marcelbuian/projects/mb/marcel-vibe/Deepium 2026/MarcelVibe/10/Frost - Overtones (Extended Mix) - 2020.webm (pass -k to keep)
[Metadata] Adding metadata to "/Users/marcelbuian/projects/mb/marcel-vibe/Deepium 2026/MarcelVibe/10/Frost - Overtones (Extended Mix) - 2020.mp3"
[EmbedThumbnail] ffmpeg: Adding thumbnail to "/Users/marcelbuian/projects/mb/marcel-vibe/Deepium 2026/MarcelVibe/10/Frost - Overtones (Extended Mix) - 2020.mp3"
Reading URLs from STDIN - EOF (Ctrl+D) to end:
ERROR: [youtube] b_3zrlRZYVs: Video unavailable. This video is not available

===== 11 (#11 - 2025-07-05 Gnejna, Malta) 14:49:12
[youtube] Extracting URL: https://www.youtube.com/watch?v=EzQt31v_bgk
[youtube] EzQt31v_bgk: Downloading webpage
[youtube] Sleeping 1.0 seconds ...
[youtube] EzQt31v_bgk: Downloading visionos player API JSON
[youtube] Sleeping 1.0 seconds ...
[youtube] EzQt31v_bgk: Downloading m3u8 information
[info] EzQt31v_bgk: Downloading 1 format(s): 251
[info] Downloading video thumbnail 41 ...
[info] Writing video thumbnail 41 to: /Users/marcelbuian/projects/mb/marcel-vibe/Deepium 2026/MarcelVibe/11/Hot Since 82 - Eye Of The Storm (Feat. Liz Cass) (Official Lyric Video) - 2020.webp
[ThumbnailsConvertor] Converting thumbnail "/Users/marcelbuian/projects/mb/marcel-vibe/Deepium 2026/MarcelVibe/11/Hot Since 82 - Eye Of The Storm (Feat. Liz Cass) (Official Lyric Video) - 2020.webp" to jpg
Deleting original file /Users/marcelbuian/projects/mb/marcel-vibe/Deepium 2026/MarcelVibe/11/Hot Since 82 - Eye Of The Storm (Feat. Liz Cass) (Official Lyric Video) - 2020.webp (pass -k to keep)
[download] /Users/marcelbuian/projects/mb/marcel-vibe/Deepium 2026/MarcelVibe/11/Hot Since 82 - Eye Of The Storm (Feat. Liz Cass) (Official Lyric Video) - 2020.mp3 has already been downloaded
[ExtractAudio] Not converting audio /Users/marcelbuian/projects/mb/marcel-vibe/Deepium 2026/MarcelVibe/11/Hot Since 82 - Eye Of The Storm (Feat. Liz Cass) (Official Lyric Video) - 2020.mp3; file is already in target format mp3
[Metadata] Adding metadata to "/Users/marcelbuian/projects/mb/marcel-vibe/Deepium 2026/MarcelVibe/11/Hot Since 82 - Eye Of The Storm (Feat. Liz Cass) (Official Lyric Video) - 2020.mp3"
[EmbedThumbnail] ffmpeg: Adding thumbnail to "/Users/marcelbuian/projects/mb/marcel-vibe/Deepium 2026/MarcelVibe/11/Hot Since 82 - Eye Of The Storm (Feat. Liz Cass) (Official Lyric Video) - 2020.mp3"
[youtube] Extracting URL: https://www.youtube.com/watch?v=Wta5UyFUZ8o
[youtube] Sleeping 1.0 seconds ...
[youtube] Wta5UyFUZ8o: Downloading webpage
[youtube] Sleeping 1.0 seconds ...
[youtube] Wta5UyFUZ8o: Downloading visionos player API JSON
[youtube] Extracting URL: https://www.youtube.com/watch?v=r7TMWmpLtN4
[youtube] Sleeping 1.0 seconds ...
[youtube] r7TMWmpLtN4: Downloading webpage
[youtube] Sleeping 1.0 seconds ...
[youtube] r7TMWmpLtN4: Downloading visionos player API JSON
[youtube] Extracting URL: https://www.youtube.com/watch?v=Wm3Ajs00Deo
[youtube] Sleeping 1.0 seconds ...
[youtube] Wm3Ajs00Deo: Downloading webpage
[youtube] Sleeping 1.0 seconds ...
[youtube] Wm3Ajs00Deo: Downloading visionos player API JSON
Reading URLs from STDIN - EOF (Ctrl+D) to end:
ERROR: [youtube] Wta5UyFUZ8o: Video unavailable
ERROR: [youtube] r7TMWmpLtN4: Video unavailable
ERROR: [youtube] Wm3Ajs00Deo: Video unavailable

===== 12 (#12 - 2025-07-11 Fomm ir Rih, Malta) 14:49:49
[youtube] Extracting URL: https://www.youtube.com/watch?v=BcC6ctCXvIs
[youtube] BcC6ctCXvIs: Downloading webpage
[youtube] Sleeping 1.0 seconds ...
[youtube] BcC6ctCXvIs: Downloading visionos player API JSON
[youtube] Sleeping 1.0 seconds ...
[youtube] BcC6ctCXvIs: Downloading m3u8 information
[info] BcC6ctCXvIs: Downloading 1 format(s): 251
[info] Downloading video thumbnail 41 ...
[info] Writing video thumbnail 41 to: /Users/marcelbuian/projects/mb/marcel-vibe/Deepium 2026/MarcelVibe/12/Hot Since 82  - Vapours feat. Alex Mills (8-track) - 2019.webp
[ThumbnailsConvertor] Converting thumbnail "/Users/marcelbuian/projects/mb/marcel-vibe/Deepium 2026/MarcelVibe/12/Hot Since 82  - Vapours feat. Alex Mills (8-track) - 2019.webp" to jpg
Deleting original file /Users/marcelbuian/projects/mb/marcel-vibe/Deepium 2026/MarcelVibe/12/Hot Since 82  - Vapours feat. Alex Mills (8-track) - 2019.webp (pass -k to keep)
[download] Sleeping 1.89 seconds ...
[download] Destination: /Users/marcelbuian/projects/mb/marcel-vibe/Deepium 2026/MarcelVibe/12/Hot Since 82  - Vapours feat. Alex Mills (8-track) - 2019.webm

[download]   0.0% of    5.86MiB at  602.80KiB/s ETA 00:10
[download]   0.1% of    5.86MiB at    1.24MiB/s ETA 00:04
[download]   0.1% of    5.86MiB at    2.48MiB/s ETA 00:02
[download]   0.3% of    5.86MiB at    4.75MiB/s ETA 00:01
[download]   0.5% of    5.86MiB at    4.25MiB/s ETA 00:01
[download]   1.1% of    5.86MiB at    5.08MiB/s ETA 00:01
[download]   2.1% of    5.86MiB at    6.46MiB/s ETA 00:00
[download]   4.3% of    5.86MiB at    8.87MiB/s ETA 00:00
[download]   8.5% of    5.86MiB at   13.58MiB/s ETA 00:00
[download]  17.1% of    5.86MiB at   14.55MiB/s ETA 00:00
[download]  34.1% of    5.86MiB at   14.71MiB/s ETA 00:00
[download]  68.3% of    5.86MiB at   12.94MiB/s ETA 00:00
[download] 100.0% of    5.86MiB at   12.50MiB/s ETA 00:00
[download] 100% of    5.86MiB in 00:00:00 at 10.08MiB/s  
[ExtractAudio] Destination: /Users/marcelbuian/projects/mb/marcel-vibe/Deepium 2026/MarcelVibe/12/Hot Since 82  - Vapours feat. Alex Mills (8-track) - 2019.mp3
Deleting original file /Users/marcelbuian/projects/mb/marcel-vibe/Deepium 2026/MarcelVibe/12/Hot Since 82  - Vapours feat. Alex Mills (8-track) - 2019.webm (pass -k to keep)
[Metadata] Adding metadata to "/Users/marcelbuian/projects/mb/marcel-vibe/Deepium 2026/MarcelVibe/12/Hot Since 82  - Vapours feat. Alex Mills (8-track) - 2019.mp3"
[EmbedThumbnail] ffmpeg: Adding thumbnail to "/Users/marcelbuian/projects/mb/marcel-vibe/Deepium 2026/MarcelVibe/12/Hot Since 82  - Vapours feat. Alex Mills (8-track) - 2019.mp3"
Reading URLs from STDIN - EOF (Ctrl+D) to end:

===== 13 (#13 - 2025-07-14 Paradise Bay, Malta) 14:51:07
[youtube] Extracting URL: https://www.youtube.com/watch?v=OvFg-c1U9UU
[youtube] OvFg-c1U9UU: Downloading webpage
[youtube] Sleeping 1.0 seconds ...
[youtube] OvFg-c1U9UU: Downloading visionos player API JSON
[youtube] Sleeping 1.0 seconds ...
[youtube] OvFg-c1U9UU: Downloading m3u8 information
[info] OvFg-c1U9UU: Downloading 1 format(s): 251
[info] Downloading video thumbnail 41 ...
[info] Writing video thumbnail 41 to: /Users/marcelbuian/projects/mb/marcel-vibe/Deepium 2026/MarcelVibe/13/Moonsound, Sllash - Thinking about you (Pascal Junior Remix) - 2017.webp
[ThumbnailsConvertor] Converting thumbnail "/Users/marcelbuian/projects/mb/marcel-vibe/Deepium 2026/MarcelVibe/13/Moonsound, Sllash - Thinking about you (Pascal Junior Remix) - 2017.webp" to jpg
Deleting original file /Users/marcelbuian/projects/mb/marcel-vibe/Deepium 2026/MarcelVibe/13/Moonsound, Sllash - Thinking about you (Pascal Junior Remix) - 2017.webp (pass -k to keep)
[download] Sleeping 1.19 seconds ...
[download] Destination: /Users/marcelbuian/projects/mb/marcel-vibe/Deepium 2026/MarcelVibe/13/Moonsound, Sllash - Thinking about you (Pascal Junior Remix) - 2017.webm

[download]   0.0% of    6.02MiB at   93.54KiB/s ETA 01:06
[download]   0.0% of    6.02MiB at  270.27KiB/s ETA 00:22
[download]   0.1% of    6.02MiB at  619.48KiB/s ETA 00:09
[download]   0.2% of    6.02MiB at    1.28MiB/s ETA 00:04
[download]   0.5% of    6.02MiB at    2.61MiB/s ETA 00:02
[download]   1.0% of    6.02MiB at    2.98MiB/s ETA 00:02
[download]   2.1% of    6.02MiB at    3.78MiB/s ETA 00:01
[download]   4.1% of    6.02MiB at    5.40MiB/s ETA 00:01
[download]   8.3% of    6.02MiB at    4.12MiB/s ETA 00:01
[download]  16.6% of    6.02MiB at    2.02MiB/s ETA 00:02
[download]  33.2% of    6.02MiB at  419.98KiB/s ETA 00:09
[download]  41.5% of    6.02MiB at  442.43KiB/s ETA 00:08
[download]  50.6% of    6.02MiB at  451.10KiB/s ETA 00:06
[download]  58.6% of    6.02MiB at  442.91KiB/s ETA 00:05
[download]  65.1% of    6.02MiB at  431.93KiB/s ETA 00:04
[download]  70.8% of    6.02MiB at  429.54KiB/s ETA 00:04
[download]  77.3% of    6.02MiB at  399.16KiB/s ETA 00:03
[download]  81.0% of    6.02MiB at  315.85KiB/s ETA 00:03
[download]  82.8% of    6.02MiB at  314.43KiB/s ETA 00:03
[download]  86.5% of    6.02MiB at  317.48KiB/s ETA 00:02
[download]  93.1% of    6.02MiB at  320.72KiB/s ETA 00:01
[download]  99.1% of    6.02MiB at  321.34KiB/s ETA 00:00
[download] 100.0% of    6.02MiB at  322.86KiB/s ETA 00:00
[download] 100% of    6.02MiB in 00:00:19 at 316.88KiB/s 
[ExtractAudio] Destination: /Users/marcelbuian/projects/mb/marcel-vibe/Deepium 2026/MarcelVibe/13/Moonsound, Sllash - Thinking about you (Pascal Junior Remix) - 2017.mp3
Deleting original file /Users/marcelbuian/projects/mb/marcel-vibe/Deepium 2026/MarcelVibe/13/Moonsound, Sllash - Thinking about you (Pascal Junior Remix) - 2017.webm (pass -k to keep)
[Metadata] Adding metadata to "/Users/marcelbuian/projects/mb/marcel-vibe/Deepium 2026/MarcelVibe/13/Moonsound, Sllash - Thinking about you (Pascal Junior Remix) - 2017.mp3"
[EmbedThumbnail] ffmpeg: Adding thumbnail to "/Users/marcelbuian/projects/mb/marcel-vibe/Deepium 2026/MarcelVibe/13/Moonsound, Sllash - Thinking about you (Pascal Junior Remix) - 2017.mp3"
[youtube] Extracting URL: https://www.youtube.com/watch?v=qtk_hpGQd3Y
[youtube] Sleeping 1.0 seconds ...
[youtube] qtk_hpGQd3Y: Downloading webpage
[youtube] Sleeping 1.0 seconds ...
[youtube] qtk_hpGQd3Y: Downloading visionos player API JSON
[youtube] Sleeping 1.0 seconds ...
[youtube] qtk_hpGQd3Y: Downloading m3u8 information
[info] qtk_hpGQd3Y: Downloading 1 format(s): 251
[info] Downloading video thumbnail 41 ...
[info] Writing video thumbnail 41 to: /Users/marcelbuian/projects/mb/marcel-vibe/Deepium 2026/MarcelVibe/13/16BL - Deep In My Soul (Original Mix) - 2014.webp
[ThumbnailsConvertor] Converting thumbnail "/Users/marcelbuian/projects/mb/marcel-vibe/Deepium 2026/MarcelVibe/13/16BL - Deep In My Soul (Original Mix) - 2014.webp" to jpg
Deleting original file /Users/marcelbuian/projects/mb/marcel-vibe/Deepium 2026/MarcelVibe/13/16BL - Deep In My Soul (Original Mix) - 2014.webp (pass -k to keep)
[download] Sleeping 1.94 seconds ...
[download] Destination: /Users/marcelbuian/projects/mb/marcel-vibe/Deepium 2026/MarcelVibe/13/16BL - Deep In My Soul (Original Mix) - 2014.webm

[download]   0.0% of    5.82MiB at  525.21KiB/s ETA 00:11
[download]   0.1% of    5.82MiB at    1.25MiB/s ETA 00:04
[download]   0.1% of    5.82MiB at    2.69MiB/s ETA 00:02
[download]   0.3% of    5.82MiB at    5.35MiB/s ETA 00:01
[download]   0.5% of    5.82MiB at    2.04MiB/s ETA 00:02
[download]   1.1% of    5.82MiB at    3.62MiB/s ETA 00:01
[download]   2.1% of    5.82MiB at    2.41MiB/s ETA 00:02
[download]   4.3% of    5.82MiB at    2.51MiB/s ETA 00:02
[download]   8.6% of    5.82MiB at    3.04MiB/s ETA 00:01
[download]  17.2% of    5.82MiB at    2.11MiB/s ETA 00:02
[download]  34.4% of    5.82MiB at  775.37KiB/s ETA 00:05
[download]  43.0% of    5.82MiB at  705.62KiB/s ETA 00:04
[download]  51.7% of    5.82MiB at  709.93KiB/s ETA 00:04
[download]  64.0% of    5.82MiB at  694.96KiB/s ETA 00:03
[download]  74.7% of    5.82MiB at  584.43KiB/s ETA 00:02
[download]  80.1% of    5.82MiB at  564.29KiB/s ETA 00:02
[download]  86.5% of    5.82MiB at  562.69KiB/s ETA 00:01
[download]  95.6% of    5.82MiB at  573.36KiB/s ETA 00:00
[download] 100.0% of    5.82MiB at  567.24KiB/s ETA 00:00
[download] 100% of    5.82MiB in 00:00:13 at 451.74KiB/s 
[ExtractAudio] Destination: /Users/marcelbuian/projects/mb/marcel-vibe/Deepium 2026/MarcelVibe/13/16BL - Deep In My Soul (Original Mix) - 2014.mp3
Deleting original file /Users/marcelbuian/projects/mb/marcel-vibe/Deepium 2026/MarcelVibe/13/16BL - Deep In My Soul (Original Mix) - 2014.webm (pass -k to keep)
[Metadata] Adding metadata to "/Users/marcelbuian/projects/mb/marcel-vibe/Deepium 2026/MarcelVibe/13/16BL - Deep In My Soul (Original Mix) - 2014.mp3"
[EmbedThumbnail] ffmpeg: Adding thumbnail to "/Users/marcelbuian/projects/mb/marcel-vibe/Deepium 2026/MarcelVibe/13/16BL - Deep In My Soul (Original Mix) - 2014.mp3"
Reading URLs from STDIN - EOF (Ctrl+D) to end:

===== 14 (#14 - 2025-07-19 Manoel Island, Malta) 14:54:06
[youtube] Extracting URL: https://www.youtube.com/watch?v=5_-hsnFxAWM
[youtube] 5_-hsnFxAWM: Downloading webpage
[youtube] Sleeping 1.0 seconds ...
[youtube] 5_-hsnFxAWM: Downloading visionos player API JSON
[youtube] Sleeping 1.0 seconds ...
[youtube] 5_-hsnFxAWM: Downloading m3u8 information
[info] 5_-hsnFxAWM: Downloading 1 format(s): 251
[info] Downloading video thumbnail 44 ...
[info] Writing video thumbnail 44 to: /Users/marcelbuian/projects/mb/marcel-vibe/Deepium 2026/MarcelVibe/14/Hraach - No smile on the street(Original Mix) - 2015.webp
[ThumbnailsConvertor] Converting thumbnail "/Users/marcelbuian/projects/mb/marcel-vibe/Deepium 2026/MarcelVibe/14/Hraach - No smile on the street(Original Mix) - 2015.webp" to jpg
Deleting original file /Users/marcelbuian/projects/mb/marcel-vibe/Deepium 2026/MarcelVibe/14/Hraach - No smile on the street(Original Mix) - 2015.webp (pass -k to keep)
[download] Sleeping 1.63 seconds ...
[download] Destination: /Users/marcelbuian/projects/mb/marcel-vibe/Deepium 2026/MarcelVibe/14/Hraach - No smile on the street(Original Mix) - 2015.webm

[download]   0.0% of    7.27MiB at  457.24KiB/s ETA 00:16
[download]   0.0% of    7.27MiB at    1.12MiB/s ETA 00:06
[download]   0.1% of    7.27MiB at    2.47MiB/s ETA 00:02
[download]   0.2% of    7.27MiB at    5.12MiB/s ETA 00:01
[download]   0.4% of    7.27MiB at    3.66MiB/s ETA 00:01
[download]   0.8% of    7.27MiB at    5.90MiB/s ETA 00:01
[download]   1.7% of    7.27MiB at    7.39MiB/s ETA 00:00
[download]   3.4% of    7.27MiB at    9.64MiB/s ETA 00:00
[download]   6.9% of    7.27MiB at   14.93MiB/s ETA 00:00
[download]  13.7% of    7.27MiB at   14.96MiB/s ETA 00:00
[download]  27.5% of    7.27MiB at   14.99MiB/s ETA 00:00
[download]  55.0% of    7.27MiB at   23.13MiB/s ETA 00:00
[download] 100.0% of    7.27MiB at   13.95MiB/s ETA 00:00
[download] 100% of    7.27MiB in 00:00:00 at 10.39MiB/s  
[ExtractAudio] Destination: /Users/marcelbuian/projects/mb/marcel-vibe/Deepium 2026/MarcelVibe/14/Hraach - No smile on the street(Original Mix) - 2015.mp3
Deleting original file /Users/marcelbuian/projects/mb/marcel-vibe/Deepium 2026/MarcelVibe/14/Hraach - No smile on the street(Original Mix) - 2015.webm (pass -k to keep)
[Metadata] Adding metadata to "/Users/marcelbuian/projects/mb/marcel-vibe/Deepium 2026/MarcelVibe/14/Hraach - No smile on the street(Original Mix) - 2015.mp3"
[EmbedThumbnail] ffmpeg: Adding thumbnail to "/Users/marcelbuian/projects/mb/marcel-vibe/Deepium 2026/MarcelVibe/14/Hraach - No smile on the street(Original Mix) - 2015.mp3"
[youtube] Extracting URL: https://www.youtube.com/watch?v=aNge8yGGH60
[youtube] Sleeping 1.0 seconds ...
[youtube] aNge8yGGH60: Downloading webpage
[youtube] Sleeping 1.0 seconds ...
[youtube] aNge8yGGH60: Downloading visionos player API JSON
[youtube] Sleeping 1.0 seconds ...
[youtube] aNge8yGGH60: Downloading m3u8 information
[info] aNge8yGGH60: Downloading 1 format(s): 251
[info] Downloading video thumbnail 41 ...
[info] Writing video thumbnail 41 to: /Users/marcelbuian/projects/mb/marcel-vibe/Deepium 2026/MarcelVibe/14/Deep Active Sound - Pia - 2016.webp
[ThumbnailsConvertor] Converting thumbnail "/Users/marcelbuian/projects/mb/marcel-vibe/Deepium 2026/MarcelVibe/14/Deep Active Sound - Pia - 2016.webp" to jpg
Deleting original file /Users/marcelbuian/projects/mb/marcel-vibe/Deepium 2026/MarcelVibe/14/Deep Active Sound - Pia - 2016.webp (pass -k to keep)
[download] Sleeping 1.22 seconds ...
[download] Destination: /Users/marcelbuian/projects/mb/marcel-vibe/Deepium 2026/MarcelVibe/14/Deep Active Sound - Pia - 2016.webm

[download]   0.0% of    5.87MiB at  116.60KiB/s ETA 00:51
[download]   0.0% of    5.87MiB at  329.48KiB/s ETA 00:18
[download]   0.1% of    5.87MiB at  749.94KiB/s ETA 00:08
[download]   0.2% of    5.87MiB at    1.54MiB/s ETA 00:03
[download]   0.5% of    5.87MiB at  619.94KiB/s ETA 00:09
[download]   1.0% of    5.87MiB at  727.49KiB/s ETA 00:08
[download]   2.1% of    5.87MiB at 1009.02KiB/s ETA 00:05
[download]   4.2% of    5.87MiB at    1.45MiB/s ETA 00:03
[download]   8.5% of    5.87MiB at    2.32MiB/s ETA 00:02
[download]  17.0% of    5.87MiB at    3.83MiB/s ETA 00:01
[download]  34.0% of    5.87MiB at    6.60MiB/s ETA 00:00
[download]  68.1% of    5.87MiB at   11.29MiB/s ETA 00:00
[download] 100.0% of    5.87MiB at   14.95MiB/s ETA 00:00
[download] 100% of    5.87MiB in 00:00:00 at 7.34MiB/s   
[ExtractAudio] Destination: /Users/marcelbuian/projects/mb/marcel-vibe/Deepium 2026/MarcelVibe/14/Deep Active Sound - Pia - 2016.mp3
Deleting original file /Users/marcelbuian/projects/mb/marcel-vibe/Deepium 2026/MarcelVibe/14/Deep Active Sound - Pia - 2016.webm (pass -k to keep)
[Metadata] Adding metadata to "/Users/marcelbuian/projects/mb/marcel-vibe/Deepium 2026/MarcelVibe/14/Deep Active Sound - Pia - 2016.mp3"
[EmbedThumbnail] ffmpeg: Adding thumbnail to "/Users/marcelbuian/projects/mb/marcel-vibe/Deepium 2026/MarcelVibe/14/Deep Active Sound - Pia - 2016.mp3"
[youtube] Extracting URL: https://www.youtube.com/watch?v=kAAghOF1KcM
[youtube] Sleeping 1.0 seconds ...
[youtube] kAAghOF1KcM: Downloading webpage
[youtube] Sleeping 1.0 seconds ...
[youtube] kAAghOF1KcM: Downloading visionos player API JSON
[youtube] Sleeping 1.0 seconds ...
[youtube] kAAghOF1KcM: Downloading m3u8 information
[info] kAAghOF1KcM: Downloading 1 format(s): 251
[info] Downloading video thumbnail 41 ...
[info] Writing video thumbnail 41 to: /Users/marcelbuian/projects/mb/marcel-vibe/Deepium 2026/MarcelVibe/14/Bryz - Vapors - 2018.webp
[ThumbnailsConvertor] Converting thumbnail "/Users/marcelbuian/projects/mb/marcel-vibe/Deepium 2026/MarcelVibe/14/Bryz - Vapors - 2018.webp" to jpg
Deleting original file /Users/marcelbuian/projects/mb/marcel-vibe/Deepium 2026/MarcelVibe/14/Bryz - Vapors - 2018.webp (pass -k to keep)
[download] Sleeping 1.75 seconds ...
[download] Destination: /Users/marcelbuian/projects/mb/marcel-vibe/Deepium 2026/MarcelVibe/14/Bryz - Vapors - 2018.webm

[download]   0.0% of    9.62MiB at   78.36KiB/s ETA 02:05
[download]   0.0% of    9.62MiB at  230.94KiB/s ETA 00:42
[download]   0.1% of    9.62MiB at  535.36KiB/s ETA 00:18
[download]   0.2% of    9.62MiB at    1.11MiB/s ETA 00:08
[download]   0.3% of    9.62MiB at    2.29MiB/s ETA 00:04
[download]   0.6% of    9.62MiB at    1.56MiB/s ETA 00:06
[download]   1.3% of    9.62MiB at    3.11MiB/s ETA 00:03
[download]   2.6% of    9.62MiB at    2.95MiB/s ETA 00:03
[download]   5.2% of    9.62MiB at    2.38MiB/s ETA 00:03
[download]  10.4% of    9.62MiB at  830.44KiB/s ETA 00:10
[download]  15.5% of    9.62MiB at  633.66KiB/s ETA 00:13
[download]  19.8% of    9.62MiB at  540.57KiB/s ETA 00:14
[download]  23.4% of    9.62MiB at  473.72KiB/s ETA 00:15
[download]  26.3% of    9.62MiB at  476.28KiB/s ETA 00:15
[download]  31.3% of    9.62MiB at  441.02KiB/s ETA 00:15
[download]  34.6% of    9.62MiB at  444.91KiB/s ETA 00:14
[download]  39.5% of    9.62MiB at  457.37KiB/s ETA 00:13
[download]  45.3% of    9.62MiB at  463.78KiB/s ETA 00:11
[download]  50.5% of    9.62MiB at  477.12KiB/s ETA 00:10
[download]  56.9% of    9.62MiB at  484.08KiB/s ETA 00:08
[download]  62.5% of    9.62MiB at  479.34KiB/s ETA 00:07
[download]  66.9% of    9.62MiB at  480.32KiB/s ETA 00:06
[download]  71.9% of    9.62MiB at  483.18KiB/s ETA 00:05
[download]  77.3% of    9.62MiB at  487.58KiB/s ETA 00:04
[download]  82.9% of    9.62MiB at  485.76KiB/s ETA 00:03
[download]  87.6% of    9.62MiB at  490.24KiB/s ETA 00:02
[download]  93.5% of    9.62MiB at  499.50KiB/s ETA 00:01
[download] 100.0% of    9.62MiB at  514.34KiB/s ETA 00:00
[download] 100% of    9.62MiB in 00:00:21 at 457.93KiB/s 
[ExtractAudio] Destination: /Users/marcelbuian/projects/mb/marcel-vibe/Deepium 2026/MarcelVibe/14/Bryz - Vapors - 2018.mp3
Deleting original file /Users/marcelbuian/projects/mb/marcel-vibe/Deepium 2026/MarcelVibe/14/Bryz - Vapors - 2018.webm (pass -k to keep)
[Metadata] Adding metadata to "/Users/marcelbuian/projects/mb/marcel-vibe/Deepium 2026/MarcelVibe/14/Bryz - Vapors - 2018.mp3"
[EmbedThumbnail] ffmpeg: Adding thumbnail to "/Users/marcelbuian/projects/mb/marcel-vibe/Deepium 2026/MarcelVibe/14/Bryz - Vapors - 2018.mp3"
[youtube] Extracting URL: https://www.youtube.com/watch?v=2cT0t_DuDfw
[youtube] Sleeping 1.0 seconds ...
[youtube] 2cT0t_DuDfw: Downloading webpage
[youtube] Sleeping 1.0 seconds ...
[youtube] 2cT0t_DuDfw: Downloading visionos player API JSON
[youtube] Sleeping 1.0 seconds ...
[youtube] 2cT0t_DuDfw: Downloading m3u8 information
[info] 2cT0t_DuDfw: Downloading 1 format(s): 251
[info] Downloading video thumbnail 41 ...
[info] Writing video thumbnail 41 to: /Users/marcelbuian/projects/mb/marcel-vibe/Deepium 2026/MarcelVibe/14/BRYZ - Morning Light - 2018.webp
[ThumbnailsConvertor] Converting thumbnail "/Users/marcelbuian/projects/mb/marcel-vibe/Deepium 2026/MarcelVibe/14/BRYZ - Morning Light - 2018.webp" to jpg
Deleting original file /Users/marcelbuian/projects/mb/marcel-vibe/Deepium 2026/MarcelVibe/14/BRYZ - Morning Light - 2018.webp (pass -k to keep)
[download] Sleeping 1.40 seconds ...
[download] Destination: /Users/marcelbuian/projects/mb/marcel-vibe/Deepium 2026/MarcelVibe/14/BRYZ - Morning Light - 2018.webm

[download]   0.0% of    9.34MiB at   23.06KiB/s ETA 06:55
[download]   0.0% of    9.34MiB at   68.21KiB/s ETA 02:20
[download]   0.1% of    9.34MiB at  157.86KiB/s ETA 01:00
[download]   0.2% of    9.34MiB at  336.13KiB/s ETA 00:28
[download]   0.3% of    9.34MiB at  457.99KiB/s ETA 00:20
[download]   0.7% of    9.34MiB at  459.00KiB/s ETA 00:20
[download]   1.3% of    9.34MiB at  559.10KiB/s ETA 00:16
[download]   2.7% of    9.34MiB at  820.07KiB/s ETA 00:11
[download]   5.3% of    9.34MiB at    1.04MiB/s ETA 00:08
[download]  10.7% of    9.34MiB at 1015.90KiB/s ETA 00:08
[download]  20.8% of    9.34MiB at  802.48KiB/s ETA 00:09
[download]  27.7% of    9.34MiB at  820.97KiB/s ETA 00:08
[download]  36.9% of    9.34MiB at  804.76KiB/s ETA 00:07
[download]  44.9% of    9.34MiB at  805.87KiB/s ETA 00:06
[download]  53.4% of    9.34MiB at  813.85KiB/s ETA 00:05
[download]  62.3% of    9.34MiB at  762.76KiB/s ETA 00:04
[download]  68.1% of    9.34MiB at  762.95KiB/s ETA 00:03
[download]  76.1% of    9.34MiB at  755.60KiB/s ETA 00:03
[download]  83.4% of    9.34MiB at  745.45KiB/s ETA 00:02
[download]  90.3% of    9.34MiB at  747.07KiB/s ETA 00:01
[download]  98.3% of    9.34MiB at  749.19KiB/s ETA 00:00
[download] 100.0% of    9.34MiB at  744.69KiB/s ETA 00:00
[download] 100% of    9.34MiB in 00:00:12 at 737.05KiB/s 
[ExtractAudio] Destination: /Users/marcelbuian/projects/mb/marcel-vibe/Deepium 2026/MarcelVibe/14/BRYZ - Morning Light - 2018.mp3
Deleting original file /Users/marcelbuian/projects/mb/marcel-vibe/Deepium 2026/MarcelVibe/14/BRYZ - Morning Light - 2018.webm (pass -k to keep)
[Metadata] Adding metadata to "/Users/marcelbuian/projects/mb/marcel-vibe/Deepium 2026/MarcelVibe/14/BRYZ - Morning Light - 2018.mp3"
[EmbedThumbnail] ffmpeg: Adding thumbnail to "/Users/marcelbuian/projects/mb/marcel-vibe/Deepium 2026/MarcelVibe/14/BRYZ - Morning Light - 2018.mp3"
[youtube] Extracting URL: https://www.youtube.com/watch?v=n09T0X7XYys
[youtube] Sleeping 1.0 seconds ...
[youtube] n09T0X7XYys: Downloading webpage
[youtube] Sleeping 1.0 seconds ...
[youtube] n09T0X7XYys: Downloading visionos player API JSON
[youtube] Sleeping 1.0 seconds ...
[youtube] n09T0X7XYys: Downloading m3u8 information
[info] n09T0X7XYys: Downloading 1 format(s): 251
[info] Downloading video thumbnail 41 ...
[info] Video Thumbnail 41 does not exist
[info] Downloading video thumbnail 40 ...
[info] Video Thumbnail 40 does not exist
[info] Downloading video thumbnail 39 ...
[info] Video Thumbnail 39 does not exist
[info] Downloading video thumbnail 38 ...
[info] Video Thumbnail 38 does not exist
[info] Downloading video thumbnail 37 ...
[info] Writing video thumbnail 37 to: /Users/marcelbuian/projects/mb/marcel-vibe/Deepium 2026/MarcelVibe/14/Crihan   Spune - 2020.webp
[ThumbnailsConvertor] Converting thumbnail "/Users/marcelbuian/projects/mb/marcel-vibe/Deepium 2026/MarcelVibe/14/Crihan   Spune - 2020.webp" to jpg
Deleting original file /Users/marcelbuian/projects/mb/marcel-vibe/Deepium 2026/MarcelVibe/14/Crihan   Spune - 2020.webp (pass -k to keep)
[download] Sleeping 1.57 seconds ...
[download] Destination: /Users/marcelbuian/projects/mb/marcel-vibe/Deepium 2026/MarcelVibe/14/Crihan   Spune - 2020.webm

[download]   0.0% of    8.88MiB at  449.65KiB/s ETA 00:20
[download]   0.0% of    8.88MiB at    1.16MiB/s ETA 00:07
[download]   0.1% of    8.88MiB at    2.58MiB/s ETA 00:03
[download]   0.2% of    8.88MiB at    5.35MiB/s ETA 00:01
[download]   0.3% of    8.88MiB at    4.26MiB/s ETA 00:02
[download]   0.7% of    8.88MiB at    4.60MiB/s ETA 00:01
[download]   1.4% of    8.88MiB at    6.91MiB/s ETA 00:01
[download]   2.8% of    8.88MiB at    9.56MiB/s ETA 00:00
[download]   5.6% of    8.88MiB at   14.69MiB/s ETA 00:00
[download]  11.2% of    8.88MiB at   15.27MiB/s ETA 00:00
[download]  22.5% of    8.88MiB at   14.73MiB/s ETA 00:00
[download]  45.0% of    8.88MiB at   12.65MiB/s ETA 00:00
[download]  90.1% of    8.88MiB at   13.23MiB/s ETA 00:00
[download] 100.0% of    8.88MiB at   13.59MiB/s ETA 00:00
[download] 100% of    8.88MiB in 00:00:00 at 10.40MiB/s  
[ExtractAudio] Destination: /Users/marcelbuian/projects/mb/marcel-vibe/Deepium 2026/MarcelVibe/14/Crihan   Spune - 2020.mp3
Deleting original file /Users/marcelbuian/projects/mb/marcel-vibe/Deepium 2026/MarcelVibe/14/Crihan   Spune - 2020.webm (pass -k to keep)
[Metadata] Adding metadata to "/Users/marcelbuian/projects/mb/marcel-vibe/Deepium 2026/MarcelVibe/14/Crihan   Spune - 2020.mp3"
[EmbedThumbnail] ffmpeg: Adding thumbnail to "/Users/marcelbuian/projects/mb/marcel-vibe/Deepium 2026/MarcelVibe/14/Crihan   Spune - 2020.mp3"
[youtube] Extracting URL: https://www.youtube.com/watch?v=HdfifX-kF1g
[youtube] Sleeping 1.0 seconds ...
[youtube] HdfifX-kF1g: Downloading webpage
[youtube] Sleeping 1.0 seconds ...
[youtube] HdfifX-kF1g: Downloading visionos player API JSON
[youtube] Sleeping 1.0 seconds ...
[youtube] HdfifX-kF1g: Downloading m3u8 information
[info] HdfifX-kF1g: Downloading 1 format(s): 251
[info] Downloading video thumbnail 41 ...
[info] Writing video thumbnail 41 to: /Users/marcelbuian/projects/mb/marcel-vibe/Deepium 2026/MarcelVibe/14/BRYZ - Birds - 2018.webp
[ThumbnailsConvertor] Converting thumbnail "/Users/marcelbuian/projects/mb/marcel-vibe/Deepium 2026/MarcelVibe/14/BRYZ - Birds - 2018.webp" to jpg
Deleting original file /Users/marcelbuian/projects/mb/marcel-vibe/Deepium 2026/MarcelVibe/14/BRYZ - Birds - 2018.webp (pass -k to keep)
[download] Sleeping 2.66 seconds ...
[download] Destination: /Users/marcelbuian/projects/mb/marcel-vibe/Deepium 2026/MarcelVibe/14/BRYZ - Birds - 2018.webm

[download]   0.0% of    7.61MiB at  Unknown B/s ETA Unknown
[download]   0.0% of    7.61MiB at    1.99MiB/s ETA 00:03  
[download]   0.1% of    7.61MiB at    4.06MiB/s ETA 00:01
[download]   0.2% of    7.61MiB at    8.14MiB/s ETA 00:00
[download]   0.4% of    7.61MiB at    6.04MiB/s ETA 00:01
[download]   0.8% of    7.61MiB at    5.99MiB/s ETA 00:01
[download]   1.6% of    7.61MiB at    9.77MiB/s ETA 00:00
[download]   3.3% of    7.61MiB at   10.99MiB/s ETA 00:00
[download]   6.6% of    7.61MiB at   15.27MiB/s ETA 00:00
[download]  13.1% of    7.61MiB at    9.67MiB/s ETA 00:00
[download]  26.3% of    7.61MiB at    8.17MiB/s ETA 00:00
[download]  52.5% of    7.61MiB at    9.56MiB/s ETA 00:00
[download] 100.0% of    7.61MiB at    8.25MiB/s ETA 00:00
[download] 100% of    7.61MiB in 00:00:01 at 6.89MiB/s   
[ExtractAudio] Destination: /Users/marcelbuian/projects/mb/marcel-vibe/Deepium 2026/MarcelVibe/14/BRYZ - Birds - 2018.mp3
Deleting original file /Users/marcelbuian/projects/mb/marcel-vibe/Deepium 2026/MarcelVibe/14/BRYZ - Birds - 2018.webm (pass -k to keep)
[Metadata] Adding metadata to "/Users/marcelbuian/projects/mb/marcel-vibe/Deepium 2026/MarcelVibe/14/BRYZ - Birds - 2018.mp3"
[EmbedThumbnail] ffmpeg: Adding thumbnail to "/Users/marcelbuian/projects/mb/marcel-vibe/Deepium 2026/MarcelVibe/14/BRYZ - Birds - 2018.mp3"
[youtube] Extracting URL: https://www.youtube.com/watch?v=gurUFyb1dys
[youtube] Sleeping 1.0 seconds ...
[youtube] gurUFyb1dys: Downloading webpage
[youtube] Sleeping 1.0 seconds ...
[youtube] gurUFyb1dys: Downloading visionos player API JSON
[youtube] Sleeping 1.0 seconds ...
[youtube] gurUFyb1dys: Downloading m3u8 information
[info] gurUFyb1dys: Downloading 1 format(s): 251
[info] Downloading video thumbnail 41 ...
[info] Writing video thumbnail 41 to: /Users/marcelbuian/projects/mb/marcel-vibe/Deepium 2026/MarcelVibe/14/BRYZ - Emotion - 2018.webp
[ThumbnailsConvertor] Converting thumbnail "/Users/marcelbuian/projects/mb/marcel-vibe/Deepium 2026/MarcelVibe/14/BRYZ - Emotion - 2018.webp" to jpg
Deleting original file /Users/marcelbuian/projects/mb/marcel-vibe/Deepium 2026/MarcelVibe/14/BRYZ - Emotion - 2018.webp (pass -k to keep)
[download] Sleeping 1.85 seconds ...
[download] Destination: /Users/marcelbuian/projects/mb/marcel-vibe/Deepium 2026/MarcelVibe/14/BRYZ - Emotion - 2018.webm

[download]   0.0% of    8.89MiB at  468.17KiB/s ETA 00:19
[download]   0.0% of    8.89MiB at    1.20MiB/s ETA 00:07
[download]   0.1% of    8.89MiB at    2.66MiB/s ETA 00:03
[download]   0.2% of    8.89MiB at    5.47MiB/s ETA 00:01
[download]   0.3% of    8.89MiB at    5.12MiB/s ETA 00:01
[download]   0.7% of    8.89MiB at    5.98MiB/s ETA 00:01
[download]   1.4% of    8.89MiB at    6.37MiB/s ETA 00:01
[download]   2.8% of    8.89MiB at    9.49MiB/s ETA 00:00
[download]   5.6% of    8.89MiB at   13.60MiB/s ETA 00:00
[download]  11.2% of    8.89MiB at   14.94MiB/s ETA 00:00
[download]  22.5% of    8.89MiB at    5.75MiB/s ETA 00:01
[download]  45.0% of    8.89MiB at    6.82MiB/s ETA 00:00
[download]  90.0% of    8.89MiB at    9.14MiB/s ETA 00:00
[download] 100.0% of    8.89MiB at    9.25MiB/s ETA 00:00
[download] 100% of    8.89MiB in 00:00:01 at 8.13MiB/s   
[ExtractAudio] Destination: /Users/marcelbuian/projects/mb/marcel-vibe/Deepium 2026/MarcelVibe/14/BRYZ - Emotion - 2018.mp3
Deleting original file /Users/marcelbuian/projects/mb/marcel-vibe/Deepium 2026/MarcelVibe/14/BRYZ - Emotion - 2018.webm (pass -k to keep)
[Metadata] Adding metadata to "/Users/marcelbuian/projects/mb/marcel-vibe/Deepium 2026/MarcelVibe/14/BRYZ - Emotion - 2018.mp3"
[EmbedThumbnail] ffmpeg: Adding thumbnail to "/Users/marcelbuian/projects/mb/marcel-vibe/Deepium 2026/MarcelVibe/14/BRYZ - Emotion - 2018.mp3"
[youtube] Extracting URL: https://www.youtube.com/watch?v=o6SzpON2nfw
[youtube] Sleeping 1.0 seconds ...
[youtube] o6SzpON2nfw: Downloading webpage
[youtube] Sleeping 1.0 seconds ...
[youtube] o6SzpON2nfw: Downloading visionos player API JSON
[youtube] Sleeping 1.0 seconds ...
[youtube] o6SzpON2nfw: Downloading m3u8 information
[info] o6SzpON2nfw: Downloading 1 format(s): 251
[info] Downloading video thumbnail 41 ...
[info] Writing video thumbnail 41 to: /Users/marcelbuian/projects/mb/marcel-vibe/Deepium 2026/MarcelVibe/14/Cojoc & Moldovan - Pleasure [STRYD001] - 2019.webp
[ThumbnailsConvertor] Converting thumbnail "/Users/marcelbuian/projects/mb/marcel-vibe/Deepium 2026/MarcelVibe/14/Cojoc & Moldovan - Pleasure [STRYD001] - 2019.webp" to jpg
Deleting original file /Users/marcelbuian/projects/mb/marcel-vibe/Deepium 2026/MarcelVibe/14/Cojoc & Moldovan - Pleasure [STRYD001] - 2019.webp (pass -k to keep)
[download] Sleeping 1.38 seconds ...
[download] Destination: /Users/marcelbuian/projects/mb/marcel-vibe/Deepium 2026/MarcelVibe/14/Cojoc & Moldovan - Pleasure [STRYD001] - 2019.webm

[download]   0.0% of    9.68MiB at  Unknown B/s ETA Unknown
[download]   0.0% of    9.68MiB at    2.61MiB/s ETA 00:03  
[download]   0.1% of    9.68MiB at    5.29MiB/s ETA 00:01
[download]   0.2% of    9.68MiB at   10.10MiB/s ETA 00:00
[download]   0.3% of    9.68MiB at   18.83MiB/s ETA 00:00
[download]   0.6% of    9.68MiB at   27.13MiB/s ETA 00:00
[download]   1.3% of    9.68MiB at   19.24MiB/s ETA 00:00
[download]   2.6% of    9.68MiB at   20.99MiB/s ETA 00:00
[download]   5.2% of    9.68MiB at   17.51MiB/s ETA 00:00
[download]  10.3% of    9.68MiB at   15.92MiB/s ETA 00:00
[download]  20.7% of    9.68MiB at   15.09MiB/s ETA 00:00
[download]  41.3% of    9.68MiB at   12.39MiB/s ETA 00:00
[download]  82.6% of    9.68MiB at   12.59MiB/s ETA 00:00
[download] 100.0% of    9.68MiB at   13.89MiB/s ETA 00:00
[download] 100% of    9.68MiB in 00:00:00 at 11.80MiB/s  
[ExtractAudio] Destination: /Users/marcelbuian/projects/mb/marcel-vibe/Deepium 2026/MarcelVibe/14/Cojoc & Moldovan - Pleasure [STRYD001] - 2019.mp3
Deleting original file /Users/marcelbuian/projects/mb/marcel-vibe/Deepium 2026/MarcelVibe/14/Cojoc & Moldovan - Pleasure [STRYD001] - 2019.webm (pass -k to keep)
[Metadata] Adding metadata to "/Users/marcelbuian/projects/mb/marcel-vibe/Deepium 2026/MarcelVibe/14/Cojoc & Moldovan - Pleasure [STRYD001] - 2019.mp3"
[EmbedThumbnail] ffmpeg: Adding thumbnail to "/Users/marcelbuian/projects/mb/marcel-vibe/Deepium 2026/MarcelVibe/14/Cojoc & Moldovan - Pleasure [STRYD001] - 2019.mp3"
[youtube] Extracting URL: https://www.youtube.com/watch?v=zFgG_fYNajc
[youtube] Sleeping 1.0 seconds ...
[youtube] zFgG_fYNajc: Downloading webpage
[youtube] Sleeping 1.0 seconds ...
[youtube] zFgG_fYNajc: Downloading visionos player API JSON
[youtube] Sleeping 1.0 seconds ...
[youtube] zFgG_fYNajc: Downloading m3u8 information
[info] zFgG_fYNajc: Downloading 1 format(s): 251
[info] Downloading video thumbnail 41 ...
[info] Writing video thumbnail 41 to: /Users/marcelbuian/projects/mb/marcel-vibe/Deepium 2026/MarcelVibe/14/Evren Ulusoy - Histoire d'amour - 2010.webp
[ThumbnailsConvertor] Converting thumbnail "/Users/marcelbuian/projects/mb/marcel-vibe/Deepium 2026/MarcelVibe/14/Evren Ulusoy - Histoire d'amour - 2010.webp" to jpg
Deleting original file /Users/marcelbuian/projects/mb/marcel-vibe/Deepium 2026/MarcelVibe/14/Evren Ulusoy - Histoire d'amour - 2010.webp (pass -k to keep)
[download] Sleeping 2.00 seconds ...
[download] Destination: /Users/marcelbuian/projects/mb/marcel-vibe/Deepium 2026/MarcelVibe/14/Evren Ulusoy - Histoire d'amour - 2010.webm

[download]   0.0% of    6.34MiB at  431.60KiB/s ETA 00:15
[download]   0.0% of    6.34MiB at    1.03MiB/s ETA 00:06
[download]   0.1% of    6.34MiB at    2.26MiB/s ETA 00:02
[download]   0.2% of    6.34MiB at    4.57MiB/s ETA 00:01
[download]   0.5% of    6.34MiB at    4.14MiB/s ETA 00:01
[download]   1.0% of    6.34MiB at    4.70MiB/s ETA 00:01
[download]   2.0% of    6.34MiB at    3.09MiB/s ETA 00:02
[download]   3.9% of    6.34MiB at    3.21MiB/s ETA 00:01
[download]   7.9% of    6.34MiB at    4.35MiB/s ETA 00:01
[download]  15.8% of    6.34MiB at    6.41MiB/s ETA 00:00
[download]  31.5% of    6.34MiB at    8.25MiB/s ETA 00:00
[download]  63.1% of    6.34MiB at    8.60MiB/s ETA 00:00
[download] 100.0% of    6.34MiB at   10.61MiB/s ETA 00:00
[download] 100% of    6.34MiB in 00:00:00 at 6.41MiB/s   
[ExtractAudio] Destination: /Users/marcelbuian/projects/mb/marcel-vibe/Deepium 2026/MarcelVibe/14/Evren Ulusoy - Histoire d'amour - 2010.mp3
Deleting original file /Users/marcelbuian/projects/mb/marcel-vibe/Deepium 2026/MarcelVibe/14/Evren Ulusoy - Histoire d'amour - 2010.webm (pass -k to keep)
[Metadata] Adding metadata to "/Users/marcelbuian/projects/mb/marcel-vibe/Deepium 2026/MarcelVibe/14/Evren Ulusoy - Histoire d'amour - 2010.mp3"
[EmbedThumbnail] ffmpeg: Adding thumbnail to "/Users/marcelbuian/projects/mb/marcel-vibe/Deepium 2026/MarcelVibe/14/Evren Ulusoy - Histoire d'amour - 2010.mp3"
[youtube] Extracting URL: https://www.youtube.com/watch?v=qyE-qnJWZSk
[youtube] Sleeping 1.0 seconds ...
[youtube] qyE-qnJWZSk: Downloading webpage
[youtube] Sleeping 1.0 seconds ...
[youtube] qyE-qnJWZSk: Downloading visionos player API JSON
[youtube] Extracting URL: https://www.youtube.com/watch?v=ErKhJSIRy5I
[youtube] Sleeping 1.0 seconds ...
[youtube] ErKhJSIRy5I: Downloading webpage
[youtube] Sleeping 1.0 seconds ...
[youtube] ErKhJSIRy5I: Downloading visionos player API JSON
[youtube] Sleeping 1.0 seconds ...
[youtube] ErKhJSIRy5I: Downloading m3u8 information
[info] ErKhJSIRy5I: Downloading 1 format(s): 251
[info] Downloading video thumbnail 41 ...
[info] Writing video thumbnail 41 to: /Users/marcelbuian/projects/mb/marcel-vibe/Deepium 2026/MarcelVibe/14/Honeydripper - All About You - 2017.webp
[ThumbnailsConvertor] Converting thumbnail "/Users/marcelbuian/projects/mb/marcel-vibe/Deepium 2026/MarcelVibe/14/Honeydripper - All About You - 2017.webp" to jpg
Deleting original file /Users/marcelbuian/projects/mb/marcel-vibe/Deepium 2026/MarcelVibe/14/Honeydripper - All About You - 2017.webp (pass -k to keep)
[download] Sleeping 1.32 seconds ...
[download] Destination: /Users/marcelbuian/projects/mb/marcel-vibe/Deepium 2026/MarcelVibe/14/Honeydripper - All About You - 2017.webm

[download]   0.0% of    6.26MiB at  Unknown B/s ETA Unknown
[download]   0.0% of    6.26MiB at  Unknown B/s ETA Unknown
[download]   0.1% of    6.26MiB at  Unknown B/s ETA Unknown
[download]   0.2% of    6.26MiB at  Unknown B/s ETA Unknown
[download]   0.5% of    6.26MiB at    5.62MiB/s ETA 00:01  
[download]   1.0% of    6.26MiB at    5.92MiB/s ETA 00:01
[download]   2.0% of    6.26MiB at    6.84MiB/s ETA 00:00
[download]   4.0% of    6.26MiB at    9.36MiB/s ETA 00:00
[download]   8.0% of    6.26MiB at   13.75MiB/s ETA 00:00
[download]  16.0% of    6.26MiB at   15.27MiB/s ETA 00:00
[download]  32.0% of    6.26MiB at   15.00MiB/s ETA 00:00
[download]  63.9% of    6.26MiB at   18.57MiB/s ETA 00:00
[download] 100.0% of    6.26MiB at   17.43MiB/s ETA 00:00
[download] 100% of    6.26MiB in 00:00:00 at 12.28MiB/s  
[ExtractAudio] Destination: /Users/marcelbuian/projects/mb/marcel-vibe/Deepium 2026/MarcelVibe/14/Honeydripper - All About You - 2017.mp3
Deleting original file /Users/marcelbuian/projects/mb/marcel-vibe/Deepium 2026/MarcelVibe/14/Honeydripper - All About You - 2017.webm (pass -k to keep)
[Metadata] Adding metadata to "/Users/marcelbuian/projects/mb/marcel-vibe/Deepium 2026/MarcelVibe/14/Honeydripper - All About You - 2017.mp3"
[EmbedThumbnail] ffmpeg: Adding thumbnail to "/Users/marcelbuian/projects/mb/marcel-vibe/Deepium 2026/MarcelVibe/14/Honeydripper - All About You - 2017.mp3"
[youtube] Extracting URL: https://www.youtube.com/watch?v=yQ4Vlj5PeEk
[youtube] Sleeping 1.0 seconds ...
[youtube] yQ4Vlj5PeEk: Downloading webpage
[youtube] Sleeping 1.0 seconds ...
[youtube] yQ4Vlj5PeEk: Downloading visionos player API JSON
[youtube] Extracting URL: https://www.youtube.com/watch?v=RXMXYDVhIh0
[youtube] Sleeping 1.0 seconds ...
[youtube] RXMXYDVhIh0: Downloading webpage
[youtube] Sleeping 1.0 seconds ...
[youtube] RXMXYDVhIh0: Downloading visionos player API JSON
Reading URLs from STDIN - EOF (Ctrl+D) to end:
ERROR: [youtube] qyE-qnJWZSk: Video unavailable
ERROR: [youtube] yQ4Vlj5PeEk: Video unavailable
ERROR: [youtube] RXMXYDVhIh0: Video unavailable

===== 15 (#15 - 2025-09-14 Tufieha, Malta) 14:54:56
[youtube] Extracting URL: https://www.youtube.com/watch?v=cDSuAZHbyME
[youtube] cDSuAZHbyME: Downloading webpage
[youtube] Sleeping 1.0 seconds ...
[youtube] cDSuAZHbyME: Downloading visionos player API JSON
[youtube] Sleeping 1.0 seconds ...
[youtube] cDSuAZHbyME: Downloading m3u8 information
[info] cDSuAZHbyME: Downloading 1 format(s): 251
[info] Downloading video thumbnail 44 ...
[info] Writing video thumbnail 44 to: /Users/marcelbuian/projects/mb/marcel-vibe/Deepium 2026/MarcelVibe/15/Gentleman & Darles Flow - Isolation (Original Mix) - 2025.webp
[ThumbnailsConvertor] Converting thumbnail "/Users/marcelbuian/projects/mb/marcel-vibe/Deepium 2026/MarcelVibe/15/Gentleman & Darles Flow - Isolation (Original Mix) - 2025.webp" to jpg
Deleting original file /Users/marcelbuian/projects/mb/marcel-vibe/Deepium 2026/MarcelVibe/15/Gentleman & Darles Flow - Isolation (Original Mix) - 2025.webp (pass -k to keep)
[download] Sleeping 1.64 seconds ...
[download] Destination: /Users/marcelbuian/projects/mb/marcel-vibe/Deepium 2026/MarcelVibe/15/Gentleman & Darles Flow - Isolation (Original Mix) - 2025.webm

[download]   0.0% of    5.82MiB at  484.95KiB/s ETA 00:12
[download]   0.1% of    5.82MiB at    1.23MiB/s ETA 00:04
[download]   0.1% of    5.82MiB at    2.69MiB/s ETA 00:02
[download]   0.3% of    5.82MiB at    5.53MiB/s ETA 00:01
[download]   0.5% of    5.82MiB at    4.55MiB/s ETA 00:01
[download]   1.1% of    5.82MiB at    5.12MiB/s ETA 00:01
[download]   2.1% of    5.82MiB at    6.65MiB/s ETA 00:00
[download]   4.3% of    5.82MiB at    9.38MiB/s ETA 00:00
[download]   8.6% of    5.82MiB at   14.06MiB/s ETA 00:00
[download]  17.2% of    5.82MiB at    9.90MiB/s ETA 00:00
[download]  34.4% of    5.82MiB at    8.35MiB/s ETA 00:00
[download]  68.8% of    5.82MiB at   14.24MiB/s ETA 00:00
[download] 100.0% of    5.82MiB at   12.95MiB/s ETA 00:00
[download] 100% of    5.82MiB in 00:00:00 at 9.19MiB/s   
[ExtractAudio] Destination: /Users/marcelbuian/projects/mb/marcel-vibe/Deepium 2026/MarcelVibe/15/Gentleman & Darles Flow - Isolation (Original Mix) - 2025.mp3
Deleting original file /Users/marcelbuian/projects/mb/marcel-vibe/Deepium 2026/MarcelVibe/15/Gentleman & Darles Flow - Isolation (Original Mix) - 2025.webm (pass -k to keep)
[Metadata] Adding metadata to "/Users/marcelbuian/projects/mb/marcel-vibe/Deepium 2026/MarcelVibe/15/Gentleman & Darles Flow - Isolation (Original Mix) - 2025.mp3"
[EmbedThumbnail] ffmpeg: Adding thumbnail to "/Users/marcelbuian/projects/mb/marcel-vibe/Deepium 2026/MarcelVibe/15/Gentleman & Darles Flow - Isolation (Original Mix) - 2025.mp3"
Reading URLs from STDIN - EOF (Ctrl+D) to end:

===== 16 (#16 - 2025-09-14 Golden Bay, Malta) 14:56:23
[youtube] Extracting URL: https://www.youtube.com/watch?v=6oNLBJDqY34
[youtube] 6oNLBJDqY34: Downloading webpage
[youtube] Sleeping 1.0 seconds ...
[youtube] 6oNLBJDqY34: Downloading visionos player API JSON
[youtube] Extracting URL: https://www.youtube.com/watch?v=OgT6cJiEFRY
[youtube] Sleeping 1.0 seconds ...
[youtube] OgT6cJiEFRY: Downloading webpage
[youtube] Sleeping 1.0 seconds ...
[youtube] OgT6cJiEFRY: Downloading visionos player API JSON
[youtube] Extracting URL: https://www.youtube.com/watch?v=tszRVJIlIO8
[youtube] Sleeping 1.0 seconds ...
[youtube] tszRVJIlIO8: Downloading webpage
[youtube] Sleeping 1.0 seconds ...
[youtube] tszRVJIlIO8: Downloading visionos player API JSON
[youtube] Sleeping 1.0 seconds ...
[youtube] tszRVJIlIO8: Downloading m3u8 information
[info] tszRVJIlIO8: Downloading 1 format(s): 251
[info] Downloading video thumbnail 44 ...
[info] Writing video thumbnail 44 to: /Users/marcelbuian/projects/mb/marcel-vibe/Deepium 2026/MarcelVibe/16/Dennis Cruz - Going Down (Original Mix) - 2024.webp
[ThumbnailsConvertor] Converting thumbnail "/Users/marcelbuian/projects/mb/marcel-vibe/Deepium 2026/MarcelVibe/16/Dennis Cruz - Going Down (Original Mix) - 2024.webp" to jpg
Deleting original file /Users/marcelbuian/projects/mb/marcel-vibe/Deepium 2026/MarcelVibe/16/Dennis Cruz - Going Down (Original Mix) - 2024.webp (pass -k to keep)
[download] Sleeping 2.19 seconds ...
[download] Destination: /Users/marcelbuian/projects/mb/marcel-vibe/Deepium 2026/MarcelVibe/16/Dennis Cruz - Going Down (Original Mix) - 2024.webm

[download]   0.0% of    5.35MiB at  518.14KiB/s ETA 00:10
[download]   0.1% of    5.35MiB at    1.25MiB/s ETA 00:04
[download]   0.1% of    5.35MiB at    2.72MiB/s ETA 00:01
[download]   0.3% of    5.35MiB at    5.53MiB/s ETA 00:00
[download]   0.6% of    5.35MiB at    3.20MiB/s ETA 00:01
[download]   1.1% of    5.35MiB at    5.30MiB/s ETA 00:00
[download]   2.3% of    5.35MiB at    6.82MiB/s ETA 00:00
[download]   4.7% of    5.35MiB at    9.99MiB/s ETA 00:00
[download]   9.3% of    5.35MiB at   14.30MiB/s ETA 00:00
[download]  18.7% of    5.35MiB at   14.85MiB/s ETA 00:00
[download]  37.4% of    5.35MiB at    6.27MiB/s ETA 00:00
[download]  74.7% of    5.35MiB at    7.39MiB/s ETA 00:00
[download] 100.0% of    5.35MiB at    9.36MiB/s ETA 00:00
[download] 100% of    5.35MiB in 00:00:00 at 7.73MiB/s   
[ExtractAudio] Destination: /Users/marcelbuian/projects/mb/marcel-vibe/Deepium 2026/MarcelVibe/16/Dennis Cruz - Going Down (Original Mix) - 2024.mp3
Deleting original file /Users/marcelbuian/projects/mb/marcel-vibe/Deepium 2026/MarcelVibe/16/Dennis Cruz - Going Down (Original Mix) - 2024.webm (pass -k to keep)
[Metadata] Adding metadata to "/Users/marcelbuian/projects/mb/marcel-vibe/Deepium 2026/MarcelVibe/16/Dennis Cruz - Going Down (Original Mix) - 2024.mp3"
[EmbedThumbnail] ffmpeg: Adding thumbnail to "/Users/marcelbuian/projects/mb/marcel-vibe/Deepium 2026/MarcelVibe/16/Dennis Cruz - Going Down (Original Mix) - 2024.mp3"
[youtube] Extracting URL: https://www.youtube.com/watch?v=LTz5i8F7cqE
[youtube] Sleeping 1.0 seconds ...
[youtube] LTz5i8F7cqE: Downloading webpage
[youtube] Sleeping 1.0 seconds ...
[youtube] LTz5i8F7cqE: Downloading visionos player API JSON
[youtube] Extracting URL: https://www.youtube.com/watch?v=XJ15PlKGHYU
[youtube] Sleeping 1.0 seconds ...
[youtube] XJ15PlKGHYU: Downloading webpage
[youtube] Sleeping 1.0 seconds ...
[youtube] XJ15PlKGHYU: Downloading visionos player API JSON
[youtube] Sleeping 1.0 seconds ...
[youtube] XJ15PlKGHYU: Downloading m3u8 information
[info] XJ15PlKGHYU: Downloading 1 format(s): 251
[info] Downloading video thumbnail 41 ...
[info] Writing video thumbnail 41 to: /Users/marcelbuian/projects/mb/marcel-vibe/Deepium 2026/MarcelVibe/16/Mr. Belt & Wezol, Qobra, Alex Hosking - Keep It Exciting (Extended Mix) - 2024.webp
[ThumbnailsConvertor] Converting thumbnail "/Users/marcelbuian/projects/mb/marcel-vibe/Deepium 2026/MarcelVibe/16/Mr. Belt & Wezol, Qobra, Alex Hosking - Keep It Exciting (Extended Mix) - 2024.webp" to jpg
Deleting original file /Users/marcelbuian/projects/mb/marcel-vibe/Deepium 2026/MarcelVibe/16/Mr. Belt & Wezol, Qobra, Alex Hosking - Keep It Exciting (Extended Mix) - 2024.webp (pass -k to keep)
[download] Sleeping 2.53 seconds ...
[download] Destination: /Users/marcelbuian/projects/mb/marcel-vibe/Deepium 2026/MarcelVibe/16/Mr. Belt & Wezol, Qobra, Alex Hosking - Keep It Exciting (Extended Mix) - 2024.webm

[download]   0.0% of    3.87MiB at  493.33KiB/s ETA 00:08
[download]   0.1% of    3.87MiB at    1.19MiB/s ETA 00:03
[download]   0.2% of    3.87MiB at    2.61MiB/s ETA 00:01
[download]   0.4% of    3.87MiB at    5.31MiB/s ETA 00:00
[download]   0.8% of    3.87MiB at    3.04MiB/s ETA 00:01
[download]   1.6% of    3.87MiB at    3.56MiB/s ETA 00:01
[download]   3.2% of    3.87MiB at    6.34MiB/s ETA 00:00
[download]   6.4% of    3.87MiB at    8.22MiB/s ETA 00:00
[download]  12.9% of    3.87MiB at   12.78MiB/s ETA 00:00
[download]  25.8% of    3.87MiB at    9.51MiB/s ETA 00:00
[download]  51.6% of    3.87MiB at    8.30MiB/s ETA 00:00
[download] 100.0% of    3.87MiB at   13.53MiB/s ETA 00:00
[download] 100% of    3.87MiB in 00:00:00 at 8.55MiB/s   
[ExtractAudio] Destination: /Users/marcelbuian/projects/mb/marcel-vibe/Deepium 2026/MarcelVibe/16/Mr. Belt & Wezol, Qobra, Alex Hosking - Keep It Exciting (Extended Mix) - 2024.mp3
Deleting original file /Users/marcelbuian/projects/mb/marcel-vibe/Deepium 2026/MarcelVibe/16/Mr. Belt & Wezol, Qobra, Alex Hosking - Keep It Exciting (Extended Mix) - 2024.webm (pass -k to keep)
[Metadata] Adding metadata to "/Users/marcelbuian/projects/mb/marcel-vibe/Deepium 2026/MarcelVibe/16/Mr. Belt & Wezol, Qobra, Alex Hosking - Keep It Exciting (Extended Mix) - 2024.mp3"
[EmbedThumbnail] ffmpeg: Adding thumbnail to "/Users/marcelbuian/projects/mb/marcel-vibe/Deepium 2026/MarcelVibe/16/Mr. Belt & Wezol, Qobra, Alex Hosking - Keep It Exciting (Extended Mix) - 2024.mp3"
[youtube] Extracting URL: https://www.youtube.com/watch?v=SFLqoy8MnEo
[youtube] Sleeping 1.0 seconds ...
[youtube] SFLqoy8MnEo: Downloading webpage
[youtube] Sleeping 1.0 seconds ...
[youtube] SFLqoy8MnEo: Downloading visionos player API JSON
[youtube] Sleeping 1.0 seconds ...
[youtube] SFLqoy8MnEo: Downloading m3u8 information
[info] SFLqoy8MnEo: Downloading 1 format(s): 251
[info] Downloading video thumbnail 41 ...
[info] Writing video thumbnail 41 to: /Users/marcelbuian/projects/mb/marcel-vibe/Deepium 2026/MarcelVibe/16/Arielle Free - Feels So Good (Extended Mix) - 2023.webp
[ThumbnailsConvertor] Converting thumbnail "/Users/marcelbuian/projects/mb/marcel-vibe/Deepium 2026/MarcelVibe/16/Arielle Free - Feels So Good (Extended Mix) - 2023.webp" to jpg
Deleting original file /Users/marcelbuian/projects/mb/marcel-vibe/Deepium 2026/MarcelVibe/16/Arielle Free - Feels So Good (Extended Mix) - 2023.webp (pass -k to keep)
[download] Sleeping 2.82 seconds ...
[download] Destination: /Users/marcelbuian/projects/mb/marcel-vibe/Deepium 2026/MarcelVibe/16/Arielle Free - Feels So Good (Extended Mix) - 2023.webm

[download]   0.0% of    5.22MiB at  247.89KiB/s ETA 00:21
[download]   0.1% of    5.22MiB at  651.36KiB/s ETA 00:08
[download]   0.1% of    5.22MiB at    1.43MiB/s ETA 00:03
[download]   0.3% of    5.22MiB at    3.00MiB/s ETA 00:01
[download]   0.6% of    5.22MiB at    3.58MiB/s ETA 00:01
[download]   1.2% of    5.22MiB at    4.84MiB/s ETA 00:01
[download]   2.4% of    5.22MiB at    7.00MiB/s ETA 00:00
[download]   4.8% of    5.22MiB at    8.40MiB/s ETA 00:00
[download]   9.6% of    5.22MiB at   11.26MiB/s ETA 00:00
[download]  19.1% of    5.22MiB at   18.32MiB/s ETA 00:00
[download]  38.3% of    5.22MiB at   21.13MiB/s ETA 00:00
[download]  76.6% of    5.22MiB at   12.83MiB/s ETA 00:00
[download] 100.0% of    5.22MiB at   11.81MiB/s ETA 00:00
[download] 100% of    5.22MiB in 00:00:00 at 9.43MiB/s   
[ExtractAudio] Destination: /Users/marcelbuian/projects/mb/marcel-vibe/Deepium 2026/MarcelVibe/16/Arielle Free - Feels So Good (Extended Mix) - 2023.mp3
Deleting original file /Users/marcelbuian/projects/mb/marcel-vibe/Deepium 2026/MarcelVibe/16/Arielle Free - Feels So Good (Extended Mix) - 2023.webm (pass -k to keep)
[Metadata] Adding metadata to "/Users/marcelbuian/projects/mb/marcel-vibe/Deepium 2026/MarcelVibe/16/Arielle Free - Feels So Good (Extended Mix) - 2023.mp3"
[EmbedThumbnail] ffmpeg: Adding thumbnail to "/Users/marcelbuian/projects/mb/marcel-vibe/Deepium 2026/MarcelVibe/16/Arielle Free - Feels So Good (Extended Mix) - 2023.mp3"
[youtube] Extracting URL: https://www.youtube.com/watch?v=EiyZABpUMPY
[youtube] Sleeping 1.0 seconds ...
[youtube] EiyZABpUMPY: Downloading webpage
[youtube] Sleeping 1.0 seconds ...
[youtube] EiyZABpUMPY: Downloading visionos player API JSON
Reading URLs from STDIN - EOF (Ctrl+D) to end:
ERROR: [youtube] 6oNLBJDqY34: Video unavailable. This video is not available
ERROR: [youtube] OgT6cJiEFRY: Video unavailable. This video is not available
ERROR: [youtube] LTz5i8F7cqE: Video unavailable. This video is not available
ERROR: [youtube] EiyZABpUMPY: Video unavailable. This video is not available

===== 17 (#17 - 2025-09-27 Blue Hole, Gozo) 14:58:01
[youtube] Extracting URL: https://www.youtube.com/watch?v=GUaltRgMaMA
[youtube] GUaltRgMaMA: Downloading webpage
[youtube] Sleeping 1.0 seconds ...
[youtube] GUaltRgMaMA: Downloading visionos player API JSON
[youtube] Sleeping 1.0 seconds ...
[youtube] GUaltRgMaMA: Downloading m3u8 information
[info] GUaltRgMaMA: Downloading 1 format(s): 251
[info] Downloading video thumbnail 44 ...
[info] Writing video thumbnail 44 to: /Users/marcelbuian/projects/mb/marcel-vibe/Deepium 2026/MarcelVibe/17/Supermode - Tell Me Why (Meduza Extended Remix) - 2022.webp
[ThumbnailsConvertor] Converting thumbnail "/Users/marcelbuian/projects/mb/marcel-vibe/Deepium 2026/MarcelVibe/17/Supermode - Tell Me Why (Meduza Extended Remix) - 2022.webp" to jpg
Deleting original file /Users/marcelbuian/projects/mb/marcel-vibe/Deepium 2026/MarcelVibe/17/Supermode - Tell Me Why (Meduza Extended Remix) - 2022.webp (pass -k to keep)
[download] Sleeping 2.74 seconds ...
[download] Destination: /Users/marcelbuian/projects/mb/marcel-vibe/Deepium 2026/MarcelVibe/17/Supermode - Tell Me Why (Meduza Extended Remix) - 2022.webm

[download]   0.0% of    8.28MiB at  533.90KiB/s ETA 00:16
[download]   0.0% of    8.28MiB at    1.28MiB/s ETA 00:06
[download]   0.1% of    8.28MiB at    2.76MiB/s ETA 00:03
[download]   0.2% of    8.28MiB at    5.54MiB/s ETA 00:01
[download]   0.4% of    8.28MiB at    4.80MiB/s ETA 00:01
[download]   0.7% of    8.28MiB at    4.80MiB/s ETA 00:01
[download]   1.5% of    8.28MiB at    8.18MiB/s ETA 00:00
[download]   3.0% of    8.28MiB at    9.64MiB/s ETA 00:00
[download]   6.0% of    8.28MiB at   12.39MiB/s ETA 00:00
[download]  12.1% of    8.28MiB at   18.02MiB/s ETA 00:00
[download]  24.1% of    8.28MiB at   25.22MiB/s ETA 00:00
[download]  48.3% of    8.28MiB at   30.55MiB/s ETA 00:00
[download]  96.6% of    8.28MiB at   16.91MiB/s ETA 00:00
[download] 100.0% of    8.28MiB at   16.67MiB/s ETA 00:00
[download] 100% of    8.28MiB in 00:00:00 at 14.06MiB/s  
[ExtractAudio] Destination: /Users/marcelbuian/projects/mb/marcel-vibe/Deepium 2026/MarcelVibe/17/Supermode - Tell Me Why (Meduza Extended Remix) - 2022.mp3
Deleting original file /Users/marcelbuian/projects/mb/marcel-vibe/Deepium 2026/MarcelVibe/17/Supermode - Tell Me Why (Meduza Extended Remix) - 2022.webm (pass -k to keep)
[Metadata] Adding metadata to "/Users/marcelbuian/projects/mb/marcel-vibe/Deepium 2026/MarcelVibe/17/Supermode - Tell Me Why (Meduza Extended Remix) - 2022.mp3"
[EmbedThumbnail] ffmpeg: Adding thumbnail to "/Users/marcelbuian/projects/mb/marcel-vibe/Deepium 2026/MarcelVibe/17/Supermode - Tell Me Why (Meduza Extended Remix) - 2022.mp3"
[youtube] Extracting URL: https://www.youtube.com/watch?v=5O6J4TS7-os
[youtube] Sleeping 1.0 seconds ...
[youtube] 5O6J4TS7-os: Downloading webpage
[youtube] Sleeping 1.0 seconds ...
[youtube] 5O6J4TS7-os: Downloading visionos player API JSON
[youtube] Sleeping 1.0 seconds ...
[youtube] 5O6J4TS7-os: Downloading m3u8 information
[info] 5O6J4TS7-os: Downloading 1 format(s): 251
[info] Downloading video thumbnail 41 ...
[info] Writing video thumbnail 41 to: /Users/marcelbuian/projects/mb/marcel-vibe/Deepium 2026/MarcelVibe/17/Matt Sassari, HUGEL feat. Sonique - It Feels So Good (Jamy Nox Extended Remix) - 2025.webp
[ThumbnailsConvertor] Converting thumbnail "/Users/marcelbuian/projects/mb/marcel-vibe/Deepium 2026/MarcelVibe/17/Matt Sassari, HUGEL feat. Sonique - It Feels So Good (Jamy Nox Extended Remix) - 2025.webp" to jpg
Deleting original file /Users/marcelbuian/projects/mb/marcel-vibe/Deepium 2026/MarcelVibe/17/Matt Sassari, HUGEL feat. Sonique - It Feels So Good (Jamy Nox Extended Remix) - 2025.webp (pass -k to keep)
[download] Sleeping 1.85 seconds ...
[download] Destination: /Users/marcelbuian/projects/mb/marcel-vibe/Deepium 2026/MarcelVibe/17/Matt Sassari, HUGEL feat. Sonique - It Feels So Good (Jamy Nox Extended Remix) - 2025.webm

[download]   0.0% of    5.74MiB at  468.17KiB/s ETA 00:12
[download]   0.1% of    5.74MiB at    1.24MiB/s ETA 00:04
[download]   0.1% of    5.74MiB at    2.79MiB/s ETA 00:02
[download]   0.3% of    5.74MiB at    5.75MiB/s ETA 00:00
[download]   0.5% of    5.74MiB at    3.89MiB/s ETA 00:01
[download]   1.1% of    5.74MiB at    5.14MiB/s ETA 00:01
[download]   2.2% of    5.74MiB at    7.57MiB/s ETA 00:00
[download]   4.3% of    5.74MiB at   10.81MiB/s ETA 00:00
[download]   8.7% of    5.74MiB at   14.83MiB/s ETA 00:00
[download]  17.4% of    5.74MiB at   15.66MiB/s ETA 00:00
[download]  34.8% of    5.74MiB at   14.83MiB/s ETA 00:00
[download]  69.6% of    5.74MiB at    7.98MiB/s ETA 00:00
[download] 100.0% of    5.74MiB at    7.40MiB/s ETA 00:00
[download] 100% of    5.74MiB in 00:00:00 at 6.28MiB/s   
[ExtractAudio] Destination: /Users/marcelbuian/projects/mb/marcel-vibe/Deepium 2026/MarcelVibe/17/Matt Sassari, HUGEL feat. Sonique - It Feels So Good (Jamy Nox Extended Remix) - 2025.mp3
Deleting original file /Users/marcelbuian/projects/mb/marcel-vibe/Deepium 2026/MarcelVibe/17/Matt Sassari, HUGEL feat. Sonique - It Feels So Good (Jamy Nox Extended Remix) - 2025.webm (pass -k to keep)
[Metadata] Adding metadata to "/Users/marcelbuian/projects/mb/marcel-vibe/Deepium 2026/MarcelVibe/17/Matt Sassari, HUGEL feat. Sonique - It Feels So Good (Jamy Nox Extended Remix) - 2025.mp3"
[EmbedThumbnail] ffmpeg: Adding thumbnail to "/Users/marcelbuian/projects/mb/marcel-vibe/Deepium 2026/MarcelVibe/17/Matt Sassari, HUGEL feat. Sonique - It Feels So Good (Jamy Nox Extended Remix) - 2025.mp3"
[youtube] Extracting URL: https://www.youtube.com/watch?v=ZM3nsxw-8EQ
[youtube] Sleeping 1.0 seconds ...
[youtube] ZM3nsxw-8EQ: Downloading webpage
[youtube] Sleeping 1.0 seconds ...
[youtube] ZM3nsxw-8EQ: Downloading visionos player API JSON
[youtube] Sleeping 1.0 seconds ...
[youtube] ZM3nsxw-8EQ: Downloading m3u8 information
[info] ZM3nsxw-8EQ: Downloading 1 format(s): 251
[info] Downloading video thumbnail 41 ...
[info] Writing video thumbnail 41 to: /Users/marcelbuian/projects/mb/marcel-vibe/Deepium 2026/MarcelVibe/17/Fred Again.., The Blessed Madonna X Shakedown - (We've Lost Dancing) X At Night (SWITCH DISCO EDIT) - 2023.webp
[ThumbnailsConvertor] Converting thumbnail "/Users/marcelbuian/projects/mb/marcel-vibe/Deepium 2026/MarcelVibe/17/Fred Again.., The Blessed Madonna X Shakedown - (We've Lost Dancing) X At Night (SWITCH DISCO EDIT) - 2023.webp" to jpg
Deleting original file /Users/marcelbuian/projects/mb/marcel-vibe/Deepium 2026/MarcelVibe/17/Fred Again.., The Blessed Madonna X Shakedown - (We've Lost Dancing) X At Night (SWITCH DISCO EDIT) - 2023.webp (pass -k to keep)
[download] Sleeping 1.78 seconds ...
[download] Destination: /Users/marcelbuian/projects/mb/marcel-vibe/Deepium 2026/MarcelVibe/17/Fred Again.., The Blessed Madonna X Shakedown - (We've Lost Dancing) X At Night (SWITCH DISCO EDIT) - 2023.webm

[download]   0.0% of    3.94MiB at  452.31KiB/s ETA 00:08
[download]   0.1% of    3.94MiB at    1.10MiB/s ETA 00:03
[download]   0.2% of    3.94MiB at    2.36MiB/s ETA 00:01
[download]   0.4% of    3.94MiB at    4.73MiB/s ETA 00:00
[download]   0.8% of    3.94MiB at    2.53MiB/s ETA 00:01
[download]   1.6% of    3.94MiB at    2.51MiB/s ETA 00:01
[download]   3.1% of    3.94MiB at    4.48MiB/s ETA 00:00
[download]   6.3% of    3.94MiB at    5.30MiB/s ETA 00:00
[download]  12.7% of    3.94MiB at    7.42MiB/s ETA 00:00
[download]  25.3% of    3.94MiB at    8.02MiB/s ETA 00:00
[download]  50.7% of    3.94MiB at    6.09MiB/s ETA 00:00
[download] 100.0% of    3.94MiB at    1.61MiB/s ETA 00:00
[download] 100% of    3.94MiB in 00:00:02 at 1.39MiB/s   
[ExtractAudio] Destination: /Users/marcelbuian/projects/mb/marcel-vibe/Deepium 2026/MarcelVibe/17/Fred Again.., The Blessed Madonna X Shakedown - (We've Lost Dancing) X At Night (SWITCH DISCO EDIT) - 2023.mp3
Deleting original file /Users/marcelbuian/projects/mb/marcel-vibe/Deepium 2026/MarcelVibe/17/Fred Again.., The Blessed Madonna X Shakedown - (We've Lost Dancing) X At Night (SWITCH DISCO EDIT) - 2023.webm (pass -k to keep)
[Metadata] Adding metadata to "/Users/marcelbuian/projects/mb/marcel-vibe/Deepium 2026/MarcelVibe/17/Fred Again.., The Blessed Madonna X Shakedown - (We've Lost Dancing) X At Night (SWITCH DISCO EDIT) - 2023.mp3"
[EmbedThumbnail] ffmpeg: Adding thumbnail to "/Users/marcelbuian/projects/mb/marcel-vibe/Deepium 2026/MarcelVibe/17/Fred Again.., The Blessed Madonna X Shakedown - (We've Lost Dancing) X At Night (SWITCH DISCO EDIT) - 2023.mp3"
[youtube] Extracting URL: https://www.youtube.com/watch?v=fB6M8bjKZXU
[youtube] Sleeping 1.0 seconds ...
[youtube] fB6M8bjKZXU: Downloading webpage
[youtube] Sleeping 1.0 seconds ...
[youtube] fB6M8bjKZXU: Downloading visionos player API JSON
[youtube] Sleeping 1.0 seconds ...
[youtube] fB6M8bjKZXU: Downloading m3u8 information
[info] fB6M8bjKZXU: Downloading 1 format(s): 251
[info] Downloading video thumbnail 41 ...
[info] Writing video thumbnail 41 to: /Users/marcelbuian/projects/mb/marcel-vibe/Deepium 2026/MarcelVibe/17/The Temper Trap - Sweet Disposition (John Summit & Silver Panda) [Extended Remix] - 2024.webp
[ThumbnailsConvertor] Converting thumbnail "/Users/marcelbuian/projects/mb/marcel-vibe/Deepium 2026/MarcelVibe/17/The Temper Trap - Sweet Disposition (John Summit & Silver Panda) [Extended Remix] - 2024.webp" to jpg
Deleting original file /Users/marcelbuian/projects/mb/marcel-vibe/Deepium 2026/MarcelVibe/17/The Temper Trap - Sweet Disposition (John Summit & Silver Panda) [Extended Remix] - 2024.webp (pass -k to keep)
[download] Sleeping 2.47 seconds ...
[download] Destination: /Users/marcelbuian/projects/mb/marcel-vibe/Deepium 2026/MarcelVibe/17/The Temper Trap - Sweet Disposition (John Summit & Silver Panda) [Extended Remix] - 2024.webm

[download]   0.0% of    5.55MiB at  475.76KiB/s ETA 00:12
[download]   0.1% of    5.55MiB at    1.19MiB/s ETA 00:04
[download]   0.1% of    5.55MiB at    2.60MiB/s ETA 00:02
[download]   0.3% of    5.55MiB at    5.23MiB/s ETA 00:01
[download]   0.5% of    5.55MiB at    4.60MiB/s ETA 00:01
[download]   1.1% of    5.55MiB at    5.10MiB/s ETA 00:01
[download]   2.2% of    5.55MiB at    7.52MiB/s ETA 00:00
[download]   4.5% of    5.55MiB at   10.71MiB/s ETA 00:00
[download]   9.0% of    5.55MiB at   15.72MiB/s ETA 00:00
[download]  18.0% of    5.55MiB at   15.12MiB/s ETA 00:00
[download]  36.0% of    5.55MiB at   10.68MiB/s ETA 00:00
[download]  72.1% of    5.55MiB at   12.46MiB/s ETA 00:00
[download] 100.0% of    5.55MiB at   15.53MiB/s ETA 00:00
[download] 100% of    5.55MiB in 00:00:00 at 9.69MiB/s   
[ExtractAudio] Destination: /Users/marcelbuian/projects/mb/marcel-vibe/Deepium 2026/MarcelVibe/17/The Temper Trap - Sweet Disposition (John Summit & Silver Panda) [Extended Remix] - 2024.mp3
Deleting original file /Users/marcelbuian/projects/mb/marcel-vibe/Deepium 2026/MarcelVibe/17/The Temper Trap - Sweet Disposition (John Summit & Silver Panda) [Extended Remix] - 2024.webm (pass -k to keep)
[Metadata] Adding metadata to "/Users/marcelbuian/projects/mb/marcel-vibe/Deepium 2026/MarcelVibe/17/The Temper Trap - Sweet Disposition (John Summit & Silver Panda) [Extended Remix] - 2024.mp3"
[EmbedThumbnail] ffmpeg: Adding thumbnail to "/Users/marcelbuian/projects/mb/marcel-vibe/Deepium 2026/MarcelVibe/17/The Temper Trap - Sweet Disposition (John Summit & Silver Panda) [Extended Remix] - 2024.mp3"
[youtube] Extracting URL: https://www.youtube.com/watch?v=G2XxSoQ2L58
[youtube] Sleeping 1.0 seconds ...
[youtube] G2XxSoQ2L58: Downloading webpage
[youtube] Sleeping 1.0 seconds ...
[youtube] G2XxSoQ2L58: Downloading visionos player API JSON
[youtube] Sleeping 1.0 seconds ...
[youtube] G2XxSoQ2L58: Downloading m3u8 information
[info] G2XxSoQ2L58: Downloading 1 format(s): 251
[info] Downloading video thumbnail 41 ...
[info] Writing video thumbnail 41 to: /Users/marcelbuian/projects/mb/marcel-vibe/Deepium 2026/MarcelVibe/17/Frost - We Call It House - 2019.webp
[ThumbnailsConvertor] Converting thumbnail "/Users/marcelbuian/projects/mb/marcel-vibe/Deepium 2026/MarcelVibe/17/Frost - We Call It House - 2019.webp" to jpg
Deleting original file /Users/marcelbuian/projects/mb/marcel-vibe/Deepium 2026/MarcelVibe/17/Frost - We Call It House - 2019.webp (pass -k to keep)
[download] Sleeping 1.68 seconds ...
[download] Destination: /Users/marcelbuian/projects/mb/marcel-vibe/Deepium 2026/MarcelVibe/17/Frost - We Call It House - 2019.webm

[download]   0.0% of    4.54MiB at  444.22KiB/s ETA 00:10
[download]   0.1% of    4.54MiB at  985.27KiB/s ETA 00:04
[download]   0.2% of    4.54MiB at    1.68MiB/s ETA 00:02
[download]   0.3% of    4.54MiB at    3.38MiB/s ETA 00:01
[download]   0.7% of    4.54MiB at    3.71MiB/s ETA 00:01
[download]   1.4% of    4.54MiB at    3.78MiB/s ETA 00:01
[download]   2.7% of    4.54MiB at    6.02MiB/s ETA 00:00
[download]   5.5% of    4.54MiB at    8.12MiB/s ETA 00:00
[download]  11.0% of    4.54MiB at   12.23MiB/s ETA 00:00
[download]  22.0% of    4.54MiB at    9.67MiB/s ETA 00:00
[download]  44.0% of    4.54MiB at    8.95MiB/s ETA 00:00
[download]  88.1% of    4.54MiB at   14.66MiB/s ETA 00:00
[download] 100.0% of    4.54MiB at   12.73MiB/s ETA 00:00
[download] 100% of    4.54MiB in 00:00:00 at 9.34MiB/s   
[ExtractAudio] Destination: /Users/marcelbuian/projects/mb/marcel-vibe/Deepium 2026/MarcelVibe/17/Frost - We Call It House - 2019.mp3
Deleting original file /Users/marcelbuian/projects/mb/marcel-vibe/Deepium 2026/MarcelVibe/17/Frost - We Call It House - 2019.webm (pass -k to keep)
[Metadata] Adding metadata to "/Users/marcelbuian/projects/mb/marcel-vibe/Deepium 2026/MarcelVibe/17/Frost - We Call It House - 2019.mp3"
[EmbedThumbnail] ffmpeg: Adding thumbnail to "/Users/marcelbuian/projects/mb/marcel-vibe/Deepium 2026/MarcelVibe/17/Frost - We Call It House - 2019.mp3"
[youtube] Extracting URL: https://www.youtube.com/watch?v=6bLVxMI1JBI
[youtube] Sleeping 1.0 seconds ...
[youtube] 6bLVxMI1JBI: Downloading webpage
[youtube] Sleeping 1.0 seconds ...
[youtube] 6bLVxMI1JBI: Downloading visionos player API JSON
[youtube] Sleeping 1.0 seconds ...
[youtube] 6bLVxMI1JBI: Downloading m3u8 information
[info] 6bLVxMI1JBI: Downloading 1 format(s): 251
[info] Downloading video thumbnail 44 ...
[info] Writing video thumbnail 44 to: /Users/marcelbuian/projects/mb/marcel-vibe/Deepium 2026/MarcelVibe/17/Oliver Cheatham - Get Down Saturday Night (Rules Remix) - 2023.webp
[ThumbnailsConvertor] Converting thumbnail "/Users/marcelbuian/projects/mb/marcel-vibe/Deepium 2026/MarcelVibe/17/Oliver Cheatham - Get Down Saturday Night (Rules Remix) - 2023.webp" to jpg
Deleting original file /Users/marcelbuian/projects/mb/marcel-vibe/Deepium 2026/MarcelVibe/17/Oliver Cheatham - Get Down Saturday Night (Rules Remix) - 2023.webp (pass -k to keep)
[download] Sleeping 2.92 seconds ...
[download] Destination: /Users/marcelbuian/projects/mb/marcel-vibe/Deepium 2026/MarcelVibe/17/Oliver Cheatham - Get Down Saturday Night (Rules Remix) - 2023.webm

[download]   0.0% of    2.51MiB at  962.66KiB/s ETA 00:02
[download]   0.1% of    2.51MiB at    2.24MiB/s ETA 00:01
[download]   0.3% of    2.51MiB at    4.84MiB/s ETA 00:00
[download]   0.6% of    2.51MiB at    9.72MiB/s ETA 00:00
[download]   1.2% of    2.51MiB at   18.89MiB/s ETA 00:00
[download]   2.5% of    2.51MiB at   35.94MiB/s ETA 00:00
[download]   4.9% of    2.51MiB at   67.93MiB/s ETA 00:00
[download]   9.9% of    2.51MiB at   61.73MiB/s ETA 00:00
[download]  19.9% of    2.51MiB at   59.64MiB/s ETA 00:00
[download]  39.9% of    2.51MiB at   54.35MiB/s ETA 00:00
[download]  79.8% of    2.51MiB at   52.69MiB/s ETA 00:00
[download] 100.0% of    2.51MiB at   50.76MiB/s ETA 00:00
[download] 100% of    2.51MiB in 00:00:00 at 41.78MiB/s  
[ExtractAudio] Destination: /Users/marcelbuian/projects/mb/marcel-vibe/Deepium 2026/MarcelVibe/17/Oliver Cheatham - Get Down Saturday Night (Rules Remix) - 2023.mp3
Deleting original file /Users/marcelbuian/projects/mb/marcel-vibe/Deepium 2026/MarcelVibe/17/Oliver Cheatham - Get Down Saturday Night (Rules Remix) - 2023.webm (pass -k to keep)
[Metadata] Adding metadata to "/Users/marcelbuian/projects/mb/marcel-vibe/Deepium 2026/MarcelVibe/17/Oliver Cheatham - Get Down Saturday Night (Rules Remix) - 2023.mp3"
[EmbedThumbnail] ffmpeg: Adding thumbnail to "/Users/marcelbuian/projects/mb/marcel-vibe/Deepium 2026/MarcelVibe/17/Oliver Cheatham - Get Down Saturday Night (Rules Remix) - 2023.mp3"
Reading URLs from STDIN - EOF (Ctrl+D) to end:

===== 18 (#18 - 2025-09-28 Paradise Bay, Malta) 14:58:31
[youtube] Extracting URL: https://www.youtube.com/watch?v=kVJTEaUJq2A
[youtube] kVJTEaUJq2A: Downloading webpage
[youtube] Sleeping 1.0 seconds ...
[youtube] kVJTEaUJq2A: Downloading visionos player API JSON
Reading URLs from STDIN - EOF (Ctrl+D) to end:
ERROR: [youtube] kVJTEaUJq2A: Video unavailable. This video is not available

===== 19 (#19 - 2025-10-26 Golden Bay, Malta) 15:01:15
[youtube] Extracting URL: https://www.youtube.com/watch?v=UgkkZPOpM6Y
[youtube] UgkkZPOpM6Y: Downloading webpage
[youtube] Sleeping 1.0 seconds ...
[youtube] UgkkZPOpM6Y: Downloading visionos player API JSON
[youtube] Sleeping 1.0 seconds ...
[youtube] UgkkZPOpM6Y: Downloading m3u8 information
[info] UgkkZPOpM6Y: Downloading 1 format(s): 251
[info] Downloading video thumbnail 41 ...
[info] Writing video thumbnail 41 to: /Users/marcelbuian/projects/mb/marcel-vibe/Deepium 2026/MarcelVibe/19/Midi Culture - Oh Mammy - 2020.webp
[ThumbnailsConvertor] Converting thumbnail "/Users/marcelbuian/projects/mb/marcel-vibe/Deepium 2026/MarcelVibe/19/Midi Culture - Oh Mammy - 2020.webp" to jpg
Deleting original file /Users/marcelbuian/projects/mb/marcel-vibe/Deepium 2026/MarcelVibe/19/Midi Culture - Oh Mammy - 2020.webp (pass -k to keep)
[download] Sleeping 2.15 seconds ...
[download] Destination: /Users/marcelbuian/projects/mb/marcel-vibe/Deepium 2026/MarcelVibe/19/Midi Culture - Oh Mammy - 2020.webm

[download]   0.0% of    4.87MiB at  483.33KiB/s ETA 00:10
[download]   0.1% of    4.87MiB at    1.10MiB/s ETA 00:04
[download]   0.1% of    4.87MiB at    2.30MiB/s ETA 00:02
[download]   0.3% of    4.87MiB at    4.60MiB/s ETA 00:01
[download]   0.6% of    4.87MiB at  920.45KiB/s ETA 00:05
[download]   1.3% of    4.87MiB at    1.66MiB/s ETA 00:02
[download]   2.5% of    4.87MiB at    1.72MiB/s ETA 00:02
[download]   5.1% of    4.87MiB at    1.54MiB/s ETA 00:02
[download]  10.2% of    4.87MiB at    1.32MiB/s ETA 00:03
[download]  20.5% of    4.87MiB at  740.08KiB/s ETA 00:05
[download]  30.7% of    4.87MiB at  597.29KiB/s ETA 00:05
[download]  39.4% of    4.87MiB at  514.92KiB/s ETA 00:05
[download]  46.3% of    4.87MiB at  566.60KiB/s ETA 00:04
[download]  60.2% of    4.87MiB at  588.72KiB/s ETA 00:03
[download]  73.7% of    4.87MiB at  594.97KiB/s ETA 00:02
[download]  86.3% of    4.87MiB at  589.57KiB/s ETA 00:01
[download]  97.5% of    4.87MiB at  578.64KiB/s ETA 00:00
[download] 100.0% of    4.87MiB at  580.36KiB/s ETA 00:00
[download] 100% of    4.87MiB in 00:00:08 at 575.12KiB/s 
[ExtractAudio] Destination: /Users/marcelbuian/projects/mb/marcel-vibe/Deepium 2026/MarcelVibe/19/Midi Culture - Oh Mammy - 2020.mp3
Deleting original file /Users/marcelbuian/projects/mb/marcel-vibe/Deepium 2026/MarcelVibe/19/Midi Culture - Oh Mammy - 2020.webm (pass -k to keep)
[Metadata] Adding metadata to "/Users/marcelbuian/projects/mb/marcel-vibe/Deepium 2026/MarcelVibe/19/Midi Culture - Oh Mammy - 2020.mp3"
[EmbedThumbnail] ffmpeg: Adding thumbnail to "/Users/marcelbuian/projects/mb/marcel-vibe/Deepium 2026/MarcelVibe/19/Midi Culture - Oh Mammy - 2020.mp3"
[youtube] Extracting URL: https://www.youtube.com/watch?v=IWId08d3ETw
[youtube] Sleeping 1.0 seconds ...
[youtube] IWId08d3ETw: Downloading webpage
[youtube] Sleeping 1.0 seconds ...
[youtube] IWId08d3ETw: Downloading visionos player API JSON
[youtube] Sleeping 1.0 seconds ...
[youtube] IWId08d3ETw: Downloading m3u8 information
[info] IWId08d3ETw: Downloading 1 format(s): 251
[info] Downloading video thumbnail 41 ...
[info] Writing video thumbnail 41 to: /Users/marcelbuian/projects/mb/marcel-vibe/Deepium 2026/MarcelVibe/19/Dj Dark & MD Dj - Isla Bonita (Extended) - 2022.webp
[ThumbnailsConvertor] Converting thumbnail "/Users/marcelbuian/projects/mb/marcel-vibe/Deepium 2026/MarcelVibe/19/Dj Dark & MD Dj - Isla Bonita (Extended) - 2022.webp" to jpg
Deleting original file /Users/marcelbuian/projects/mb/marcel-vibe/Deepium 2026/MarcelVibe/19/Dj Dark & MD Dj - Isla Bonita (Extended) - 2022.webp (pass -k to keep)
[download] Sleeping 2.11 seconds ...
[download] Destination: /Users/marcelbuian/projects/mb/marcel-vibe/Deepium 2026/MarcelVibe/19/Dj Dark & MD Dj - Isla Bonita (Extended) - 2022.webm

[download]   0.0% of    4.56MiB at  Unknown B/s ETA Unknown
[download]   0.1% of    4.56MiB at  Unknown B/s ETA Unknown
[download]   0.1% of    4.56MiB at    6.57MiB/s ETA 00:00  
[download]   0.3% of    4.56MiB at   10.49MiB/s ETA 00:00
[download]   0.7% of    4.56MiB at    5.93MiB/s ETA 00:00
[download]   1.3% of    4.56MiB at    6.52MiB/s ETA 00:00
[download]   2.7% of    4.56MiB at    3.38MiB/s ETA 00:01
[download]   5.5% of    4.56MiB at    3.21MiB/s ETA 00:01
[download]  10.9% of    4.56MiB at    4.24MiB/s ETA 00:00
[download]  21.9% of    4.56MiB at    6.27MiB/s ETA 00:00
[download]  43.8% of    4.56MiB at    8.90MiB/s ETA 00:00
[download]  87.6% of    4.56MiB at   14.34MiB/s ETA 00:00
[download] 100.0% of    4.56MiB at   12.15MiB/s ETA 00:00
[download] 100% of    4.56MiB in 00:00:00 at 6.14MiB/s   
[ExtractAudio] Destination: /Users/marcelbuian/projects/mb/marcel-vibe/Deepium 2026/MarcelVibe/19/Dj Dark & MD Dj - Isla Bonita (Extended) - 2022.mp3
Deleting original file /Users/marcelbuian/projects/mb/marcel-vibe/Deepium 2026/MarcelVibe/19/Dj Dark & MD Dj - Isla Bonita (Extended) - 2022.webm (pass -k to keep)
[Metadata] Adding metadata to "/Users/marcelbuian/projects/mb/marcel-vibe/Deepium 2026/MarcelVibe/19/Dj Dark & MD Dj - Isla Bonita (Extended) - 2022.mp3"
[EmbedThumbnail] ffmpeg: Adding thumbnail to "/Users/marcelbuian/projects/mb/marcel-vibe/Deepium 2026/MarcelVibe/19/Dj Dark & MD Dj - Isla Bonita (Extended) - 2022.mp3"
[youtube] Extracting URL: https://www.youtube.com/watch?v=KiIc54yyktw
[youtube] Sleeping 1.0 seconds ...
[youtube] KiIc54yyktw: Downloading webpage
[youtube] Sleeping 1.0 seconds ...
[youtube] KiIc54yyktw: Downloading visionos player API JSON
[youtube] Sleeping 1.0 seconds ...
[youtube] KiIc54yyktw: Downloading m3u8 information
[info] KiIc54yyktw: Downloading 1 format(s): 251
[info] Downloading video thumbnail 41 ...
[info] Video Thumbnail 41 does not exist
[info] Downloading video thumbnail 40 ...
[info] Video Thumbnail 40 does not exist
[info] Downloading video thumbnail 39 ...
[info] Video Thumbnail 39 does not exist
[info] Downloading video thumbnail 38 ...
[info] Video Thumbnail 38 does not exist
[info] Downloading video thumbnail 37 ...
[info] Writing video thumbnail 37 to: /Users/marcelbuian/projects/mb/marcel-vibe/Deepium 2026/MarcelVibe/19/HUGEL x Topic x Arash feat. Daecolm - I Adore You (Visualizer) - 2024.webp
[ThumbnailsConvertor] Converting thumbnail "/Users/marcelbuian/projects/mb/marcel-vibe/Deepium 2026/MarcelVibe/19/HUGEL x Topic x Arash feat. Daecolm - I Adore You (Visualizer) - 2024.webp" to jpg
Deleting original file /Users/marcelbuian/projects/mb/marcel-vibe/Deepium 2026/MarcelVibe/19/HUGEL x Topic x Arash feat. Daecolm - I Adore You (Visualizer) - 2024.webp (pass -k to keep)
[download] Sleeping 1.39 seconds ...
[download] Destination: /Users/marcelbuian/projects/mb/marcel-vibe/Deepium 2026/MarcelVibe/19/HUGEL x Topic x Arash feat. Daecolm - I Adore You (Visualizer) - 2024.webm

[download]   0.0% of    3.38MiB at  467.70KiB/s ETA 00:07
[download]   0.1% of    3.38MiB at    1.10MiB/s ETA 00:03
[download]   0.2% of    3.38MiB at    2.33MiB/s ETA 00:01
[download]   0.4% of    3.38MiB at    4.61MiB/s ETA 00:00
[download]   0.9% of    3.38MiB at    4.57MiB/s ETA 00:00
[download]   1.8% of    3.38MiB at    4.61MiB/s ETA 00:00
[download]   3.7% of    3.38MiB at    7.90MiB/s ETA 00:00
[download]   7.4% of    3.38MiB at   10.04MiB/s ETA 00:00
[download]  14.8% of    3.38MiB at   14.69MiB/s ETA 00:00
[download]  29.5% of    3.38MiB at   15.21MiB/s ETA 00:00
[download]  59.1% of    3.38MiB at   14.96MiB/s ETA 00:00
[download] 100.0% of    3.38MiB at    9.93MiB/s ETA 00:00
[download] 100% of    3.38MiB in 00:00:00 at 7.98MiB/s   
[ExtractAudio] Destination: /Users/marcelbuian/projects/mb/marcel-vibe/Deepium 2026/MarcelVibe/19/HUGEL x Topic x Arash feat. Daecolm - I Adore You (Visualizer) - 2024.mp3
Deleting original file /Users/marcelbuian/projects/mb/marcel-vibe/Deepium 2026/MarcelVibe/19/HUGEL x Topic x Arash feat. Daecolm - I Adore You (Visualizer) - 2024.webm (pass -k to keep)
[Metadata] Adding metadata to "/Users/marcelbuian/projects/mb/marcel-vibe/Deepium 2026/MarcelVibe/19/HUGEL x Topic x Arash feat. Daecolm - I Adore You (Visualizer) - 2024.mp3"
[EmbedThumbnail] ffmpeg: Adding thumbnail to "/Users/marcelbuian/projects/mb/marcel-vibe/Deepium 2026/MarcelVibe/19/HUGEL x Topic x Arash feat. Daecolm - I Adore You (Visualizer) - 2024.mp3"
[youtube] Extracting URL: https://www.youtube.com/watch?v=_7Ir0ScYZYc
[youtube] Sleeping 1.0 seconds ...
[youtube] _7Ir0ScYZYc: Downloading webpage
[youtube] Sleeping 1.0 seconds ...
[youtube] _7Ir0ScYZYc: Downloading visionos player API JSON
[youtube] Sleeping 1.0 seconds ...
[youtube] _7Ir0ScYZYc: Downloading m3u8 information
[info] _7Ir0ScYZYc: Downloading 1 format(s): 251
[info] Downloading video thumbnail 41 ...
[info] Writing video thumbnail 41 to: /Users/marcelbuian/projects/mb/marcel-vibe/Deepium 2026/MarcelVibe/19/Andre Rizo - Colindul Cerbui (feat. Narcia Suciu) - 2016.webp
[ThumbnailsConvertor] Converting thumbnail "/Users/marcelbuian/projects/mb/marcel-vibe/Deepium 2026/MarcelVibe/19/Andre Rizo - Colindul Cerbui (feat. Narcia Suciu) - 2016.webp" to jpg
Deleting original file /Users/marcelbuian/projects/mb/marcel-vibe/Deepium 2026/MarcelVibe/19/Andre Rizo - Colindul Cerbui (feat. Narcia Suciu) - 2016.webp (pass -k to keep)
[download] Sleeping 1.95 seconds ...
[download] Destination: /Users/marcelbuian/projects/mb/marcel-vibe/Deepium 2026/MarcelVibe/19/Andre Rizo - Colindul Cerbui (feat. Narcia Suciu) - 2016.webm

[download]   0.0% of    4.57MiB at  Unknown B/s ETA Unknown
[download]   0.1% of    4.57MiB at  Unknown B/s ETA Unknown
[download]   0.1% of    4.57MiB at    5.55MiB/s ETA 00:00  
[download]   0.3% of    4.57MiB at   10.24MiB/s ETA 00:00
[download]   0.7% of    4.57MiB at    8.35MiB/s ETA 00:00
[download]   1.3% of    4.57MiB at    6.70MiB/s ETA 00:00
[download]   2.7% of    4.57MiB at    7.68MiB/s ETA 00:00
[download]   5.5% of    4.57MiB at   10.21MiB/s ETA 00:00
[download]  10.9% of    4.57MiB at   14.49MiB/s ETA 00:00
[download]  21.9% of    4.57MiB at   21.39MiB/s ETA 00:00
[download]  43.8% of    4.57MiB at   30.08MiB/s ETA 00:00
[download]  87.5% of    4.57MiB at   37.36MiB/s ETA 00:00
[download] 100.0% of    4.57MiB at   37.84MiB/s ETA 00:00
[download] 100% of    4.57MiB in 00:00:00 at 25.91MiB/s  
[ExtractAudio] Destination: /Users/marcelbuian/projects/mb/marcel-vibe/Deepium 2026/MarcelVibe/19/Andre Rizo - Colindul Cerbui (feat. Narcia Suciu) - 2016.mp3
Deleting original file /Users/marcelbuian/projects/mb/marcel-vibe/Deepium 2026/MarcelVibe/19/Andre Rizo - Colindul Cerbui (feat. Narcia Suciu) - 2016.webm (pass -k to keep)
[Metadata] Adding metadata to "/Users/marcelbuian/projects/mb/marcel-vibe/Deepium 2026/MarcelVibe/19/Andre Rizo - Colindul Cerbui (feat. Narcia Suciu) - 2016.mp3"
[EmbedThumbnail] ffmpeg: Adding thumbnail to "/Users/marcelbuian/projects/mb/marcel-vibe/Deepium 2026/MarcelVibe/19/Andre Rizo - Colindul Cerbui (feat. Narcia Suciu) - 2016.mp3"
[youtube] Extracting URL: https://www.youtube.com/watch?v=ub_PgsqJ_wE
[youtube] Sleeping 1.0 seconds ...
[youtube] ub_PgsqJ_wE: Downloading webpage
[youtube] Sleeping 1.0 seconds ...
[youtube] ub_PgsqJ_wE: Downloading visionos player API JSON
[youtube] Sleeping 1.0 seconds ...
[youtube] ub_PgsqJ_wE: Downloading m3u8 information
[info] ub_PgsqJ_wE: Downloading 1 format(s): 251
[info] Downloading video thumbnail 43 ...
[info] Video Thumbnail 43 does not exist
[info] Downloading video thumbnail 42 ...
[info] Video Thumbnail 42 does not exist
[info] Downloading video thumbnail 41 ...
[info] Video Thumbnail 41 does not exist
[info] Downloading video thumbnail 40 ...
[info] Video Thumbnail 40 does not exist
[info] Downloading video thumbnail 39 ...
[info] Writing video thumbnail 39 to: /Users/marcelbuian/projects/mb/marcel-vibe/Deepium 2026/MarcelVibe/19/Mat Joe -  Make A Living (Original Mix) - 2015.webp
[ThumbnailsConvertor] Converting thumbnail "/Users/marcelbuian/projects/mb/marcel-vibe/Deepium 2026/MarcelVibe/19/Mat Joe -  Make A Living (Original Mix) - 2015.webp" to jpg
Deleting original file /Users/marcelbuian/projects/mb/marcel-vibe/Deepium 2026/MarcelVibe/19/Mat Joe -  Make A Living (Original Mix) - 2015.webp (pass -k to keep)
[download] Sleeping 1.56 seconds ...
[download] Destination: /Users/marcelbuian/projects/mb/marcel-vibe/Deepium 2026/MarcelVibe/19/Mat Joe -  Make A Living (Original Mix) - 2015.webm

[download]   0.0% of    6.67MiB at   97.68KiB/s ETA 01:10
[download]   0.0% of    6.67MiB at  277.32KiB/s ETA 00:24
[download]   0.1% of    6.67MiB at  636.42KiB/s ETA 00:10
[download]   0.2% of    6.67MiB at    1.31MiB/s ETA 00:05
[download]   0.5% of    6.67MiB at    2.67MiB/s ETA 00:02
[download]   0.9% of    6.67MiB at    5.33MiB/s ETA 00:01
[download]   1.9% of    6.67MiB at    8.99MiB/s ETA 00:00
[download]   3.7% of    6.67MiB at    6.38MiB/s ETA 00:01
[download]   7.5% of    6.67MiB at    6.99MiB/s ETA 00:00
[download]  15.0% of    6.67MiB at    6.40MiB/s ETA 00:00
[download]  30.0% of    6.67MiB at    2.03MiB/s ETA 00:02
[download]  48.0% of    6.67MiB at    1.04MiB/s ETA 00:03
[download]  57.1% of    6.67MiB at  877.52KiB/s ETA 00:03
[download]  63.7% of    6.67MiB at  753.99KiB/s ETA 00:03
[download]  68.7% of    6.67MiB at  705.86KiB/s ETA 00:03
[download]  74.4% of    6.67MiB at  700.48KiB/s ETA 00:02
[download]  83.8% of    6.67MiB at  620.38KiB/s ETA 00:01
[download]  88.5% of    6.67MiB at  591.93KiB/s ETA 00:01
[download]  93.3% of    6.67MiB at  587.40KiB/s ETA 00:00
[download] 100.0% of    6.67MiB at  590.22KiB/s ETA 00:00
[download] 100% of    6.67MiB in 00:00:12 at 568.42KiB/s 
[ExtractAudio] Destination: /Users/marcelbuian/projects/mb/marcel-vibe/Deepium 2026/MarcelVibe/19/Mat Joe -  Make A Living (Original Mix) - 2015.mp3
Deleting original file /Users/marcelbuian/projects/mb/marcel-vibe/Deepium 2026/MarcelVibe/19/Mat Joe -  Make A Living (Original Mix) - 2015.webm (pass -k to keep)
[Metadata] Adding metadata to "/Users/marcelbuian/projects/mb/marcel-vibe/Deepium 2026/MarcelVibe/19/Mat Joe -  Make A Living (Original Mix) - 2015.mp3"
[EmbedThumbnail] ffmpeg: Adding thumbnail to "/Users/marcelbuian/projects/mb/marcel-vibe/Deepium 2026/MarcelVibe/19/Mat Joe -  Make A Living (Original Mix) - 2015.mp3"
[youtube] Extracting URL: https://www.youtube.com/watch?v=wVMob13z6p0
[youtube] Sleeping 1.0 seconds ...
[youtube] wVMob13z6p0: Downloading webpage
[youtube] Sleeping 1.0 seconds ...
[youtube] wVMob13z6p0: Downloading visionos player API JSON
[youtube] Sleeping 1.0 seconds ...
[youtube] wVMob13z6p0: Downloading m3u8 information
[info] wVMob13z6p0: Downloading 1 format(s): 251
[info] Downloading video thumbnail 41 ...
[info] Video Thumbnail 41 does not exist
[info] Downloading video thumbnail 40 ...
[info] Video Thumbnail 40 does not exist
[info] Downloading video thumbnail 39 ...
[info] Video Thumbnail 39 does not exist
[info] Downloading video thumbnail 38 ...
[info] Video Thumbnail 38 does not exist
[info] Downloading video thumbnail 37 ...
[info] Writing video thumbnail 37 to: /Users/marcelbuian/projects/mb/marcel-vibe/Deepium 2026/MarcelVibe/19/Carla’s Dreams - Sub Pielea Mea (Midi Culture Remix) ｜ #eroina ｜ Official video - 2016.webp
[ThumbnailsConvertor] Converting thumbnail "/Users/marcelbuian/projects/mb/marcel-vibe/Deepium 2026/MarcelVibe/19/Carla’s Dreams - Sub Pielea Mea (Midi Culture Remix) ｜ #eroina ｜ Official video - 2016.webp" to jpg
Deleting original file /Users/marcelbuian/projects/mb/marcel-vibe/Deepium 2026/MarcelVibe/19/Carla’s Dreams - Sub Pielea Mea (Midi Culture Remix) ｜ #eroina ｜ Official video - 2016.webp (pass -k to keep)
[download] Sleeping 1.40 seconds ...
[download] Destination: /Users/marcelbuian/projects/mb/marcel-vibe/Deepium 2026/MarcelVibe/19/Carla’s Dreams - Sub Pielea Mea (Midi Culture Remix) ｜ #eroina ｜ Official video - 2016.webm

[download]   0.0% of    3.60MiB at  441.13KiB/s ETA 00:08
[download]   0.1% of    3.60MiB at    1.05MiB/s ETA 00:03
[download]   0.2% of    3.60MiB at    2.27MiB/s ETA 00:01
[download]   0.4% of    3.60MiB at    4.60MiB/s ETA 00:00
[download]   0.8% of    3.60MiB at    4.27MiB/s ETA 00:00
[download]   1.7% of    3.60MiB at    4.96MiB/s ETA 00:00
[download]   3.4% of    3.60MiB at    7.34MiB/s ETA 00:00
[download]   6.9% of    3.60MiB at    9.67MiB/s ETA 00:00
[download]  13.9% of    3.60MiB at    9.80MiB/s ETA 00:00
[download]  27.7% of    3.60MiB at   19.03MiB/s ETA 00:00
[download]  55.5% of    3.60MiB at   25.25MiB/s ETA 00:00
[download] 100.0% of    3.60MiB at   29.28MiB/s ETA 00:00
[download] 100% of    3.60MiB in 00:00:00 at 24.00MiB/s  
[ExtractAudio] Destination: /Users/marcelbuian/projects/mb/marcel-vibe/Deepium 2026/MarcelVibe/19/Carla’s Dreams - Sub Pielea Mea (Midi Culture Remix) ｜ #eroina ｜ Official video - 2016.mp3
Deleting original file /Users/marcelbuian/projects/mb/marcel-vibe/Deepium 2026/MarcelVibe/19/Carla’s Dreams - Sub Pielea Mea (Midi Culture Remix) ｜ #eroina ｜ Official video - 2016.webm (pass -k to keep)
[Metadata] Adding metadata to "/Users/marcelbuian/projects/mb/marcel-vibe/Deepium 2026/MarcelVibe/19/Carla’s Dreams - Sub Pielea Mea (Midi Culture Remix) ｜ #eroina ｜ Official video - 2016.mp3"
[EmbedThumbnail] ffmpeg: Adding thumbnail to "/Users/marcelbuian/projects/mb/marcel-vibe/Deepium 2026/MarcelVibe/19/Carla’s Dreams - Sub Pielea Mea (Midi Culture Remix) ｜ #eroina ｜ Official video - 2016.mp3"
[youtube] Extracting URL: https://www.youtube.com/watch?v=zcFGYuJDTY0
[youtube] Sleeping 1.0 seconds ...
[youtube] zcFGYuJDTY0: Downloading webpage
[youtube] Sleeping 1.0 seconds ...
[youtube] zcFGYuJDTY0: Downloading visionos player API JSON
[youtube] Sleeping 1.0 seconds ...
[youtube] zcFGYuJDTY0: Downloading m3u8 information
[info] zcFGYuJDTY0: Downloading 1 format(s): 251
[info] Downloading video thumbnail 41 ...
[info] Writing video thumbnail 41 to: /Users/marcelbuian/projects/mb/marcel-vibe/Deepium 2026/MarcelVibe/19/Hugel, Cumbiafrica - Morenita (feat. Cumbiafrica) (Extended Mix) - 2021.webp
[ThumbnailsConvertor] Converting thumbnail "/Users/marcelbuian/projects/mb/marcel-vibe/Deepium 2026/MarcelVibe/19/Hugel, Cumbiafrica - Morenita (feat. Cumbiafrica) (Extended Mix) - 2021.webp" to jpg
Deleting original file /Users/marcelbuian/projects/mb/marcel-vibe/Deepium 2026/MarcelVibe/19/Hugel, Cumbiafrica - Morenita (feat. Cumbiafrica) (Extended Mix) - 2021.webp (pass -k to keep)
[download] Sleeping 1.58 seconds ...
[download] Destination: /Users/marcelbuian/projects/mb/marcel-vibe/Deepium 2026/MarcelVibe/19/Hugel, Cumbiafrica - Morenita (feat. Cumbiafrica) (Extended Mix) - 2021.webm

[download]   0.0% of    6.35MiB at   89.09KiB/s ETA 01:13
[download]   0.0% of    6.35MiB at  254.28KiB/s ETA 00:25
[download]   0.1% of    6.35MiB at  545.47KiB/s ETA 00:11
[download]   0.2% of    6.35MiB at    1.12MiB/s ETA 00:05
[download]   0.5% of    6.35MiB at  958.90KiB/s ETA 00:06
[download]   1.0% of    6.35MiB at    1.87MiB/s ETA 00:03
[download]   2.0% of    6.35MiB at    3.74MiB/s ETA 00:01
[download]   3.9% of    6.35MiB at    4.74MiB/s ETA 00:01
[download]   7.9% of    6.35MiB at    5.23MiB/s ETA 00:01
[download]  15.7% of    6.35MiB at    3.98MiB/s ETA 00:01
[download]  31.5% of    6.35MiB at    1.88MiB/s ETA 00:02
[download]  50.9% of    6.35MiB at    1.00MiB/s ETA 00:03
[download]  60.6% of    6.35MiB at  928.29KiB/s ETA 00:02
[download]  70.2% of    6.35MiB at  874.96KiB/s ETA 00:02
[download]  80.0% of    6.35MiB at  794.70KiB/s ETA 00:01
[download]  87.4% of    6.35MiB at  707.39KiB/s ETA 00:01
[download]  92.4% of    6.35MiB at  695.66KiB/s ETA 00:00
[download] 100.0% of    6.35MiB at  694.52KiB/s ETA 00:00
[download] 100% of    6.35MiB in 00:00:09 at 685.41KiB/s 
[ExtractAudio] Destination: /Users/marcelbuian/projects/mb/marcel-vibe/Deepium 2026/MarcelVibe/19/Hugel, Cumbiafrica - Morenita (feat. Cumbiafrica) (Extended Mix) - 2021.mp3
Deleting original file /Users/marcelbuian/projects/mb/marcel-vibe/Deepium 2026/MarcelVibe/19/Hugel, Cumbiafrica - Morenita (feat. Cumbiafrica) (Extended Mix) - 2021.webm (pass -k to keep)
[Metadata] Adding metadata to "/Users/marcelbuian/projects/mb/marcel-vibe/Deepium 2026/MarcelVibe/19/Hugel, Cumbiafrica - Morenita (feat. Cumbiafrica) (Extended Mix) - 2021.mp3"
[EmbedThumbnail] ffmpeg: Adding thumbnail to "/Users/marcelbuian/projects/mb/marcel-vibe/Deepium 2026/MarcelVibe/19/Hugel, Cumbiafrica - Morenita (feat. Cumbiafrica) (Extended Mix) - 2021.mp3"
[youtube] Extracting URL: https://www.youtube.com/watch?v=ilM0QzRfaT0
[youtube] Sleeping 1.0 seconds ...
[youtube] ilM0QzRfaT0: Downloading webpage
[youtube] Sleeping 1.0 seconds ...
[youtube] ilM0QzRfaT0: Downloading visionos player API JSON
[youtube] Sleeping 1.0 seconds ...
[youtube] ilM0QzRfaT0: Downloading m3u8 information
[info] ilM0QzRfaT0: Downloading 1 format(s): 251
[info] Downloading video thumbnail 44 ...
[info] Writing video thumbnail 44 to: /Users/marcelbuian/projects/mb/marcel-vibe/Deepium 2026/MarcelVibe/19/Franky Rizardo & Ros T ft Eunice Collins  - Out The Fire (At The Hotel) - 2021.webp
[ThumbnailsConvertor] Converting thumbnail "/Users/marcelbuian/projects/mb/marcel-vibe/Deepium 2026/MarcelVibe/19/Franky Rizardo & Ros T ft Eunice Collins  - Out The Fire (At The Hotel) - 2021.webp" to jpg
Deleting original file /Users/marcelbuian/projects/mb/marcel-vibe/Deepium 2026/MarcelVibe/19/Franky Rizardo & Ros T ft Eunice Collins  - Out The Fire (At The Hotel) - 2021.webp (pass -k to keep)
[download] Sleeping 2.11 seconds ...
[download] Destination: /Users/marcelbuian/projects/mb/marcel-vibe/Deepium 2026/MarcelVibe/19/Franky Rizardo & Ros T ft Eunice Collins  - Out The Fire (At The Hotel) - 2021.webm

[download]   0.0% of    2.97MiB at   95.48KiB/s ETA 00:31
[download]   0.1% of    2.97MiB at  271.79KiB/s ETA 00:11
[download]   0.2% of    2.97MiB at  623.45KiB/s ETA 00:04
[download]   0.5% of    2.97MiB at    1.29MiB/s ETA 00:02
[download]   1.0% of    2.97MiB at    2.02MiB/s ETA 00:01
[download]   2.1% of    2.97MiB at    3.00MiB/s ETA 00:00
[download]   4.2% of    2.97MiB at    3.27MiB/s ETA 00:00
[download]   8.4% of    2.97MiB at    3.36MiB/s ETA 00:00
[download]  16.8% of    2.97MiB at    4.40MiB/s ETA 00:00
[download]  33.6% of    2.97MiB at    6.39MiB/s ETA 00:00
[download]  67.3% of    2.97MiB at    8.99MiB/s ETA 00:00
[download] 100.0% of    2.97MiB at   11.25MiB/s ETA 00:00
[download] 100% of    2.97MiB in 00:00:00 at 5.03MiB/s   
[ExtractAudio] Destination: /Users/marcelbuian/projects/mb/marcel-vibe/Deepium 2026/MarcelVibe/19/Franky Rizardo & Ros T ft Eunice Collins  - Out The Fire (At The Hotel) - 2021.mp3
Deleting original file /Users/marcelbuian/projects/mb/marcel-vibe/Deepium 2026/MarcelVibe/19/Franky Rizardo & Ros T ft Eunice Collins  - Out The Fire (At The Hotel) - 2021.webm (pass -k to keep)
[Metadata] Adding metadata to "/Users/marcelbuian/projects/mb/marcel-vibe/Deepium 2026/MarcelVibe/19/Franky Rizardo & Ros T ft Eunice Collins  - Out The Fire (At The Hotel) - 2021.mp3"
[EmbedThumbnail] ffmpeg: Adding thumbnail to "/Users/marcelbuian/projects/mb/marcel-vibe/Deepium 2026/MarcelVibe/19/Franky Rizardo & Ros T ft Eunice Collins  - Out The Fire (At The Hotel) - 2021.mp3"
[youtube] Extracting URL: https://www.youtube.com/watch?v=-SLc9v10wV4
[youtube] Sleeping 1.0 seconds ...
[youtube] -SLc9v10wV4: Downloading webpage
[youtube] Sleeping 1.0 seconds ...
[youtube] -SLc9v10wV4: Downloading visionos player API JSON
[youtube] Sleeping 1.0 seconds ...
[youtube] -SLc9v10wV4: Downloading m3u8 information
[info] -SLc9v10wV4: Downloading 1 format(s): 251
[info] Downloading video thumbnail 44 ...
[info] Writing video thumbnail 44 to: /Users/marcelbuian/projects/mb/marcel-vibe/Deepium 2026/MarcelVibe/19/ANOTR, Abel Balder - Relax My Eyes (Lyric Video 4K) - 2023.webp
[ThumbnailsConvertor] Converting thumbnail "/Users/marcelbuian/projects/mb/marcel-vibe/Deepium 2026/MarcelVibe/19/ANOTR, Abel Balder - Relax My Eyes (Lyric Video 4K) - 2023.webp" to jpg
Deleting original file /Users/marcelbuian/projects/mb/marcel-vibe/Deepium 2026/MarcelVibe/19/ANOTR, Abel Balder - Relax My Eyes (Lyric Video 4K) - 2023.webp (pass -k to keep)
[download] Sleeping 1.99 seconds ...
[download] Destination: /Users/marcelbuian/projects/mb/marcel-vibe/Deepium 2026/MarcelVibe/19/ANOTR, Abel Balder - Relax My Eyes (Lyric Video 4K) - 2023.webm

[download]   0.0% of    3.77MiB at  426.60KiB/s ETA 00:09
[download]   0.1% of    3.77MiB at    1.05MiB/s ETA 00:03
[download]   0.2% of    3.77MiB at    2.25MiB/s ETA 00:01
[download]   0.4% of    3.77MiB at    4.49MiB/s ETA 00:00
[download]   0.8% of    3.77MiB at    4.01MiB/s ETA 00:00
[download]   1.6% of    3.77MiB at    4.67MiB/s ETA 00:00
[download]   3.3% of    3.77MiB at    7.91MiB/s ETA 00:00
[download]   6.6% of    3.77MiB at    9.57MiB/s ETA 00:00
[download]  13.2% of    3.77MiB at   13.74MiB/s ETA 00:00
[download]  26.5% of    3.77MiB at   20.64MiB/s ETA 00:00
[download]  53.0% of    3.77MiB at   26.81MiB/s ETA 00:00
[download] 100.0% of    3.77MiB at   31.65MiB/s ETA 00:00
[download] 100% of    3.77MiB in 00:00:00 at 20.09MiB/s  
[ExtractAudio] Destination: /Users/marcelbuian/projects/mb/marcel-vibe/Deepium 2026/MarcelVibe/19/ANOTR, Abel Balder - Relax My Eyes (Lyric Video 4K) - 2023.mp3
Deleting original file /Users/marcelbuian/projects/mb/marcel-vibe/Deepium 2026/MarcelVibe/19/ANOTR, Abel Balder - Relax My Eyes (Lyric Video 4K) - 2023.webm (pass -k to keep)
[Metadata] Adding metadata to "/Users/marcelbuian/projects/mb/marcel-vibe/Deepium 2026/MarcelVibe/19/ANOTR, Abel Balder - Relax My Eyes (Lyric Video 4K) - 2023.mp3"
[EmbedThumbnail] ffmpeg: Adding thumbnail to "/Users/marcelbuian/projects/mb/marcel-vibe/Deepium 2026/MarcelVibe/19/ANOTR, Abel Balder - Relax My Eyes (Lyric Video 4K) - 2023.mp3"
[youtube] Extracting URL: https://www.youtube.com/watch?v=6MDuf8sW-NI
[youtube] Sleeping 1.0 seconds ...
[youtube] 6MDuf8sW-NI: Downloading webpage
[youtube] Sleeping 1.0 seconds ...
[youtube] 6MDuf8sW-NI: Downloading visionos player API JSON
[youtube] Sleeping 1.0 seconds ...
[youtube] 6MDuf8sW-NI: Downloading m3u8 information
[info] 6MDuf8sW-NI: Downloading 1 format(s): 251
[info] Downloading video thumbnail 41 ...
[info] Writing video thumbnail 41 to: /Users/marcelbuian/projects/mb/marcel-vibe/Deepium 2026/MarcelVibe/19/Something Good, YOTTO - Rhythm (Of The Night) (Extended Mix) - 2022.webp
[ThumbnailsConvertor] Converting thumbnail "/Users/marcelbuian/projects/mb/marcel-vibe/Deepium 2026/MarcelVibe/19/Something Good, YOTTO - Rhythm (Of The Night) (Extended Mix) - 2022.webp" to jpg
Deleting original file /Users/marcelbuian/projects/mb/marcel-vibe/Deepium 2026/MarcelVibe/19/Something Good, YOTTO - Rhythm (Of The Night) (Extended Mix) - 2022.webp (pass -k to keep)
[download] Sleeping 2.05 seconds ...
[download] Destination: /Users/marcelbuian/projects/mb/marcel-vibe/Deepium 2026/MarcelVibe/19/Something Good, YOTTO - Rhythm (Of The Night) (Extended Mix) - 2022.webm

[download]   0.0% of    6.49MiB at  514.07KiB/s ETA 00:13
[download]   0.0% of    6.49MiB at    1.14MiB/s ETA 00:05
[download]   0.1% of    6.49MiB at    2.43MiB/s ETA 00:02
[download]   0.2% of    6.49MiB at    4.90MiB/s ETA 00:01
[download]   0.5% of    6.49MiB at    4.47MiB/s ETA 00:01
[download]   0.9% of    6.49MiB at    4.66MiB/s ETA 00:01
[download]   1.9% of    6.49MiB at    8.08MiB/s ETA 00:00
[download]   3.8% of    6.49MiB at   11.70MiB/s ETA 00:00
[download]   7.7% of    6.49MiB at   15.21MiB/s ETA 00:00
[download]  15.4% of    6.49MiB at   24.03MiB/s ETA 00:00
[download]  30.8% of    6.49MiB at   24.81MiB/s ETA 00:00
[download]  61.6% of    6.49MiB at   32.63MiB/s ETA 00:00
[download] 100.0% of    6.49MiB at   30.07MiB/s ETA 00:00
[download] 100% of    6.49MiB in 00:00:00 at 16.70MiB/s  
[ExtractAudio] Destination: /Users/marcelbuian/projects/mb/marcel-vibe/Deepium 2026/MarcelVibe/19/Something Good, YOTTO - Rhythm (Of The Night) (Extended Mix) - 2022.mp3
Deleting original file /Users/marcelbuian/projects/mb/marcel-vibe/Deepium 2026/MarcelVibe/19/Something Good, YOTTO - Rhythm (Of The Night) (Extended Mix) - 2022.webm (pass -k to keep)
[Metadata] Adding metadata to "/Users/marcelbuian/projects/mb/marcel-vibe/Deepium 2026/MarcelVibe/19/Something Good, YOTTO - Rhythm (Of The Night) (Extended Mix) - 2022.mp3"
[EmbedThumbnail] ffmpeg: Adding thumbnail to "/Users/marcelbuian/projects/mb/marcel-vibe/Deepium 2026/MarcelVibe/19/Something Good, YOTTO - Rhythm (Of The Night) (Extended Mix) - 2022.mp3"
[youtube] Extracting URL: https://www.youtube.com/watch?v=Hik3-V3Uzto
[youtube] Sleeping 1.0 seconds ...
[youtube] Hik3-V3Uzto: Downloading webpage
[youtube] Sleeping 1.0 seconds ...
[youtube] Hik3-V3Uzto: Downloading visionos player API JSON
[youtube] Extracting URL: https://www.youtube.com/watch?v=57VMB1IzLKY
[youtube] Sleeping 1.0 seconds ...
[youtube] 57VMB1IzLKY: Downloading webpage
[youtube] Sleeping 1.0 seconds ...
[youtube] 57VMB1IzLKY: Downloading visionos player API JSON
[youtube] Sleeping 1.0 seconds ...
[youtube] 57VMB1IzLKY: Downloading m3u8 information
[info] 57VMB1IzLKY: Downloading 1 format(s): 251
[info] Downloading video thumbnail 43 ...
[info] Writing video thumbnail 43 to: /Users/marcelbuian/projects/mb/marcel-vibe/Deepium 2026/MarcelVibe/19/CYRIL - Stumblin' In (Official Music Video) - 2024.webp
[ThumbnailsConvertor] Converting thumbnail "/Users/marcelbuian/projects/mb/marcel-vibe/Deepium 2026/MarcelVibe/19/CYRIL - Stumblin' In (Official Music Video) - 2024.webp" to jpg
Deleting original file /Users/marcelbuian/projects/mb/marcel-vibe/Deepium 2026/MarcelVibe/19/CYRIL - Stumblin' In (Official Music Video) - 2024.webp (pass -k to keep)
[download] Sleeping 1.71 seconds ...
[download] Destination: /Users/marcelbuian/projects/mb/marcel-vibe/Deepium 2026/MarcelVibe/19/CYRIL - Stumblin' In (Official Music Video) - 2024.webm

[download]   0.0% of    3.47MiB at  Unknown B/s ETA Unknown
[download]   0.1% of    3.47MiB at    2.10MiB/s ETA 00:01  
[download]   0.2% of    3.47MiB at    4.28MiB/s ETA 00:00
[download]   0.4% of    3.47MiB at    8.19MiB/s ETA 00:00
[download]   0.9% of    3.47MiB at   14.56MiB/s ETA 00:00
[download]   1.8% of    3.47MiB at   22.80MiB/s ETA 00:00
[download]   3.6% of    3.47MiB at   40.18MiB/s ETA 00:00
[download]   7.2% of    3.47MiB at   64.82MiB/s ETA 00:00
[download]  14.4% of    3.47MiB at   53.49MiB/s ETA 00:00
[download]  28.8% of    3.47MiB at   52.38MiB/s ETA 00:00
[download]  57.7% of    3.47MiB at   53.23MiB/s ETA 00:00
[download] 100.0% of    3.47MiB at   53.14MiB/s ETA 00:00
[download] 100% of    3.47MiB in 00:00:00 at 33.40MiB/s  
[ExtractAudio] Destination: /Users/marcelbuian/projects/mb/marcel-vibe/Deepium 2026/MarcelVibe/19/CYRIL - Stumblin' In (Official Music Video) - 2024.mp3
Deleting original file /Users/marcelbuian/projects/mb/marcel-vibe/Deepium 2026/MarcelVibe/19/CYRIL - Stumblin' In (Official Music Video) - 2024.webm (pass -k to keep)
[Metadata] Adding metadata to "/Users/marcelbuian/projects/mb/marcel-vibe/Deepium 2026/MarcelVibe/19/CYRIL - Stumblin' In (Official Music Video) - 2024.mp3"
[EmbedThumbnail] ffmpeg: Adding thumbnail to "/Users/marcelbuian/projects/mb/marcel-vibe/Deepium 2026/MarcelVibe/19/CYRIL - Stumblin' In (Official Music Video) - 2024.mp3"
Reading URLs from STDIN - EOF (Ctrl+D) to end:
ERROR: [youtube] Hik3-V3Uzto: Video unavailable. This video is not available

===== 23 (#23 - 2026-06-26 Miġra l-Ferħa, Rabat, Malta) 15:04:08
[youtube] Extracting URL: https://www.youtube.com/watch?v=2glkcczfC5c
[youtube] 2glkcczfC5c: Downloading webpage
[youtube] Sleeping 1.0 seconds ...
[youtube] 2glkcczfC5c: Downloading visionos player API JSON
[youtube] Sleeping 1.0 seconds ...
[youtube] 2glkcczfC5c: Downloading m3u8 information
[info] 2glkcczfC5c: Downloading 1 format(s): 251
[info] Downloading video thumbnail 44 ...
[info] Writing video thumbnail 44 to: /Users/marcelbuian/projects/mb/marcel-vibe/Deepium 2026/MarcelVibe/23/SHAMUËL - Zen Beach (Original Mix) - 2026.webp
[ThumbnailsConvertor] Converting thumbnail "/Users/marcelbuian/projects/mb/marcel-vibe/Deepium 2026/MarcelVibe/23/SHAMUËL - Zen Beach (Original Mix) - 2026.webp" to jpg
Deleting original file /Users/marcelbuian/projects/mb/marcel-vibe/Deepium 2026/MarcelVibe/23/SHAMUËL - Zen Beach (Original Mix) - 2026.webp (pass -k to keep)
[download] Sleeping 2.11 seconds ...
[download] Destination: /Users/marcelbuian/projects/mb/marcel-vibe/Deepium 2026/MarcelVibe/23/SHAMUËL - Zen Beach (Original Mix) - 2026.webm

[download]   0.0% of    6.62MiB at  328.53KiB/s ETA 00:20
[download]   0.0% of    6.62MiB at  918.86KiB/s ETA 00:07
[download]   0.1% of    6.62MiB at    2.03MiB/s ETA 00:03
[download]   0.2% of    6.62MiB at    4.25MiB/s ETA 00:01
[download]   0.5% of    6.62MiB at    4.06MiB/s ETA 00:01
[download]   0.9% of    6.62MiB at    4.83MiB/s ETA 00:01
[download]   1.9% of    6.62MiB at    7.24MiB/s ETA 00:00
[download]   3.8% of    6.62MiB at    9.88MiB/s ETA 00:00
[download]   7.5% of    6.62MiB at   15.25MiB/s ETA 00:00
[download]  15.1% of    6.62MiB at   23.13MiB/s ETA 00:00
[download]  30.2% of    6.62MiB at   31.60MiB/s ETA 00:00
[download]  60.4% of    6.62MiB at   24.78MiB/s ETA 00:00
[download] 100.0% of    6.62MiB at   24.74MiB/s ETA 00:00
[download] 100% of    6.62MiB in 00:00:00 at 20.57MiB/s  
[ExtractAudio] Destination: /Users/marcelbuian/projects/mb/marcel-vibe/Deepium 2026/MarcelVibe/23/SHAMUËL - Zen Beach (Original Mix) - 2026.mp3
Deleting original file /Users/marcelbuian/projects/mb/marcel-vibe/Deepium 2026/MarcelVibe/23/SHAMUËL - Zen Beach (Original Mix) - 2026.webm (pass -k to keep)
[Metadata] Adding metadata to "/Users/marcelbuian/projects/mb/marcel-vibe/Deepium 2026/MarcelVibe/23/SHAMUËL - Zen Beach (Original Mix) - 2026.mp3"
[EmbedThumbnail] ffmpeg: Adding thumbnail to "/Users/marcelbuian/projects/mb/marcel-vibe/Deepium 2026/MarcelVibe/23/SHAMUËL - Zen Beach (Original Mix) - 2026.mp3"
[youtube] Extracting URL: https://www.youtube.com/watch?v=RDIM4ABI-bc
[youtube] Sleeping 1.0 seconds ...
[youtube] RDIM4ABI-bc: Downloading webpage
[youtube] Sleeping 1.0 seconds ...
[youtube] RDIM4ABI-bc: Downloading visionos player API JSON
[youtube] Sleeping 1.0 seconds ...
[youtube] RDIM4ABI-bc: Downloading m3u8 information
[info] RDIM4ABI-bc: Downloading 1 format(s): 251
[info] Downloading video thumbnail 41 ...
[info] Writing video thumbnail 41 to: /Users/marcelbuian/projects/mb/marcel-vibe/Deepium 2026/MarcelVibe/23/Alex O'Rion & Ezequiel Arias - Solis (Original Mix) [Meanwhile] - 2022.webp
[ThumbnailsConvertor] Converting thumbnail "/Users/marcelbuian/projects/mb/marcel-vibe/Deepium 2026/MarcelVibe/23/Alex O'Rion & Ezequiel Arias - Solis (Original Mix) [Meanwhile] - 2022.webp" to jpg
Deleting original file /Users/marcelbuian/projects/mb/marcel-vibe/Deepium 2026/MarcelVibe/23/Alex O'Rion & Ezequiel Arias - Solis (Original Mix) [Meanwhile] - 2022.webp (pass -k to keep)
[download] Sleeping 2.33 seconds ...
[download] Destination: /Users/marcelbuian/projects/mb/marcel-vibe/Deepium 2026/MarcelVibe/23/Alex O'Rion & Ezequiel Arias - Solis (Original Mix) [Meanwhile] - 2022.webm

[download]   0.0% of    5.83MiB at  528.32KiB/s ETA 00:11
[download]   0.1% of    5.83MiB at    1.08MiB/s ETA 00:05
[download]   0.1% of    5.83MiB at    2.19MiB/s ETA 00:02
[download]   0.3% of    5.83MiB at    4.25MiB/s ETA 00:01
[download]   0.5% of    5.83MiB at    3.68MiB/s ETA 00:01
[download]   1.1% of    5.83MiB at    4.98MiB/s ETA 00:01
[download]   2.1% of    5.83MiB at    7.30MiB/s ETA 00:00
[download]   4.3% of    5.83MiB at    9.77MiB/s ETA 00:00
[download]   8.6% of    5.83MiB at   13.76MiB/s ETA 00:00
[download]  17.1% of    5.83MiB at   20.78MiB/s ETA 00:00
[download]  34.3% of    5.83MiB at   29.02MiB/s ETA 00:00
[download]  68.6% of    5.83MiB at   30.57MiB/s ETA 00:00
[download] 100.0% of    5.83MiB at   16.45MiB/s ETA 00:00
[download] 100% of    5.83MiB in 00:00:00 at 10.39MiB/s  
[ExtractAudio] Destination: /Users/marcelbuian/projects/mb/marcel-vibe/Deepium 2026/MarcelVibe/23/Alex O'Rion & Ezequiel Arias - Solis (Original Mix) [Meanwhile] - 2022.mp3
Deleting original file /Users/marcelbuian/projects/mb/marcel-vibe/Deepium 2026/MarcelVibe/23/Alex O'Rion & Ezequiel Arias - Solis (Original Mix) [Meanwhile] - 2022.webm (pass -k to keep)
[Metadata] Adding metadata to "/Users/marcelbuian/projects/mb/marcel-vibe/Deepium 2026/MarcelVibe/23/Alex O'Rion & Ezequiel Arias - Solis (Original Mix) [Meanwhile] - 2022.mp3"
[EmbedThumbnail] ffmpeg: Adding thumbnail to "/Users/marcelbuian/projects/mb/marcel-vibe/Deepium 2026/MarcelVibe/23/Alex O'Rion & Ezequiel Arias - Solis (Original Mix) [Meanwhile] - 2022.mp3"
[youtube] Extracting URL: https://www.youtube.com/watch?v=l1I-yJ97ErA
[youtube] Sleeping 1.0 seconds ...
[youtube] l1I-yJ97ErA: Downloading webpage
[youtube] Sleeping 1.0 seconds ...
[youtube] l1I-yJ97ErA: Downloading visionos player API JSON
[youtube] Sleeping 1.0 seconds ...
[youtube] l1I-yJ97ErA: Downloading m3u8 information
[info] l1I-yJ97ErA: Downloading 1 format(s): 251
[info] Downloading video thumbnail 41 ...
[info] Writing video thumbnail 41 to: /Users/marcelbuian/projects/mb/marcel-vibe/Deepium 2026/MarcelVibe/23/BluePaper - Azimuth (Extended Mix) - 2023.webp
[ThumbnailsConvertor] Converting thumbnail "/Users/marcelbuian/projects/mb/marcel-vibe/Deepium 2026/MarcelVibe/23/BluePaper - Azimuth (Extended Mix) - 2023.webp" to jpg
Deleting original file /Users/marcelbuian/projects/mb/marcel-vibe/Deepium 2026/MarcelVibe/23/BluePaper - Azimuth (Extended Mix) - 2023.webp (pass -k to keep)
[download] Sleeping 2.01 seconds ...
[download] Destination: /Users/marcelbuian/projects/mb/marcel-vibe/Deepium 2026/MarcelVibe/23/BluePaper - Azimuth (Extended Mix) - 2023.webm

[download]   0.0% of    6.75MiB at  948.72KiB/s ETA 00:07
[download]   0.0% of    6.75MiB at    2.35MiB/s ETA 00:02
[download]   0.1% of    6.75MiB at    5.13MiB/s ETA 00:01
[download]   0.2% of    6.75MiB at   10.39MiB/s ETA 00:00
[download]   0.4% of    6.75MiB at   20.29MiB/s ETA 00:00
[download]   0.9% of    6.75MiB at   32.39MiB/s ETA 00:00
[download]   1.8% of    6.75MiB at   41.72MiB/s ETA 00:00
[download]   3.7% of    6.75MiB at   38.89MiB/s ETA 00:00
[download]   7.4% of    6.75MiB at   46.43MiB/s ETA 00:00
[download]  14.8% of    6.75MiB at   44.00MiB/s ETA 00:00
[download]  29.6% of    6.75MiB at   45.77MiB/s ETA 00:00
[download]  59.3% of    6.75MiB at   34.55MiB/s ETA 00:00
[download] 100.0% of    6.75MiB at   27.29MiB/s ETA 00:00
[download] 100% of    6.75MiB in 00:00:00 at 24.43MiB/s  
[ExtractAudio] Destination: /Users/marcelbuian/projects/mb/marcel-vibe/Deepium 2026/MarcelVibe/23/BluePaper - Azimuth (Extended Mix) - 2023.mp3
Deleting original file /Users/marcelbuian/projects/mb/marcel-vibe/Deepium 2026/MarcelVibe/23/BluePaper - Azimuth (Extended Mix) - 2023.webm (pass -k to keep)
[Metadata] Adding metadata to "/Users/marcelbuian/projects/mb/marcel-vibe/Deepium 2026/MarcelVibe/23/BluePaper - Azimuth (Extended Mix) - 2023.mp3"
[EmbedThumbnail] ffmpeg: Adding thumbnail to "/Users/marcelbuian/projects/mb/marcel-vibe/Deepium 2026/MarcelVibe/23/BluePaper - Azimuth (Extended Mix) - 2023.mp3"
[youtube] Extracting URL: https://www.youtube.com/watch?v=h_89QZ1y6ug
[youtube] Sleeping 1.0 seconds ...
[youtube] h_89QZ1y6ug: Downloading webpage
[youtube] Sleeping 1.0 seconds ...
[youtube] h_89QZ1y6ug: Downloading visionos player API JSON
[youtube] Sleeping 1.0 seconds ...
[youtube] h_89QZ1y6ug: Downloading m3u8 information
[info] h_89QZ1y6ug: Downloading 1 format(s): 251
[info] Downloading video thumbnail 41 ...
[info] Writing video thumbnail 41 to: /Users/marcelbuian/projects/mb/marcel-vibe/Deepium 2026/MarcelVibe/23/HIGHLITE – Caravan (Original Mix) [HL006] - 2020.webp
[ThumbnailsConvertor] Converting thumbnail "/Users/marcelbuian/projects/mb/marcel-vibe/Deepium 2026/MarcelVibe/23/HIGHLITE – Caravan (Original Mix) [HL006] - 2020.webp" to jpg
Deleting original file /Users/marcelbuian/projects/mb/marcel-vibe/Deepium 2026/MarcelVibe/23/HIGHLITE – Caravan (Original Mix) [HL006] - 2020.webp (pass -k to keep)
[download] Sleeping 3.00 seconds ...
[download] Destination: /Users/marcelbuian/projects/mb/marcel-vibe/Deepium 2026/MarcelVibe/23/HIGHLITE – Caravan (Original Mix) [HL006] - 2020.webm

[download]   0.0% of    6.66MiB at  Unknown B/s ETA Unknown
[download]   0.0% of    6.66MiB at    2.38MiB/s ETA 00:02  
[download]   0.1% of    6.66MiB at    4.38MiB/s ETA 00:01
[download]   0.2% of    6.66MiB at    8.02MiB/s ETA 00:00
[download]   0.5% of    6.66MiB at   14.02MiB/s ETA 00:00
[download]   0.9% of    6.66MiB at   25.66MiB/s ETA 00:00
[download]   1.9% of    6.66MiB at   46.80MiB/s ETA 00:00
[download]   3.7% of    6.66MiB at   81.43MiB/s ETA 00:00
[download]   7.5% of    6.66MiB at   64.66MiB/s ETA 00:00
[download]  15.0% of    6.66MiB at   53.24MiB/s ETA 00:00
[download]  30.0% of    6.66MiB at   51.73MiB/s ETA 00:00
[download]  60.0% of    6.66MiB at   10.69MiB/s ETA 00:00
[download] 100.0% of    6.66MiB at   14.49MiB/s ETA 00:00
[download] 100% of    6.66MiB in 00:00:00 at 8.69MiB/s   
[ExtractAudio] Destination: /Users/marcelbuian/projects/mb/marcel-vibe/Deepium 2026/MarcelVibe/23/HIGHLITE – Caravan (Original Mix) [HL006] - 2020.mp3
Deleting original file /Users/marcelbuian/projects/mb/marcel-vibe/Deepium 2026/MarcelVibe/23/HIGHLITE – Caravan (Original Mix) [HL006] - 2020.webm (pass -k to keep)
[Metadata] Adding metadata to "/Users/marcelbuian/projects/mb/marcel-vibe/Deepium 2026/MarcelVibe/23/HIGHLITE – Caravan (Original Mix) [HL006] - 2020.mp3"
[EmbedThumbnail] ffmpeg: Adding thumbnail to "/Users/marcelbuian/projects/mb/marcel-vibe/Deepium 2026/MarcelVibe/23/HIGHLITE – Caravan (Original Mix) [HL006] - 2020.mp3"
[youtube] Extracting URL: https://www.youtube.com/watch?v=5J4_vxBErlM
[youtube] Sleeping 1.0 seconds ...
[youtube] 5J4_vxBErlM: Downloading webpage
[youtube] Sleeping 1.0 seconds ...
[youtube] 5J4_vxBErlM: Downloading visionos player API JSON
[youtube] Sleeping 1.0 seconds ...
[youtube] 5J4_vxBErlM: Downloading m3u8 information
[info] 5J4_vxBErlM: Downloading 1 format(s): 251
[info] Downloading video thumbnail 41 ...
[info] Writing video thumbnail 41 to: /Users/marcelbuian/projects/mb/marcel-vibe/Deepium 2026/MarcelVibe/23/Krasa Rosa, M.O.S. - We Are Kids (ABGT550) - 2023.webp
[ThumbnailsConvertor] Converting thumbnail "/Users/marcelbuian/projects/mb/marcel-vibe/Deepium 2026/MarcelVibe/23/Krasa Rosa, M.O.S. - We Are Kids (ABGT550) - 2023.webp" to jpg
Deleting original file /Users/marcelbuian/projects/mb/marcel-vibe/Deepium 2026/MarcelVibe/23/Krasa Rosa, M.O.S. - We Are Kids (ABGT550) - 2023.webp (pass -k to keep)
[download] Sleeping 1.80 seconds ...
[download] Destination: /Users/marcelbuian/projects/mb/marcel-vibe/Deepium 2026/MarcelVibe/23/Krasa Rosa, M.O.S. - We Are Kids (ABGT550) - 2023.webm

[download]   0.0% of    5.36MiB at  491.19KiB/s ETA 00:11
[download]   0.1% of    5.36MiB at    1.12MiB/s ETA 00:04
[download]   0.1% of    5.36MiB at    2.33MiB/s ETA 00:02
[download]   0.3% of    5.36MiB at    4.54MiB/s ETA 00:01
[download]   0.6% of    5.36MiB at    4.06MiB/s ETA 00:01
[download]   1.1% of    5.36MiB at    4.83MiB/s ETA 00:01
[download]   2.3% of    5.36MiB at    7.29MiB/s ETA 00:00
[download]   4.6% of    5.36MiB at   10.52MiB/s ETA 00:00
[download]   9.3% of    5.36MiB at   15.92MiB/s ETA 00:00
[download]  18.6% of    5.36MiB at   22.46MiB/s ETA 00:00
[download]  37.3% of    5.36MiB at   31.26MiB/s ETA 00:00
[download]  74.6% of    5.36MiB at   13.99MiB/s ETA 00:00
[download] 100.0% of    5.36MiB at   15.05MiB/s ETA 00:00
[download] 100% of    5.36MiB in 00:00:00 at 6.37MiB/s   
[ExtractAudio] Destination: /Users/marcelbuian/projects/mb/marcel-vibe/Deepium 2026/MarcelVibe/23/Krasa Rosa, M.O.S. - We Are Kids (ABGT550) - 2023.mp3
Deleting original file /Users/marcelbuian/projects/mb/marcel-vibe/Deepium 2026/MarcelVibe/23/Krasa Rosa, M.O.S. - We Are Kids (ABGT550) - 2023.webm (pass -k to keep)
[Metadata] Adding metadata to "/Users/marcelbuian/projects/mb/marcel-vibe/Deepium 2026/MarcelVibe/23/Krasa Rosa, M.O.S. - We Are Kids (ABGT550) - 2023.mp3"
[EmbedThumbnail] ffmpeg: Adding thumbnail to "/Users/marcelbuian/projects/mb/marcel-vibe/Deepium 2026/MarcelVibe/23/Krasa Rosa, M.O.S. - We Are Kids (ABGT550) - 2023.mp3"
[youtube] Extracting URL: https://www.youtube.com/watch?v=SZeMzRaZRvA
[youtube] Sleeping 1.0 seconds ...
[youtube] SZeMzRaZRvA: Downloading webpage
[youtube] Sleeping 1.0 seconds ...
[youtube] SZeMzRaZRvA: Downloading visionos player API JSON
[youtube] Sleeping 1.0 seconds ...
[youtube] SZeMzRaZRvA: Downloading m3u8 information
[info] SZeMzRaZRvA: Downloading 1 format(s): 251
[info] Downloading video thumbnail 44 ...
[info] Writing video thumbnail 44 to: /Users/marcelbuian/projects/mb/marcel-vibe/Deepium 2026/MarcelVibe/23/Premiere： HAFT - Kaleidoscope (Maze 28 & EMPHI Remix) [Movement Recordings] - 2026.webp
[ThumbnailsConvertor] Converting thumbnail "/Users/marcelbuian/projects/mb/marcel-vibe/Deepium 2026/MarcelVibe/23/Premiere： HAFT - Kaleidoscope (Maze 28 & EMPHI Remix) [Movement Recordings] - 2026.webp" to jpg
Deleting original file /Users/marcelbuian/projects/mb/marcel-vibe/Deepium 2026/MarcelVibe/23/Premiere： HAFT - Kaleidoscope (Maze 28 & EMPHI Remix) [Movement Recordings] - 2026.webp (pass -k to keep)
[download] Sleeping 1.96 seconds ...
[download] Destination: /Users/marcelbuian/projects/mb/marcel-vibe/Deepium 2026/MarcelVibe/23/Premiere： HAFT - Kaleidoscope (Maze 28 & EMPHI Remix) [Movement Recordings] - 2026.webm

[download]   0.0% of    6.38MiB at  Unknown B/s ETA Unknown
[download]   0.0% of    6.38MiB at    2.42MiB/s ETA 00:02  
[download]   0.1% of    6.38MiB at    4.91MiB/s ETA 00:01
[download]   0.2% of    6.38MiB at    9.37MiB/s ETA 00:00
[download]   0.5% of    6.38MiB at   17.20MiB/s ETA 00:00
[download]   1.0% of    6.38MiB at   31.33MiB/s ETA 00:00
[download]   1.9% of    6.38MiB at   55.61MiB/s ETA 00:00
[download]   3.9% of    6.38MiB at   49.24MiB/s ETA 00:00
[download]   7.8% of    6.38MiB at   49.51MiB/s ETA 00:00
[download]  15.7% of    6.38MiB at   45.52MiB/s ETA 00:00
[download]  31.3% of    6.38MiB at   46.95MiB/s ETA 00:00
[download]  62.7% of    6.38MiB at   33.16MiB/s ETA 00:00
[download] 100.0% of    6.38MiB at   19.05MiB/s ETA 00:00
[download] 100% of    6.38MiB in 00:00:00 at 16.11MiB/s  
[ExtractAudio] Destination: /Users/marcelbuian/projects/mb/marcel-vibe/Deepium 2026/MarcelVibe/23/Premiere： HAFT - Kaleidoscope (Maze 28 & EMPHI Remix) [Movement Recordings] - 2026.mp3
Deleting original file /Users/marcelbuian/projects/mb/marcel-vibe/Deepium 2026/MarcelVibe/23/Premiere： HAFT - Kaleidoscope (Maze 28 & EMPHI Remix) [Movement Recordings] - 2026.webm (pass -k to keep)
[Metadata] Adding metadata to "/Users/marcelbuian/projects/mb/marcel-vibe/Deepium 2026/MarcelVibe/23/Premiere： HAFT - Kaleidoscope (Maze 28 & EMPHI Remix) [Movement Recordings] - 2026.mp3"
[EmbedThumbnail] ffmpeg: Adding thumbnail to "/Users/marcelbuian/projects/mb/marcel-vibe/Deepium 2026/MarcelVibe/23/Premiere： HAFT - Kaleidoscope (Maze 28 & EMPHI Remix) [Movement Recordings] - 2026.mp3"
[youtube] Extracting URL: https://www.youtube.com/watch?v=fPj6u9EfDpA
[youtube] Sleeping 1.0 seconds ...
[youtube] fPj6u9EfDpA: Downloading webpage
[youtube] Sleeping 1.0 seconds ...
[youtube] fPj6u9EfDpA: Downloading visionos player API JSON
[youtube] Sleeping 1.0 seconds ...
[youtube] fPj6u9EfDpA: Downloading m3u8 information
[info] fPj6u9EfDpA: Downloading 1 format(s): 251
[info] Downloading video thumbnail 41 ...
[info] Writing video thumbnail 41 to: /Users/marcelbuian/projects/mb/marcel-vibe/Deepium 2026/MarcelVibe/23/MAX WEXEM Override - 2026.webp
[ThumbnailsConvertor] Converting thumbnail "/Users/marcelbuian/projects/mb/marcel-vibe/Deepium 2026/MarcelVibe/23/MAX WEXEM Override - 2026.webp" to jpg
Deleting original file /Users/marcelbuian/projects/mb/marcel-vibe/Deepium 2026/MarcelVibe/23/MAX WEXEM Override - 2026.webp (pass -k to keep)
[download] Sleeping 2.08 seconds ...
[download] Destination: /Users/marcelbuian/projects/mb/marcel-vibe/Deepium 2026/MarcelVibe/23/MAX WEXEM Override - 2026.webm

[download]   0.0% of    7.34MiB at  129.62KiB/s ETA 00:58
[download]   0.0% of    7.34MiB at  360.79KiB/s ETA 00:20
[download]   0.1% of    7.34MiB at  816.99KiB/s ETA 00:09
[download]   0.2% of    7.34MiB at    1.67MiB/s ETA 00:04
[download]   0.4% of    7.34MiB at    3.36MiB/s ETA 00:02
[download]   0.8% of    7.34MiB at    2.58MiB/s ETA 00:02
[download]   1.7% of    7.34MiB at    1.99MiB/s ETA 00:03
[download]   3.4% of    7.34MiB at    1.61MiB/s ETA 00:04
[download]   6.8% of    7.34MiB at  832.85KiB/s ETA 00:08
[download]  13.6% of    7.34MiB at  507.50KiB/s ETA 00:12
[download]  18.5% of    7.34MiB at  472.18KiB/s ETA 00:12
[download]  23.7% of    7.34MiB at  388.58KiB/s ETA 00:14
[download]  26.9% of    7.34MiB at  380.61KiB/s ETA 00:14
[download]  31.3% of    7.34MiB at  376.49KiB/s ETA 00:13
[download]  36.0% of    7.34MiB at  336.52KiB/s ETA 00:14
[download]  38.6% of    7.34MiB at  341.35KiB/s ETA 00:13
[download]  43.8% of    7.34MiB at  343.05KiB/s ETA 00:12
[download]  48.6% of    7.34MiB at  288.62KiB/s ETA 00:13
[download]  51.0% of    7.34MiB at  289.94KiB/s ETA 00:12
[download]  55.2% of    7.34MiB at  288.76KiB/s ETA 00:11
[download]  58.9% of    7.34MiB at  291.73KiB/s ETA 00:10
[download]  63.5% of    7.34MiB at  293.11KiB/s ETA 00:09
[download]  67.6% of    7.34MiB at  299.38KiB/s ETA 00:08
[download]  73.5% of    7.34MiB at  309.04KiB/s ETA 00:06
[download]  80.0% of    7.34MiB at  311.58KiB/s ETA 00:04
[download]  84.6% of    7.34MiB at  320.24KiB/s ETA 00:03
[download]  92.9% of    7.34MiB at  301.99KiB/s ETA 00:01
[download]  97.0% of    7.34MiB at  304.04KiB/s ETA 00:00
[download] 100.0% of    7.34MiB at  305.21KiB/s ETA 00:00
[download] 100% of    7.34MiB in 00:00:24 at 304.15KiB/s 
[ExtractAudio] Destination: /Users/marcelbuian/projects/mb/marcel-vibe/Deepium 2026/MarcelVibe/23/MAX WEXEM Override - 2026.mp3
Deleting original file /Users/marcelbuian/projects/mb/marcel-vibe/Deepium 2026/MarcelVibe/23/MAX WEXEM Override - 2026.webm (pass -k to keep)
[Metadata] Adding metadata to "/Users/marcelbuian/projects/mb/marcel-vibe/Deepium 2026/MarcelVibe/23/MAX WEXEM Override - 2026.mp3"
[EmbedThumbnail] ffmpeg: Adding thumbnail to "/Users/marcelbuian/projects/mb/marcel-vibe/Deepium 2026/MarcelVibe/23/MAX WEXEM Override - 2026.mp3"
[youtube] Extracting URL: https://www.youtube.com/watch?v=OKQTSGOs05U
[youtube] Sleeping 1.0 seconds ...
[youtube] OKQTSGOs05U: Downloading webpage
[youtube] Sleeping 1.0 seconds ...
[youtube] OKQTSGOs05U: Downloading visionos player API JSON
[youtube] Sleeping 1.0 seconds ...
[youtube] OKQTSGOs05U: Downloading m3u8 information
[info] OKQTSGOs05U: Downloading 1 format(s): 251
[info] Downloading video thumbnail 41 ...
[info] Writing video thumbnail 41 to: /Users/marcelbuian/projects/mb/marcel-vibe/Deepium 2026/MarcelVibe/23/Hexlogic - Pulse [Silk Music] - 2017.webp
[ThumbnailsConvertor] Converting thumbnail "/Users/marcelbuian/projects/mb/marcel-vibe/Deepium 2026/MarcelVibe/23/Hexlogic - Pulse [Silk Music] - 2017.webp" to jpg
Deleting original file /Users/marcelbuian/projects/mb/marcel-vibe/Deepium 2026/MarcelVibe/23/Hexlogic - Pulse [Silk Music] - 2017.webp (pass -k to keep)
[download] Sleeping 1.29 seconds ...
[download] Destination: /Users/marcelbuian/projects/mb/marcel-vibe/Deepium 2026/MarcelVibe/23/Hexlogic - Pulse [Silk Music] - 2017.webm

[download]   0.0% of    5.53MiB at  101.81KiB/s ETA 00:55
[download]   0.1% of    5.53MiB at  298.41KiB/s ETA 00:18
[download]   0.1% of    5.53MiB at  682.86KiB/s ETA 00:08
[download]   0.3% of    5.53MiB at    1.42MiB/s ETA 00:03
[download]   0.5% of    5.53MiB at    1.93MiB/s ETA 00:02
[download]   1.1% of    5.53MiB at    1.98MiB/s ETA 00:02
[download]   2.2% of    5.53MiB at    3.29MiB/s ETA 00:01
[download]   4.5% of    5.53MiB at    3.26MiB/s ETA 00:01
[download]   9.0% of    5.53MiB at    2.78MiB/s ETA 00:01
[download]  18.1% of    5.53MiB at    2.10MiB/s ETA 00:02
[download]  36.1% of    5.53MiB at    1.02MiB/s ETA 00:03
[download]  48.3% of    5.53MiB at    1.03MiB/s ETA 00:02
[download]  67.6% of    5.53MiB at  925.71KiB/s ETA 00:01
[download]  80.1% of    5.53MiB at  900.32KiB/s ETA 00:01
[download]  94.0% of    5.53MiB at  814.57KiB/s ETA 00:00
[download] 100.0% of    5.53MiB at  809.02KiB/s ETA 00:00
[download] 100% of    5.53MiB in 00:00:07 at 799.95KiB/s 
[ExtractAudio] Destination: /Users/marcelbuian/projects/mb/marcel-vibe/Deepium 2026/MarcelVibe/23/Hexlogic - Pulse [Silk Music] - 2017.mp3
Deleting original file /Users/marcelbuian/projects/mb/marcel-vibe/Deepium 2026/MarcelVibe/23/Hexlogic - Pulse [Silk Music] - 2017.webm (pass -k to keep)
[Metadata] Adding metadata to "/Users/marcelbuian/projects/mb/marcel-vibe/Deepium 2026/MarcelVibe/23/Hexlogic - Pulse [Silk Music] - 2017.mp3"
[EmbedThumbnail] ffmpeg: Adding thumbnail to "/Users/marcelbuian/projects/mb/marcel-vibe/Deepium 2026/MarcelVibe/23/Hexlogic - Pulse [Silk Music] - 2017.mp3"
[youtube] Extracting URL: https://www.youtube.com/watch?v=oVRPQKdceJg
[youtube] Sleeping 1.0 seconds ...
[youtube] oVRPQKdceJg: Downloading webpage
[youtube] Sleeping 1.0 seconds ...
[youtube] oVRPQKdceJg: Downloading visionos player API JSON
[youtube] Sleeping 1.0 seconds ...
[youtube] oVRPQKdceJg: Downloading m3u8 information
[info] oVRPQKdceJg: Downloading 1 format(s): 251
[info] Downloading video thumbnail 41 ...
[info] Writing video thumbnail 41 to: /Users/marcelbuian/projects/mb/marcel-vibe/Deepium 2026/MarcelVibe/23/Nicholas Van Orton - Groovelow [Balkan Connection South America] - 2026.webp
[ThumbnailsConvertor] Converting thumbnail "/Users/marcelbuian/projects/mb/marcel-vibe/Deepium 2026/MarcelVibe/23/Nicholas Van Orton - Groovelow [Balkan Connection South America] - 2026.webp" to jpg
Deleting original file /Users/marcelbuian/projects/mb/marcel-vibe/Deepium 2026/MarcelVibe/23/Nicholas Van Orton - Groovelow [Balkan Connection South America] - 2026.webp (pass -k to keep)
[download] Sleeping 1.96 seconds ...
[download] Destination: /Users/marcelbuian/projects/mb/marcel-vibe/Deepium 2026/MarcelVibe/23/Nicholas Van Orton - Groovelow [Balkan Connection South America] - 2026.webm

[download]   0.0% of    6.90MiB at  400.03KiB/s ETA 00:18
[download]   0.0% of    6.90MiB at  943.67KiB/s ETA 00:07
[download]   0.1% of    6.90MiB at    1.96MiB/s ETA 00:03
[download]   0.2% of    6.90MiB at    3.45MiB/s ETA 00:01
[download]   0.4% of    6.90MiB at    4.00MiB/s ETA 00:01
[download]   0.9% of    6.90MiB at    5.23MiB/s ETA 00:01
[download]   1.8% of    6.90MiB at    7.67MiB/s ETA 00:00
[download]   3.6% of    6.90MiB at   10.90MiB/s ETA 00:00
[download]   7.2% of    6.90MiB at   14.19MiB/s ETA 00:00
[download]  14.5% of    6.90MiB at   21.66MiB/s ETA 00:00
[download]  29.0% of    6.90MiB at   29.55MiB/s ETA 00:00
[download]  58.0% of    6.90MiB at   36.67MiB/s ETA 00:00
[download] 100.0% of    6.90MiB at   32.75MiB/s ETA 00:00
[download] 100% of    6.90MiB in 00:00:00 at 19.41MiB/s  
[ExtractAudio] Destination: /Users/marcelbuian/projects/mb/marcel-vibe/Deepium 2026/MarcelVibe/23/Nicholas Van Orton - Groovelow [Balkan Connection South America] - 2026.mp3
Deleting original file /Users/marcelbuian/projects/mb/marcel-vibe/Deepium 2026/MarcelVibe/23/Nicholas Van Orton - Groovelow [Balkan Connection South America] - 2026.webm (pass -k to keep)
[Metadata] Adding metadata to "/Users/marcelbuian/projects/mb/marcel-vibe/Deepium 2026/MarcelVibe/23/Nicholas Van Orton - Groovelow [Balkan Connection South America] - 2026.mp3"
[EmbedThumbnail] ffmpeg: Adding thumbnail to "/Users/marcelbuian/projects/mb/marcel-vibe/Deepium 2026/MarcelVibe/23/Nicholas Van Orton - Groovelow [Balkan Connection South America] - 2026.mp3"
[youtube] Extracting URL: https://www.youtube.com/watch?v=7gkYwJkPevA
[youtube] Sleeping 1.0 seconds ...
[youtube] 7gkYwJkPevA: Downloading webpage
[youtube] Sleeping 1.0 seconds ...
[youtube] 7gkYwJkPevA: Downloading visionos player API JSON
[youtube] Sleeping 1.0 seconds ...
[youtube] 7gkYwJkPevA: Downloading m3u8 information
[info] 7gkYwJkPevA: Downloading 1 format(s): 251
[info] Downloading video thumbnail 43 ...
[info] Video Thumbnail 43 does not exist
[info] Downloading video thumbnail 42 ...
[info] Video Thumbnail 42 does not exist
[info] Downloading video thumbnail 41 ...
[info] Video Thumbnail 41 does not exist
[info] Downloading video thumbnail 40 ...
[info] Video Thumbnail 40 does not exist
[info] Downloading video thumbnail 39 ...
[info] Video Thumbnail 39 does not exist
[info] Downloading video thumbnail 38 ...
[info] Video Thumbnail 38 does not exist
[info] Downloading video thumbnail 37 ...
[info] Writing video thumbnail 37 to: /Users/marcelbuian/projects/mb/marcel-vibe/Deepium 2026/MarcelVibe/23/Mayro - Tactical (4K Music Video) [SkyTop] - 2021.webp
[ThumbnailsConvertor] Converting thumbnail "/Users/marcelbuian/projects/mb/marcel-vibe/Deepium 2026/MarcelVibe/23/Mayro - Tactical (4K Music Video) [SkyTop] - 2021.webp" to jpg
Deleting original file /Users/marcelbuian/projects/mb/marcel-vibe/Deepium 2026/MarcelVibe/23/Mayro - Tactical (4K Music Video) [SkyTop] - 2021.webp (pass -k to keep)
[download] Sleeping 2.29 seconds ...
[download] Destination: /Users/marcelbuian/projects/mb/marcel-vibe/Deepium 2026/MarcelVibe/23/Mayro - Tactical (4K Music Video) [SkyTop] - 2021.webm

[download]   0.0% of    3.83MiB at  138.44KiB/s ETA 00:28
[download]   0.1% of    3.83MiB at  382.16KiB/s ETA 00:10
[download]   0.2% of    3.83MiB at  854.66KiB/s ETA 00:04
[download]   0.4% of    3.83MiB at    1.72MiB/s ETA 00:02
[download]   0.8% of    3.83MiB at    3.44MiB/s ETA 00:01
[download]   1.6% of    3.83MiB at    2.42MiB/s ETA 00:01
[download]   3.2% of    3.83MiB at    4.76MiB/s ETA 00:00
[download]   6.5% of    3.83MiB at    5.64MiB/s ETA 00:00
[download]  13.0% of    3.83MiB at    7.49MiB/s ETA 00:00
[download]  26.1% of    3.83MiB at    7.20MiB/s ETA 00:00
[download]  52.1% of    3.83MiB at    5.98MiB/s ETA 00:00
[download] 100.0% of    3.83MiB at    1.50MiB/s ETA 00:00
[download] 100% of    3.83MiB in 00:00:02 at 1.31MiB/s   
[ExtractAudio] Destination: /Users/marcelbuian/projects/mb/marcel-vibe/Deepium 2026/MarcelVibe/23/Mayro - Tactical (4K Music Video) [SkyTop] - 2021.mp3
Deleting original file /Users/marcelbuian/projects/mb/marcel-vibe/Deepium 2026/MarcelVibe/23/Mayro - Tactical (4K Music Video) [SkyTop] - 2021.webm (pass -k to keep)
[Metadata] Adding metadata to "/Users/marcelbuian/projects/mb/marcel-vibe/Deepium 2026/MarcelVibe/23/Mayro - Tactical (4K Music Video) [SkyTop] - 2021.mp3"
[EmbedThumbnail] ffmpeg: Adding thumbnail to "/Users/marcelbuian/projects/mb/marcel-vibe/Deepium 2026/MarcelVibe/23/Mayro - Tactical (4K Music Video) [SkyTop] - 2021.mp3"
[youtube] Extracting URL: https://www.youtube.com/watch?v=xVDETBysuYk
[youtube] Sleeping 1.0 seconds ...
[youtube] xVDETBysuYk: Downloading webpage
[youtube] Sleeping 1.0 seconds ...
[youtube] xVDETBysuYk: Downloading visionos player API JSON
[youtube] Sleeping 1.0 seconds ...
[youtube] xVDETBysuYk: Downloading m3u8 information
[info] xVDETBysuYk: Downloading 1 format(s): 251
[info] Downloading video thumbnail 41 ...
[info] Writing video thumbnail 41 to: /Users/marcelbuian/projects/mb/marcel-vibe/Deepium 2026/MarcelVibe/23/PROFF, M.O.S. - Namtso (ABGT602) - 2024.webp
[ThumbnailsConvertor] Converting thumbnail "/Users/marcelbuian/projects/mb/marcel-vibe/Deepium 2026/MarcelVibe/23/PROFF, M.O.S. - Namtso (ABGT602) - 2024.webp" to jpg
Deleting original file /Users/marcelbuian/projects/mb/marcel-vibe/Deepium 2026/MarcelVibe/23/PROFF, M.O.S. - Namtso (ABGT602) - 2024.webp (pass -k to keep)
[download] Sleeping 1.06 seconds ...
[download] Destination: /Users/marcelbuian/projects/mb/marcel-vibe/Deepium 2026/MarcelVibe/23/PROFF, M.O.S. - Namtso (ABGT602) - 2024.webm

[download]   0.0% of    5.61MiB at  Unknown B/s ETA Unknown
[download]   0.1% of    5.61MiB at    2.32MiB/s ETA 00:02  
[download]   0.1% of    5.61MiB at    4.03MiB/s ETA 00:01
[download]   0.3% of    5.61MiB at    7.64MiB/s ETA 00:00
[download]   0.5% of    5.61MiB at   13.98MiB/s ETA 00:00
[download]   1.1% of    5.61MiB at   25.68MiB/s ETA 00:00
[download]   2.2% of    5.61MiB at   46.52MiB/s ETA 00:00
[download]   4.4% of    5.61MiB at   61.52MiB/s ETA 00:00
[download]   8.9% of    5.61MiB at   67.45MiB/s ETA 00:00
[download]  17.8% of    5.61MiB at   61.79MiB/s ETA 00:00
[download]  35.6% of    5.61MiB at   57.39MiB/s ETA 00:00
[download]  71.3% of    5.61MiB at   27.88MiB/s ETA 00:00
[download] 100.0% of    5.61MiB at   27.51MiB/s ETA 00:00
[download] 100% of    5.61MiB in 00:00:00 at 23.40MiB/s  
[ExtractAudio] Destination: /Users/marcelbuian/projects/mb/marcel-vibe/Deepium 2026/MarcelVibe/23/PROFF, M.O.S. - Namtso (ABGT602) - 2024.mp3
Deleting original file /Users/marcelbuian/projects/mb/marcel-vibe/Deepium 2026/MarcelVibe/23/PROFF, M.O.S. - Namtso (ABGT602) - 2024.webm (pass -k to keep)
[Metadata] Adding metadata to "/Users/marcelbuian/projects/mb/marcel-vibe/Deepium 2026/MarcelVibe/23/PROFF, M.O.S. - Namtso (ABGT602) - 2024.mp3"
[EmbedThumbnail] ffmpeg: Adding thumbnail to "/Users/marcelbuian/projects/mb/marcel-vibe/Deepium 2026/MarcelVibe/23/PROFF, M.O.S. - Namtso (ABGT602) - 2024.mp3"
[youtube] Extracting URL: https://www.youtube.com/watch?v=_DdnCeDNKx8
[youtube] Sleeping 1.0 seconds ...
[youtube] _DdnCeDNKx8: Downloading webpage
[youtube] Sleeping 1.0 seconds ...
[youtube] _DdnCeDNKx8: Downloading visionos player API JSON
[youtube] Sleeping 1.0 seconds ...
[youtube] _DdnCeDNKx8: Downloading m3u8 information
[info] _DdnCeDNKx8: Downloading 1 format(s): 251
[info] Downloading video thumbnail 41 ...
[info] Writing video thumbnail 41 to: /Users/marcelbuian/projects/mb/marcel-vibe/Deepium 2026/MarcelVibe/23/Durante - Never B Alone (Extended Mix) - 2025.webp
[ThumbnailsConvertor] Converting thumbnail "/Users/marcelbuian/projects/mb/marcel-vibe/Deepium 2026/MarcelVibe/23/Durante - Never B Alone (Extended Mix) - 2025.webp" to jpg
Deleting original file /Users/marcelbuian/projects/mb/marcel-vibe/Deepium 2026/MarcelVibe/23/Durante - Never B Alone (Extended Mix) - 2025.webp (pass -k to keep)
[download] Sleeping 1.34 seconds ...
[download] Destination: /Users/marcelbuian/projects/mb/marcel-vibe/Deepium 2026/MarcelVibe/23/Durante - Never B Alone (Extended Mix) - 2025.webm

[download]   0.0% of    7.60MiB at  Unknown B/s ETA Unknown
[download]   0.0% of    7.60MiB at    2.64MiB/s ETA 00:02  
[download]   0.1% of    7.60MiB at    5.71MiB/s ETA 00:01
[download]   0.2% of    7.60MiB at   11.50MiB/s ETA 00:00
[download]   0.4% of    7.60MiB at   22.36MiB/s ETA 00:00
[download]   0.8% of    7.60MiB at   15.57MiB/s ETA 00:00
[download]   1.6% of    7.60MiB at   15.20MiB/s ETA 00:00
[download]   3.3% of    7.60MiB at   17.15MiB/s ETA 00:00
[download]   6.6% of    7.60MiB at   14.77MiB/s ETA 00:00
[download]  13.1% of    7.60MiB at   14.81MiB/s ETA 00:00
[download]  26.3% of    7.60MiB at   14.82MiB/s ETA 00:00
[download]  52.6% of    7.60MiB at    9.32MiB/s ETA 00:00
[download] 100.0% of    7.60MiB at   11.32MiB/s ETA 00:00
[download] 100% of    7.60MiB in 00:00:00 at 9.56MiB/s   
[ExtractAudio] Destination: /Users/marcelbuian/projects/mb/marcel-vibe/Deepium 2026/MarcelVibe/23/Durante - Never B Alone (Extended Mix) - 2025.mp3
Deleting original file /Users/marcelbuian/projects/mb/marcel-vibe/Deepium 2026/MarcelVibe/23/Durante - Never B Alone (Extended Mix) - 2025.webm (pass -k to keep)
[Metadata] Adding metadata to "/Users/marcelbuian/projects/mb/marcel-vibe/Deepium 2026/MarcelVibe/23/Durante - Never B Alone (Extended Mix) - 2025.mp3"
[EmbedThumbnail] ffmpeg: Adding thumbnail to "/Users/marcelbuian/projects/mb/marcel-vibe/Deepium 2026/MarcelVibe/23/Durante - Never B Alone (Extended Mix) - 2025.mp3"
Reading URLs from STDIN - EOF (Ctrl+D) to end:

===== 24 (#24 - 2026-07-04 Hondoq ir-Rummien, Gozo) 15:07:12
[youtube] Extracting URL: https://www.youtube.com/watch?v=ojUtNrexUKk
[youtube] ojUtNrexUKk: Downloading webpage
[youtube] Sleeping 1.0 seconds ...
[youtube] ojUtNrexUKk: Downloading visionos player API JSON
[youtube] Sleeping 1.0 seconds ...
[youtube] ojUtNrexUKk: Downloading m3u8 information
[info] ojUtNrexUKk: Downloading 1 format(s): 251
[info] Downloading video thumbnail 41 ...
[info] Writing video thumbnail 41 to: /Users/marcelbuian/projects/mb/marcel-vibe/Deepium 2026/MarcelVibe/24/Alex O'Rion - Echium (Original Mix) [meanwhile] - 2021.webp
[ThumbnailsConvertor] Converting thumbnail "/Users/marcelbuian/projects/mb/marcel-vibe/Deepium 2026/MarcelVibe/24/Alex O'Rion - Echium (Original Mix) [meanwhile] - 2021.webp" to jpg
Deleting original file /Users/marcelbuian/projects/mb/marcel-vibe/Deepium 2026/MarcelVibe/24/Alex O'Rion - Echium (Original Mix) [meanwhile] - 2021.webp (pass -k to keep)
[download] Sleeping 2.34 seconds ...
[download] Destination: /Users/marcelbuian/projects/mb/marcel-vibe/Deepium 2026/MarcelVibe/24/Alex O'Rion - Echium (Original Mix) [meanwhile] - 2021.webm

[download]   0.0% of    7.66MiB at  484.95KiB/s ETA 00:16
[download]   0.0% of    7.66MiB at    1.27MiB/s ETA 00:06
[download]   0.1% of    7.66MiB at    2.83MiB/s ETA 00:02
[download]   0.2% of    7.66MiB at    5.84MiB/s ETA 00:01
[download]   0.4% of    7.66MiB at    3.92MiB/s ETA 00:01
[download]   0.8% of    7.66MiB at    5.02MiB/s ETA 00:01
[download]   1.6% of    7.66MiB at    7.00MiB/s ETA 00:01
[download]   3.3% of    7.66MiB at   10.14MiB/s ETA 00:00
[download]   6.5% of    7.66MiB at   15.83MiB/s ETA 00:00
[download]  13.0% of    7.66MiB at   23.52MiB/s ETA 00:00
[download]  26.1% of    7.66MiB at   31.66MiB/s ETA 00:00
[download]  52.2% of    7.66MiB at   39.52MiB/s ETA 00:00
[download] 100.0% of    7.66MiB at   42.82MiB/s ETA 00:00
[download] 100% of    7.66MiB in 00:00:00 at 27.81MiB/s  
[ExtractAudio] Destination: /Users/marcelbuian/projects/mb/marcel-vibe/Deepium 2026/MarcelVibe/24/Alex O'Rion - Echium (Original Mix) [meanwhile] - 2021.mp3
Deleting original file /Users/marcelbuian/projects/mb/marcel-vibe/Deepium 2026/MarcelVibe/24/Alex O'Rion - Echium (Original Mix) [meanwhile] - 2021.webm (pass -k to keep)
[Metadata] Adding metadata to "/Users/marcelbuian/projects/mb/marcel-vibe/Deepium 2026/MarcelVibe/24/Alex O'Rion - Echium (Original Mix) [meanwhile] - 2021.mp3"
[EmbedThumbnail] ffmpeg: Adding thumbnail to "/Users/marcelbuian/projects/mb/marcel-vibe/Deepium 2026/MarcelVibe/24/Alex O'Rion - Echium (Original Mix) [meanwhile] - 2021.mp3"
[youtube] Extracting URL: https://www.youtube.com/watch?v=782-iavTPIM
[youtube] Sleeping 1.0 seconds ...
[youtube] 782-iavTPIM: Downloading webpage
[youtube] Sleeping 1.0 seconds ...
[youtube] 782-iavTPIM: Downloading visionos player API JSON
[youtube] Sleeping 1.0 seconds ...
[youtube] 782-iavTPIM: Downloading m3u8 information
[info] 782-iavTPIM: Downloading 1 format(s): 251
[info] Downloading video thumbnail 41 ...
[info] Writing video thumbnail 41 to: /Users/marcelbuian/projects/mb/marcel-vibe/Deepium 2026/MarcelVibe/24/RIGOONI - When Midnight Comes (Alex O'Rion Remix) - 2020.webp
[ThumbnailsConvertor] Converting thumbnail "/Users/marcelbuian/projects/mb/marcel-vibe/Deepium 2026/MarcelVibe/24/RIGOONI - When Midnight Comes (Alex O'Rion Remix) - 2020.webp" to jpg
Deleting original file /Users/marcelbuian/projects/mb/marcel-vibe/Deepium 2026/MarcelVibe/24/RIGOONI - When Midnight Comes (Alex O'Rion Remix) - 2020.webp (pass -k to keep)
[download] Sleeping 2.76 seconds ...
[download] Destination: /Users/marcelbuian/projects/mb/marcel-vibe/Deepium 2026/MarcelVibe/24/RIGOONI - When Midnight Comes (Alex O'Rion Remix) - 2020.webm

[download]   0.0% of    8.25MiB at  492.40KiB/s ETA 00:17
[download]   0.0% of    8.25MiB at    1.11MiB/s ETA 00:07
[download]   0.1% of    8.25MiB at    2.31MiB/s ETA 00:03
[download]   0.2% of    8.25MiB at    4.49MiB/s ETA 00:01
[download]   0.4% of    8.25MiB at    3.68MiB/s ETA 00:02
[download]   0.7% of    8.25MiB at    4.97MiB/s ETA 00:01
[download]   1.5% of    8.25MiB at    6.55MiB/s ETA 00:01
[download]   3.0% of    8.25MiB at    9.11MiB/s ETA 00:00
[download]   6.0% of    8.25MiB at   14.36MiB/s ETA 00:00
[download]  12.1% of    8.25MiB at   15.21MiB/s ETA 00:00
[download]  24.2% of    8.25MiB at   12.77MiB/s ETA 00:00
[download]  48.5% of    8.25MiB at   20.19MiB/s ETA 00:00
[download]  97.0% of    8.25MiB at   15.68MiB/s ETA 00:00
[download] 100.0% of    8.25MiB at   15.93MiB/s ETA 00:00
[download] 100% of    8.25MiB in 00:00:00 at 11.31MiB/s  
[ExtractAudio] Destination: /Users/marcelbuian/projects/mb/marcel-vibe/Deepium 2026/MarcelVibe/24/RIGOONI - When Midnight Comes (Alex O'Rion Remix) - 2020.mp3
Deleting original file /Users/marcelbuian/projects/mb/marcel-vibe/Deepium 2026/MarcelVibe/24/RIGOONI - When Midnight Comes (Alex O'Rion Remix) - 2020.webm (pass -k to keep)
[Metadata] Adding metadata to "/Users/marcelbuian/projects/mb/marcel-vibe/Deepium 2026/MarcelVibe/24/RIGOONI - When Midnight Comes (Alex O'Rion Remix) - 2020.mp3"
[EmbedThumbnail] ffmpeg: Adding thumbnail to "/Users/marcelbuian/projects/mb/marcel-vibe/Deepium 2026/MarcelVibe/24/RIGOONI - When Midnight Comes (Alex O'Rion Remix) - 2020.mp3"
[youtube] Extracting URL: https://www.youtube.com/watch?v=e85oRjTgdGM
[youtube] Sleeping 1.0 seconds ...
[youtube] e85oRjTgdGM: Downloading webpage
[youtube] Sleeping 1.0 seconds ...
[youtube] e85oRjTgdGM: Downloading visionos player API JSON
[youtube] Sleeping 1.0 seconds ...
[youtube] e85oRjTgdGM: Downloading m3u8 information
[info] e85oRjTgdGM: Downloading 1 format(s): 251
[info] Downloading video thumbnail 41 ...
[info] Writing video thumbnail 41 to: /Users/marcelbuian/projects/mb/marcel-vibe/Deepium 2026/MarcelVibe/24/Hernan Cattaneo & Mercurio - Diluted (Extended Mix) [Mango Alley] - 2026.webp
[ThumbnailsConvertor] Converting thumbnail "/Users/marcelbuian/projects/mb/marcel-vibe/Deepium 2026/MarcelVibe/24/Hernan Cattaneo & Mercurio - Diluted (Extended Mix) [Mango Alley] - 2026.webp" to jpg
Deleting original file /Users/marcelbuian/projects/mb/marcel-vibe/Deepium 2026/MarcelVibe/24/Hernan Cattaneo & Mercurio - Diluted (Extended Mix) [Mango Alley] - 2026.webp (pass -k to keep)
[download] Sleeping 2.67 seconds ...
[download] Destination: /Users/marcelbuian/projects/mb/marcel-vibe/Deepium 2026/MarcelVibe/24/Hernan Cattaneo & Mercurio - Diluted (Extended Mix) [Mango Alley] - 2026.webm

[download]   0.0% of    6.77MiB at  553.05KiB/s ETA 00:12
[download]   0.0% of    6.77MiB at    1.11MiB/s ETA 00:06
[download]   0.1% of    6.77MiB at    2.30MiB/s ETA 00:02
[download]   0.2% of    6.77MiB at    4.56MiB/s ETA 00:01
[download]   0.4% of    6.77MiB at    4.55MiB/s ETA 00:01
[download]   0.9% of    6.77MiB at    4.61MiB/s ETA 00:01
[download]   1.8% of    6.77MiB at    7.12MiB/s ETA 00:00
[download]   3.7% of    6.77MiB at    9.90MiB/s ETA 00:00
[download]   7.4% of    6.77MiB at   14.21MiB/s ETA 00:00
[download]  14.7% of    6.77MiB at   21.10MiB/s ETA 00:00
[download]  29.5% of    6.77MiB at   28.35MiB/s ETA 00:00
[download]  59.0% of    6.77MiB at   22.51MiB/s ETA 00:00
[download] 100.0% of    6.77MiB at   12.39MiB/s ETA 00:00
[download] 100% of    6.77MiB in 00:00:00 at 10.88MiB/s  
[ExtractAudio] Destination: /Users/marcelbuian/projects/mb/marcel-vibe/Deepium 2026/MarcelVibe/24/Hernan Cattaneo & Mercurio - Diluted (Extended Mix) [Mango Alley] - 2026.mp3
Deleting original file /Users/marcelbuian/projects/mb/marcel-vibe/Deepium 2026/MarcelVibe/24/Hernan Cattaneo & Mercurio - Diluted (Extended Mix) [Mango Alley] - 2026.webm (pass -k to keep)
[Metadata] Adding metadata to "/Users/marcelbuian/projects/mb/marcel-vibe/Deepium 2026/MarcelVibe/24/Hernan Cattaneo & Mercurio - Diluted (Extended Mix) [Mango Alley] - 2026.mp3"
[EmbedThumbnail] ffmpeg: Adding thumbnail to "/Users/marcelbuian/projects/mb/marcel-vibe/Deepium 2026/MarcelVibe/24/Hernan Cattaneo & Mercurio - Diluted (Extended Mix) [Mango Alley] - 2026.mp3"
[youtube] Extracting URL: https://www.youtube.com/watch?v=1F8zp3sb_pk
[youtube] Sleeping 1.0 seconds ...
[youtube] 1F8zp3sb_pk: Downloading webpage
[youtube] Sleeping 1.0 seconds ...
[youtube] 1F8zp3sb_pk: Downloading visionos player API JSON
[youtube] Sleeping 1.0 seconds ...
[youtube] 1F8zp3sb_pk: Downloading m3u8 information
[info] 1F8zp3sb_pk: Downloading 1 format(s): 251
[info] Downloading video thumbnail 44 ...
[info] Writing video thumbnail 44 to: /Users/marcelbuian/projects/mb/marcel-vibe/Deepium 2026/MarcelVibe/24/PREMIERE： Simos Tagias - Strange to Ourselves (Tonaco Remix) [Vapour Recordings] - 2024.webp
[ThumbnailsConvertor] Converting thumbnail "/Users/marcelbuian/projects/mb/marcel-vibe/Deepium 2026/MarcelVibe/24/PREMIERE： Simos Tagias - Strange to Ourselves (Tonaco Remix) [Vapour Recordings] - 2024.webp" to jpg
Deleting original file /Users/marcelbuian/projects/mb/marcel-vibe/Deepium 2026/MarcelVibe/24/PREMIERE： Simos Tagias - Strange to Ourselves (Tonaco Remix) [Vapour Recordings] - 2024.webp (pass -k to keep)
[download] Sleeping 1.39 seconds ...
[download] Destination: /Users/marcelbuian/projects/mb/marcel-vibe/Deepium 2026/MarcelVibe/24/PREMIERE： Simos Tagias - Strange to Ourselves (Tonaco Remix) [Vapour Recordings] - 2024.webm

[download]   0.0% of    7.04MiB at  108.20KiB/s ETA 01:06
[download]   0.0% of    7.04MiB at  294.61KiB/s ETA 00:24
[download]   0.1% of    7.04MiB at  670.61KiB/s ETA 00:10
[download]   0.2% of    7.04MiB at    1.36MiB/s ETA 00:05
[download]   0.4% of    7.04MiB at    2.75MiB/s ETA 00:02
[download]   0.9% of    7.04MiB at    5.06MiB/s ETA 00:01
[download]   1.8% of    7.04MiB at    3.73MiB/s ETA 00:01
[download]   3.5% of    7.04MiB at    5.05MiB/s ETA 00:01
[download]   7.1% of    7.04MiB at    5.34MiB/s ETA 00:01
[download]  14.2% of    7.04MiB at    3.94MiB/s ETA 00:01
[download]  28.4% of    7.04MiB at    1.55MiB/s ETA 00:03
[download]  42.1% of    7.04MiB at    1.40MiB/s ETA 00:02
[download]  58.6% of    7.04MiB at    1.14MiB/s ETA 00:02
[download]  69.7% of    7.04MiB at    1.18MiB/s ETA 00:01
[download]  89.6% of    7.04MiB at    1.24MiB/s ETA 00:00
[download] 100.0% of    7.04MiB at    1.24MiB/s ETA 00:00
[download] 100% of    7.04MiB in 00:00:05 at 1.22MiB/s   
[ExtractAudio] Destination: /Users/marcelbuian/projects/mb/marcel-vibe/Deepium 2026/MarcelVibe/24/PREMIERE： Simos Tagias - Strange to Ourselves (Tonaco Remix) [Vapour Recordings] - 2024.mp3
Deleting original file /Users/marcelbuian/projects/mb/marcel-vibe/Deepium 2026/MarcelVibe/24/PREMIERE： Simos Tagias - Strange to Ourselves (Tonaco Remix) [Vapour Recordings] - 2024.webm (pass -k to keep)
[Metadata] Adding metadata to "/Users/marcelbuian/projects/mb/marcel-vibe/Deepium 2026/MarcelVibe/24/PREMIERE： Simos Tagias - Strange to Ourselves (Tonaco Remix) [Vapour Recordings] - 2024.mp3"
[EmbedThumbnail] ffmpeg: Adding thumbnail to "/Users/marcelbuian/projects/mb/marcel-vibe/Deepium 2026/MarcelVibe/24/PREMIERE： Simos Tagias - Strange to Ourselves (Tonaco Remix) [Vapour Recordings] - 2024.mp3"
[youtube] Extracting URL: https://www.youtube.com/watch?v=M-S81wmwIYs
[youtube] Sleeping 1.0 seconds ...
[youtube] M-S81wmwIYs: Downloading webpage
[youtube] Sleeping 1.0 seconds ...
[youtube] M-S81wmwIYs: Downloading visionos player API JSON
[youtube] Sleeping 1.0 seconds ...
[youtube] M-S81wmwIYs: Downloading m3u8 information
[info] M-S81wmwIYs: Downloading 1 format(s): 251
[info] Downloading video thumbnail 44 ...
[info] Writing video thumbnail 44 to: /Users/marcelbuian/projects/mb/marcel-vibe/Deepium 2026/MarcelVibe/24/Brian Creao - Hierofante (Original Mix) - 2026.webp
[ThumbnailsConvertor] Converting thumbnail "/Users/marcelbuian/projects/mb/marcel-vibe/Deepium 2026/MarcelVibe/24/Brian Creao - Hierofante (Original Mix) - 2026.webp" to jpg
Deleting original file /Users/marcelbuian/projects/mb/marcel-vibe/Deepium 2026/MarcelVibe/24/Brian Creao - Hierofante (Original Mix) - 2026.webp (pass -k to keep)
[download] Sleeping 2.91 seconds ...
[download] Destination: /Users/marcelbuian/projects/mb/marcel-vibe/Deepium 2026/MarcelVibe/24/Brian Creao - Hierofante (Original Mix) - 2026.webm

[download]   0.0% of    5.96MiB at  Unknown B/s ETA Unknown
[download]   0.0% of    5.96MiB at    2.17MiB/s ETA 00:02  
[download]   0.1% of    5.96MiB at    4.10MiB/s ETA 00:01
[download]   0.2% of    5.96MiB at    7.48MiB/s ETA 00:00
[download]   0.5% of    5.96MiB at   13.34MiB/s ETA 00:00
[download]   1.0% of    5.96MiB at   23.52MiB/s ETA 00:00
[download]   2.1% of    5.96MiB at   39.00MiB/s ETA 00:00
[download]   4.2% of    5.96MiB at   50.49MiB/s ETA 00:00
[download]   8.4% of    5.96MiB at   48.96MiB/s ETA 00:00
[download]  16.8% of    5.96MiB at   55.51MiB/s ETA 00:00
[download]  33.6% of    5.96MiB at   51.37MiB/s ETA 00:00
[download]  67.1% of    5.96MiB at   41.27MiB/s ETA 00:00
[download] 100.0% of    5.96MiB at   30.24MiB/s ETA 00:00
[download] 100% of    5.96MiB in 00:00:00 at 24.16MiB/s  
[ExtractAudio] Destination: /Users/marcelbuian/projects/mb/marcel-vibe/Deepium 2026/MarcelVibe/24/Brian Creao - Hierofante (Original Mix) - 2026.mp3
Deleting original file /Users/marcelbuian/projects/mb/marcel-vibe/Deepium 2026/MarcelVibe/24/Brian Creao - Hierofante (Original Mix) - 2026.webm (pass -k to keep)
[Metadata] Adding metadata to "/Users/marcelbuian/projects/mb/marcel-vibe/Deepium 2026/MarcelVibe/24/Brian Creao - Hierofante (Original Mix) - 2026.mp3"
[EmbedThumbnail] ffmpeg: Adding thumbnail to "/Users/marcelbuian/projects/mb/marcel-vibe/Deepium 2026/MarcelVibe/24/Brian Creao - Hierofante (Original Mix) - 2026.mp3"
[youtube] Extracting URL: https://www.youtube.com/watch?v=FUSV3IJYDAQ
[youtube] Sleeping 1.0 seconds ...
[youtube] FUSV3IJYDAQ: Downloading webpage
[youtube] Sleeping 1.0 seconds ...
[youtube] FUSV3IJYDAQ: Downloading visionos player API JSON
[youtube] Sleeping 1.0 seconds ...
[youtube] FUSV3IJYDAQ: Downloading m3u8 information
[info] FUSV3IJYDAQ: Downloading 1 format(s): 251
[info] Downloading video thumbnail 44 ...
[info] Writing video thumbnail 44 to: /Users/marcelbuian/projects/mb/marcel-vibe/Deepium 2026/MarcelVibe/24/Brian Creao - Temperance (Juan Ibañez Remix) - 2026.webp
[ThumbnailsConvertor] Converting thumbnail "/Users/marcelbuian/projects/mb/marcel-vibe/Deepium 2026/MarcelVibe/24/Brian Creao - Temperance (Juan Ibañez Remix) - 2026.webp" to jpg
Deleting original file /Users/marcelbuian/projects/mb/marcel-vibe/Deepium 2026/MarcelVibe/24/Brian Creao - Temperance (Juan Ibañez Remix) - 2026.webp (pass -k to keep)
[download] Sleeping 1.12 seconds ...
[download] Destination: /Users/marcelbuian/projects/mb/marcel-vibe/Deepium 2026/MarcelVibe/24/Brian Creao - Temperance (Juan Ibañez Remix) - 2026.webm

[download]   0.0% of    6.31MiB at  479.57KiB/s ETA 00:13
[download]   0.0% of    6.31MiB at    1.16MiB/s ETA 00:05
[download]   0.1% of    6.31MiB at    2.53MiB/s ETA 00:02
[download]   0.2% of    6.31MiB at    5.11MiB/s ETA 00:01
[download]   0.5% of    6.31MiB at    9.43MiB/s ETA 00:00
[download]   1.0% of    6.31MiB at   18.08MiB/s ETA 00:00
[download]   2.0% of    6.31MiB at   34.07MiB/s ETA 00:00
[download]   3.9% of    6.31MiB at   42.26MiB/s ETA 00:00
[download]   7.9% of    6.31MiB at   48.78MiB/s ETA 00:00
[download]  15.8% of    6.31MiB at   46.46MiB/s ETA 00:00
[download]  31.7% of    6.31MiB at   46.76MiB/s ETA 00:00
[download]  63.3% of    6.31MiB at   48.12MiB/s ETA 00:00
[download] 100.0% of    6.31MiB at   24.85MiB/s ETA 00:00
[download] 100% of    6.31MiB in 00:00:00 at 16.80MiB/s  
[ExtractAudio] Destination: /Users/marcelbuian/projects/mb/marcel-vibe/Deepium 2026/MarcelVibe/24/Brian Creao - Temperance (Juan Ibañez Remix) - 2026.mp3
Deleting original file /Users/marcelbuian/projects/mb/marcel-vibe/Deepium 2026/MarcelVibe/24/Brian Creao - Temperance (Juan Ibañez Remix) - 2026.webm (pass -k to keep)
[Metadata] Adding metadata to "/Users/marcelbuian/projects/mb/marcel-vibe/Deepium 2026/MarcelVibe/24/Brian Creao - Temperance (Juan Ibañez Remix) - 2026.mp3"
[EmbedThumbnail] ffmpeg: Adding thumbnail to "/Users/marcelbuian/projects/mb/marcel-vibe/Deepium 2026/MarcelVibe/24/Brian Creao - Temperance (Juan Ibañez Remix) - 2026.mp3"
[youtube] Extracting URL: https://www.youtube.com/watch?v=tSGABQX0sx8
[youtube] Sleeping 1.0 seconds ...
[youtube] tSGABQX0sx8: Downloading webpage
[youtube] Sleeping 1.0 seconds ...
[youtube] tSGABQX0sx8: Downloading visionos player API JSON
[youtube] Sleeping 1.0 seconds ...
[youtube] tSGABQX0sx8: Downloading m3u8 information
[info] tSGABQX0sx8: Downloading 1 format(s): 251
[info] Downloading video thumbnail 44 ...
[info] Writing video thumbnail 44 to: /Users/marcelbuian/projects/mb/marcel-vibe/Deepium 2026/MarcelVibe/24/Soul Engineers, Broken Adam - Kalkan (Extended Mix) - 2024.webp
[ThumbnailsConvertor] Converting thumbnail "/Users/marcelbuian/projects/mb/marcel-vibe/Deepium 2026/MarcelVibe/24/Soul Engineers, Broken Adam - Kalkan (Extended Mix) - 2024.webp" to jpg
Deleting original file /Users/marcelbuian/projects/mb/marcel-vibe/Deepium 2026/MarcelVibe/24/Soul Engineers, Broken Adam - Kalkan (Extended Mix) - 2024.webp (pass -k to keep)
[download] Sleeping 2.58 seconds ...
[download] Destination: /Users/marcelbuian/projects/mb/marcel-vibe/Deepium 2026/MarcelVibe/24/Soul Engineers, Broken Adam - Kalkan (Extended Mix) - 2024.webm

[download]   0.0% of    8.17MiB at  983.19KiB/s ETA 00:08
[download]   0.0% of    8.17MiB at    2.37MiB/s ETA 00:03
[download]   0.1% of    8.17MiB at    5.12MiB/s ETA 00:01
[download]   0.2% of    8.17MiB at   10.20MiB/s ETA 00:00
[download]   0.4% of    8.17MiB at   19.54MiB/s ETA 00:00
[download]   0.8% of    8.17MiB at   35.65MiB/s ETA 00:00
[download]   1.5% of    8.17MiB at   31.25MiB/s ETA 00:00
[download]   3.0% of    8.17MiB at   33.43MiB/s ETA 00:00
[download]   6.1% of    8.17MiB at   42.81MiB/s ETA 00:00
[download]  12.2% of    8.17MiB at   46.24MiB/s ETA 00:00
[download]  24.5% of    8.17MiB at   46.85MiB/s ETA 00:00
[download]  48.9% of    8.17MiB at   34.60MiB/s ETA 00:00
[download]  97.9% of    8.17MiB at   34.06MiB/s ETA 00:00
[download] 100.0% of    8.17MiB at   30.93MiB/s ETA 00:00
[download] 100% of    8.17MiB in 00:00:00 at 27.04MiB/s  
[ExtractAudio] Destination: /Users/marcelbuian/projects/mb/marcel-vibe/Deepium 2026/MarcelVibe/24/Soul Engineers, Broken Adam - Kalkan (Extended Mix) - 2024.mp3
Deleting original file /Users/marcelbuian/projects/mb/marcel-vibe/Deepium 2026/MarcelVibe/24/Soul Engineers, Broken Adam - Kalkan (Extended Mix) - 2024.webm (pass -k to keep)
[Metadata] Adding metadata to "/Users/marcelbuian/projects/mb/marcel-vibe/Deepium 2026/MarcelVibe/24/Soul Engineers, Broken Adam - Kalkan (Extended Mix) - 2024.mp3"
[EmbedThumbnail] ffmpeg: Adding thumbnail to "/Users/marcelbuian/projects/mb/marcel-vibe/Deepium 2026/MarcelVibe/24/Soul Engineers, Broken Adam - Kalkan (Extended Mix) - 2024.mp3"
[youtube] Extracting URL: https://www.youtube.com/watch?v=1nfR0e3pQZQ
[youtube] Sleeping 1.0 seconds ...
[youtube] 1nfR0e3pQZQ: Downloading webpage
[youtube] Sleeping 1.0 seconds ...
[youtube] 1nfR0e3pQZQ: Downloading visionos player API JSON
[youtube] Sleeping 1.0 seconds ...
[youtube] 1nfR0e3pQZQ: Downloading m3u8 information
[info] 1nfR0e3pQZQ: Downloading 1 format(s): 251
[info] Downloading video thumbnail 44 ...
[info] Writing video thumbnail 44 to: /Users/marcelbuian/projects/mb/marcel-vibe/Deepium 2026/MarcelVibe/24/Aman Anand & Frankie Vertigo - Can't Stop [Gai Barone Extended Remix] [BEST PROGRESSIVE HOUSE] - 2026.webp
[ThumbnailsConvertor] Converting thumbnail "/Users/marcelbuian/projects/mb/marcel-vibe/Deepium 2026/MarcelVibe/24/Aman Anand & Frankie Vertigo - Can't Stop [Gai Barone Extended Remix] [BEST PROGRESSIVE HOUSE] - 2026.webp" to jpg
Deleting original file /Users/marcelbuian/projects/mb/marcel-vibe/Deepium 2026/MarcelVibe/24/Aman Anand & Frankie Vertigo - Can't Stop [Gai Barone Extended Remix] [BEST PROGRESSIVE HOUSE] - 2026.webp (pass -k to keep)
[download] Sleeping 1.53 seconds ...
[download] Destination: /Users/marcelbuian/projects/mb/marcel-vibe/Deepium 2026/MarcelVibe/24/Aman Anand & Frankie Vertigo - Can't Stop [Gai Barone Extended Remix] [BEST PROGRESSIVE HOUSE] - 2026.webm

[download]   0.0% of    7.10MiB at  909.83KiB/s ETA 00:08
[download]   0.0% of    7.10MiB at    2.18MiB/s ETA 00:03
[download]   0.1% of    7.10MiB at    4.67MiB/s ETA 00:01
[download]   0.2% of    7.10MiB at    9.31MiB/s ETA 00:00
[download]   0.4% of    7.10MiB at   17.99MiB/s ETA 00:00
[download]   0.9% of    7.10MiB at   33.55MiB/s ETA 00:00
[download]   1.7% of    7.10MiB at   59.92MiB/s ETA 00:00
[download]   3.5% of    7.10MiB at   48.41MiB/s ETA 00:00
[download]   7.0% of    7.10MiB at   52.25MiB/s ETA 00:00
[download]  14.1% of    7.10MiB at   57.78MiB/s ETA 00:00
[download]  28.1% of    7.10MiB at   54.36MiB/s ETA 00:00
[download]  56.3% of    7.10MiB at   41.56MiB/s ETA 00:00
[download] 100.0% of    7.10MiB at   36.17MiB/s ETA 00:00
[download] 100% of    7.10MiB in 00:00:00 at 27.21MiB/s  
[ExtractAudio] Destination: /Users/marcelbuian/projects/mb/marcel-vibe/Deepium 2026/MarcelVibe/24/Aman Anand & Frankie Vertigo - Can't Stop [Gai Barone Extended Remix] [BEST PROGRESSIVE HOUSE] - 2026.mp3
Deleting original file /Users/marcelbuian/projects/mb/marcel-vibe/Deepium 2026/MarcelVibe/24/Aman Anand & Frankie Vertigo - Can't Stop [Gai Barone Extended Remix] [BEST PROGRESSIVE HOUSE] - 2026.webm (pass -k to keep)
[Metadata] Adding metadata to "/Users/marcelbuian/projects/mb/marcel-vibe/Deepium 2026/MarcelVibe/24/Aman Anand & Frankie Vertigo - Can't Stop [Gai Barone Extended Remix] [BEST PROGRESSIVE HOUSE] - 2026.mp3"
[EmbedThumbnail] ffmpeg: Adding thumbnail to "/Users/marcelbuian/projects/mb/marcel-vibe/Deepium 2026/MarcelVibe/24/Aman Anand & Frankie Vertigo - Can't Stop [Gai Barone Extended Remix] [BEST PROGRESSIVE HOUSE] - 2026.mp3"
[youtube] Extracting URL: https://www.youtube.com/watch?v=CFU036dzPXE
[youtube] Sleeping 1.0 seconds ...
[youtube] CFU036dzPXE: Downloading webpage
[youtube] Sleeping 1.0 seconds ...
[youtube] CFU036dzPXE: Downloading visionos player API JSON
[youtube] Sleeping 1.0 seconds ...
[youtube] CFU036dzPXE: Downloading m3u8 information
[info] CFU036dzPXE: Downloading 1 format(s): 251
[info] Downloading video thumbnail 43 ...
[info] Writing video thumbnail 43 to: /Users/marcelbuian/projects/mb/marcel-vibe/Deepium 2026/MarcelVibe/24/Gai Barone - Shuttered (Original Mix) - 2025.webp
[ThumbnailsConvertor] Converting thumbnail "/Users/marcelbuian/projects/mb/marcel-vibe/Deepium 2026/MarcelVibe/24/Gai Barone - Shuttered (Original Mix) - 2025.webp" to jpg
Deleting original file /Users/marcelbuian/projects/mb/marcel-vibe/Deepium 2026/MarcelVibe/24/Gai Barone - Shuttered (Original Mix) - 2025.webp (pass -k to keep)
[download] Sleeping 2.37 seconds ...
[download] Destination: /Users/marcelbuian/projects/mb/marcel-vibe/Deepium 2026/MarcelVibe/24/Gai Barone - Shuttered (Original Mix) - 2025.webm

[download]   0.0% of    3.14MiB at  439.52KiB/s ETA 00:07
[download]   0.1% of    3.14MiB at    1.18MiB/s ETA 00:02
[download]   0.2% of    3.14MiB at    2.66MiB/s ETA 00:01
[download]   0.5% of    3.14MiB at    5.53MiB/s ETA 00:00
[download]   1.0% of    3.14MiB at    4.27MiB/s ETA 00:00
[download]   2.0% of    3.14MiB at    3.22MiB/s ETA 00:00
[download]   3.9% of    3.14MiB at    3.22MiB/s ETA 00:00
[download]   7.9% of    3.14MiB at    6.42MiB/s ETA 00:00
[download]  15.9% of    3.14MiB at    6.29MiB/s ETA 00:00
[download]  31.8% of    3.14MiB at    9.85MiB/s ETA 00:00
[download]  63.6% of    3.14MiB at   11.34MiB/s ETA 00:00
[download] 100.0% of    3.14MiB at    8.66MiB/s ETA 00:00
[download] 100% of    3.14MiB in 00:00:01 at 2.63MiB/s   
[ExtractAudio] Destination: /Users/marcelbuian/projects/mb/marcel-vibe/Deepium 2026/MarcelVibe/24/Gai Barone - Shuttered (Original Mix) - 2025.mp3
Deleting original file /Users/marcelbuian/projects/mb/marcel-vibe/Deepium 2026/MarcelVibe/24/Gai Barone - Shuttered (Original Mix) - 2025.webm (pass -k to keep)
[Metadata] Adding metadata to "/Users/marcelbuian/projects/mb/marcel-vibe/Deepium 2026/MarcelVibe/24/Gai Barone - Shuttered (Original Mix) - 2025.mp3"
[EmbedThumbnail] ffmpeg: Adding thumbnail to "/Users/marcelbuian/projects/mb/marcel-vibe/Deepium 2026/MarcelVibe/24/Gai Barone - Shuttered (Original Mix) - 2025.mp3"
[youtube] Extracting URL: https://www.youtube.com/watch?v=vIkEsjwey_I
[youtube] Sleeping 1.0 seconds ...
[youtube] vIkEsjwey_I: Downloading webpage
[youtube] Sleeping 1.0 seconds ...
[youtube] vIkEsjwey_I: Downloading visionos player API JSON
[youtube] Sleeping 1.0 seconds ...
[youtube] vIkEsjwey_I: Downloading m3u8 information
[info] vIkEsjwey_I: Downloading 1 format(s): 251
[info] Downloading video thumbnail 44 ...
[info] Writing video thumbnail 44 to: /Users/marcelbuian/projects/mb/marcel-vibe/Deepium 2026/MarcelVibe/24/Ilias Katelanos, Plecta - Asphodel (Original Mix) - 2024.webp
[ThumbnailsConvertor] Converting thumbnail "/Users/marcelbuian/projects/mb/marcel-vibe/Deepium 2026/MarcelVibe/24/Ilias Katelanos, Plecta - Asphodel (Original Mix) - 2024.webp" to jpg
Deleting original file /Users/marcelbuian/projects/mb/marcel-vibe/Deepium 2026/MarcelVibe/24/Ilias Katelanos, Plecta - Asphodel (Original Mix) - 2024.webp (pass -k to keep)
[download] Sleeping 1.45 seconds ...
[download] Destination: /Users/marcelbuian/projects/mb/marcel-vibe/Deepium 2026/MarcelVibe/24/Ilias Katelanos, Plecta - Asphodel (Original Mix) - 2024.webm

[download]   0.0% of    6.36MiB at   63.36KiB/s ETA 01:42
[download]   0.0% of    6.36MiB at  186.92KiB/s ETA 00:34
[download]   0.1% of    6.36MiB at  433.33KiB/s ETA 00:15
[download]   0.2% of    6.36MiB at  922.85KiB/s ETA 00:07
[download]   0.5% of    6.36MiB at    1.22MiB/s ETA 00:05
[download]   1.0% of    6.36MiB at    1.57MiB/s ETA 00:04
[download]   2.0% of    6.36MiB at    1.88MiB/s ETA 00:03
[download]   3.9% of    6.36MiB at 1012.81KiB/s ETA 00:06
[download]   7.8% of    6.36MiB at  573.50KiB/s ETA 00:10
[download]  14.0% of    6.36MiB at  602.18KiB/s ETA 00:09
[download]  23.9% of    6.36MiB at  565.72KiB/s ETA 00:08
[download]  31.9% of    6.36MiB at  423.32KiB/s ETA 00:10
[download]  35.9% of    6.36MiB at  446.41KiB/s ETA 00:09
[download]  43.9% of    6.36MiB at  450.25KiB/s ETA 00:08
[download]  51.1% of    6.36MiB at  471.73KiB/s ETA 00:06
[download]  61.3% of    6.36MiB at  425.26KiB/s ETA 00:05
[download]  66.4% of    6.36MiB at  425.19KiB/s ETA 00:05
[download]  72.9% of    6.36MiB at  384.28KiB/s ETA 00:04
[download]  76.2% of    6.36MiB at  389.09KiB/s ETA 00:03
[download]  82.7% of    6.36MiB at  398.36KiB/s ETA 00:02
[download]  91.2% of    6.36MiB at  406.16KiB/s ETA 00:01
[download]  98.9% of    6.36MiB at  406.61KiB/s ETA 00:00
[download] 100.0% of    6.36MiB at  407.93KiB/s ETA 00:00
[download] 100% of    6.36MiB in 00:00:17 at 382.07KiB/s 
[ExtractAudio] Destination: /Users/marcelbuian/projects/mb/marcel-vibe/Deepium 2026/MarcelVibe/24/Ilias Katelanos, Plecta - Asphodel (Original Mix) - 2024.mp3
Deleting original file /Users/marcelbuian/projects/mb/marcel-vibe/Deepium 2026/MarcelVibe/24/Ilias Katelanos, Plecta - Asphodel (Original Mix) - 2024.webm (pass -k to keep)
[Metadata] Adding metadata to "/Users/marcelbuian/projects/mb/marcel-vibe/Deepium 2026/MarcelVibe/24/Ilias Katelanos, Plecta - Asphodel (Original Mix) - 2024.mp3"
[EmbedThumbnail] ffmpeg: Adding thumbnail to "/Users/marcelbuian/projects/mb/marcel-vibe/Deepium 2026/MarcelVibe/24/Ilias Katelanos, Plecta - Asphodel (Original Mix) - 2024.mp3"
[youtube] Extracting URL: https://www.youtube.com/watch?v=tUyg8ngvH-I
[youtube] Sleeping 1.0 seconds ...
[youtube] tUyg8ngvH-I: Downloading webpage
[youtube] Sleeping 1.0 seconds ...
[youtube] tUyg8ngvH-I: Downloading visionos player API JSON
[youtube] Sleeping 1.0 seconds ...
[youtube] tUyg8ngvH-I: Downloading m3u8 information
[info] tUyg8ngvH-I: Downloading 1 format(s): 251
[info] Downloading video thumbnail 44 ...
[info] Writing video thumbnail 44 to: /Users/marcelbuian/projects/mb/marcel-vibe/Deepium 2026/MarcelVibe/24/PREMIERE： Sunar - Desert Rose (Molac Remix) [Songuara] - 2024.webp
[ThumbnailsConvertor] Converting thumbnail "/Users/marcelbuian/projects/mb/marcel-vibe/Deepium 2026/MarcelVibe/24/PREMIERE： Sunar - Desert Rose (Molac Remix) [Songuara] - 2024.webp" to jpg
Deleting original file /Users/marcelbuian/projects/mb/marcel-vibe/Deepium 2026/MarcelVibe/24/PREMIERE： Sunar - Desert Rose (Molac Remix) [Songuara] - 2024.webp (pass -k to keep)
[download] Sleeping 2.88 seconds ...
[download] Destination: /Users/marcelbuian/projects/mb/marcel-vibe/Deepium 2026/MarcelVibe/24/PREMIERE： Sunar - Desert Rose (Molac Remix) [Songuara] - 2024.webm

[download]   0.0% of    6.80MiB at  512.31KiB/s ETA 00:14
[download]   0.0% of    6.80MiB at    1.16MiB/s ETA 00:05
[download]   0.1% of    6.80MiB at    2.47MiB/s ETA 00:02
[download]   0.2% of    6.80MiB at    4.90MiB/s ETA 00:01
[download]   0.4% of    6.80MiB at    5.18MiB/s ETA 00:01
[download]   0.9% of    6.80MiB at    6.02MiB/s ETA 00:01
[download]   1.8% of    6.80MiB at    3.39MiB/s ETA 00:01
[download]   3.7% of    6.80MiB at    3.37MiB/s ETA 00:01
[download]   7.3% of    6.80MiB at    4.44MiB/s ETA 00:01
[download]  14.7% of    6.80MiB at    6.67MiB/s ETA 00:00
[download]  29.4% of    6.80MiB at    9.19MiB/s ETA 00:00
[download]  58.8% of    6.80MiB at   15.22MiB/s ETA 00:00
[download] 100.0% of    6.80MiB at   13.88MiB/s ETA 00:00
[download] 100% of    6.80MiB in 00:00:00 at 8.62MiB/s   
[ExtractAudio] Destination: /Users/marcelbuian/projects/mb/marcel-vibe/Deepium 2026/MarcelVibe/24/PREMIERE： Sunar - Desert Rose (Molac Remix) [Songuara] - 2024.mp3
Deleting original file /Users/marcelbuian/projects/mb/marcel-vibe/Deepium 2026/MarcelVibe/24/PREMIERE： Sunar - Desert Rose (Molac Remix) [Songuara] - 2024.webm (pass -k to keep)
[Metadata] Adding metadata to "/Users/marcelbuian/projects/mb/marcel-vibe/Deepium 2026/MarcelVibe/24/PREMIERE： Sunar - Desert Rose (Molac Remix) [Songuara] - 2024.mp3"
[EmbedThumbnail] ffmpeg: Adding thumbnail to "/Users/marcelbuian/projects/mb/marcel-vibe/Deepium 2026/MarcelVibe/24/PREMIERE： Sunar - Desert Rose (Molac Remix) [Songuara] - 2024.mp3"
[youtube] Extracting URL: https://www.youtube.com/watch?v=iosaSwiYp4E
[youtube] Sleeping 1.0 seconds ...
[youtube] iosaSwiYp4E: Downloading webpage
[youtube] Sleeping 1.0 seconds ...
[youtube] iosaSwiYp4E: Downloading visionos player API JSON
[youtube] Sleeping 1.0 seconds ...
[youtube] iosaSwiYp4E: Downloading m3u8 information
[info] iosaSwiYp4E: Downloading 1 format(s): 251
[info] Downloading video thumbnail 44 ...
[info] Writing video thumbnail 44 to: /Users/marcelbuian/projects/mb/marcel-vibe/Deepium 2026/MarcelVibe/24/Kolsch - All That Matters (ARTBAT remix), Official Video - 2023.webp
[ThumbnailsConvertor] Converting thumbnail "/Users/marcelbuian/projects/mb/marcel-vibe/Deepium 2026/MarcelVibe/24/Kolsch - All That Matters (ARTBAT remix), Official Video - 2023.webp" to jpg
Deleting original file /Users/marcelbuian/projects/mb/marcel-vibe/Deepium 2026/MarcelVibe/24/Kolsch - All That Matters (ARTBAT remix), Official Video - 2023.webp (pass -k to keep)
[download] Sleeping 2.99 seconds ...
[download] Destination: /Users/marcelbuian/projects/mb/marcel-vibe/Deepium 2026/MarcelVibe/24/Kolsch - All That Matters (ARTBAT remix), Official Video - 2023.webm

[download]   0.0% of    8.01MiB at   43.08KiB/s ETA 03:10
[download]   0.0% of    8.01MiB at  128.05KiB/s ETA 01:04
[download]   0.1% of    8.01MiB at  297.75KiB/s ETA 00:27
[download]   0.2% of    8.01MiB at  636.02KiB/s ETA 00:12
[download]   0.4% of    8.01MiB at  570.17KiB/s ETA 00:14
[download]   0.8% of    8.01MiB at  480.22KiB/s ETA 00:16
[download]   1.5% of    8.01MiB at  453.18KiB/s ETA 00:17
[download]   3.1% of    8.01MiB at  551.41KiB/s ETA 00:14
[download]   6.2% of    8.01MiB at  747.78KiB/s ETA 00:10
[download]  12.5% of    8.01MiB at  694.02KiB/s ETA 00:10
[download]  20.4% of    8.01MiB at  659.81KiB/s ETA 00:09
[download]  27.8% of    8.01MiB at  668.43KiB/s ETA 00:08
[download]  36.3% of    8.01MiB at  672.93KiB/s ETA 00:07
[download]  44.7% of    8.01MiB at  647.00KiB/s ETA 00:07
[download]  51.5% of    8.01MiB at  621.32KiB/s ETA 00:06
[download]  57.5% of    8.01MiB at  574.03KiB/s ETA 00:06
[download]  61.7% of    8.01MiB at  566.65KiB/s ETA 00:05
[download]  67.6% of    8.01MiB at  556.18KiB/s ETA 00:04
[download]  73.3% of    8.01MiB at  561.52KiB/s ETA 00:03
[download]  81.0% of    8.01MiB at  560.19KiB/s ETA 00:02
[download]  87.7% of    8.01MiB at  571.35KiB/s ETA 00:01
[download]  96.9% of    8.01MiB at  579.94KiB/s ETA 00:00
[download] 100.0% of    8.01MiB at  570.90KiB/s ETA 00:00
[download] 100% of    8.01MiB in 00:00:14 at 567.13KiB/s 
[ExtractAudio] Destination: /Users/marcelbuian/projects/mb/marcel-vibe/Deepium 2026/MarcelVibe/24/Kolsch - All That Matters (ARTBAT remix), Official Video - 2023.mp3
Deleting original file /Users/marcelbuian/projects/mb/marcel-vibe/Deepium 2026/MarcelVibe/24/Kolsch - All That Matters (ARTBAT remix), Official Video - 2023.webm (pass -k to keep)
[Metadata] Adding metadata to "/Users/marcelbuian/projects/mb/marcel-vibe/Deepium 2026/MarcelVibe/24/Kolsch - All That Matters (ARTBAT remix), Official Video - 2023.mp3"
[EmbedThumbnail] ffmpeg: Adding thumbnail to "/Users/marcelbuian/projects/mb/marcel-vibe/Deepium 2026/MarcelVibe/24/Kolsch - All That Matters (ARTBAT remix), Official Video - 2023.mp3"
Reading URLs from STDIN - EOF (Ctrl+D) to end:

===== 09 (#09 - 2025-06-29 Wied il-Ghasri, Gozo) 15:12:15
[youtube] Extracting URL: https://www.youtube.com/watch?v=Zskzsn_dkss
[youtube] Zskzsn_dkss: Downloading webpage
[youtube] Sleeping 1.0 seconds ...
[youtube] Zskzsn_dkss: Downloading visionos player API JSON
[youtube] Sleeping 1.0 seconds ...
[youtube] Zskzsn_dkss: Downloading m3u8 information
[info] Zskzsn_dkss: Downloading 1 format(s): 251
[info] Downloading video thumbnail 41 ...
[info] Writing video thumbnail 41 to: /Users/marcelbuian/projects/mb/marcel-vibe/Deepium 2026/MarcelVibe/09/Deep Spelle - Funk Foot (Original Mix) - 2016.webp
[ThumbnailsConvertor] Converting thumbnail "/Users/marcelbuian/projects/mb/marcel-vibe/Deepium 2026/MarcelVibe/09/Deep Spelle - Funk Foot (Original Mix) - 2016.webp" to jpg
Deleting original file /Users/marcelbuian/projects/mb/marcel-vibe/Deepium 2026/MarcelVibe/09/Deep Spelle - Funk Foot (Original Mix) - 2016.webp (pass -k to keep)
[download] Sleeping 2.09 seconds ...
[download] Destination: /Users/marcelbuian/projects/mb/marcel-vibe/Deepium 2026/MarcelVibe/09/Deep Spelle - Funk Foot (Original Mix) - 2016.webm

[download]   0.0% of    7.44MiB at  481.00KiB/s ETA 00:16
[download]   0.0% of    7.44MiB at    1.10MiB/s ETA 00:06
[download]   0.1% of    7.44MiB at    2.29MiB/s ETA 00:03
[download]   0.2% of    7.44MiB at    4.48MiB/s ETA 00:01
[download]   0.4% of    7.44MiB at    4.61MiB/s ETA 00:01
[download]   0.8% of    7.44MiB at    5.67MiB/s ETA 00:01
[download]   1.7% of    7.44MiB at    8.12MiB/s ETA 00:00
[download]   3.3% of    7.44MiB at   11.15MiB/s ETA 00:00
[download]   6.7% of    7.44MiB at   15.65MiB/s ETA 00:00
[download]  13.4% of    7.44MiB at   15.13MiB/s ETA 00:00
[download]  26.9% of    7.44MiB at   15.14MiB/s ETA 00:00
[download]  53.7% of    7.44MiB at   22.94MiB/s ETA 00:00
[download] 100.0% of    7.44MiB at   17.05MiB/s ETA 00:00
[download] 100% of    7.44MiB in 00:00:00 at 12.74MiB/s  
[ExtractAudio] Destination: /Users/marcelbuian/projects/mb/marcel-vibe/Deepium 2026/MarcelVibe/09/Deep Spelle - Funk Foot (Original Mix) - 2016.mp3
Deleting original file /Users/marcelbuian/projects/mb/marcel-vibe/Deepium 2026/MarcelVibe/09/Deep Spelle - Funk Foot (Original Mix) - 2016.webm (pass -k to keep)
[Metadata] Adding metadata to "/Users/marcelbuian/projects/mb/marcel-vibe/Deepium 2026/MarcelVibe/09/Deep Spelle - Funk Foot (Original Mix) - 2016.mp3"
[EmbedThumbnail] ffmpeg: Adding thumbnail to "/Users/marcelbuian/projects/mb/marcel-vibe/Deepium 2026/MarcelVibe/09/Deep Spelle - Funk Foot (Original Mix) - 2016.mp3"
[youtube] Extracting URL: https://www.youtube.com/watch?v=C_9BSPE-v7M
[youtube] Sleeping 1.0 seconds ...
[youtube] C_9BSPE-v7M: Downloading webpage
[youtube] Sleeping 1.0 seconds ...
[youtube] C_9BSPE-v7M: Downloading visionos player API JSON
[youtube] Sleeping 1.0 seconds ...
[youtube] C_9BSPE-v7M: Downloading m3u8 information
[info] C_9BSPE-v7M: Downloading 1 format(s): 251
[info] Downloading video thumbnail 41 ...
[info] Writing video thumbnail 41 to: /Users/marcelbuian/projects/mb/marcel-vibe/Deepium 2026/MarcelVibe/09/Krasa Rosa - Solnce  [Live Mix] - 2022.webp
[ThumbnailsConvertor] Converting thumbnail "/Users/marcelbuian/projects/mb/marcel-vibe/Deepium 2026/MarcelVibe/09/Krasa Rosa - Solnce  [Live Mix] - 2022.webp" to jpg
Deleting original file /Users/marcelbuian/projects/mb/marcel-vibe/Deepium 2026/MarcelVibe/09/Krasa Rosa - Solnce  [Live Mix] - 2022.webp (pass -k to keep)
[download] Sleeping 1.43 seconds ...
[download] Destination: /Users/marcelbuian/projects/mb/marcel-vibe/Deepium 2026/MarcelVibe/09/Krasa Rosa - Solnce  [Live Mix] - 2022.webm

[download]   0.0% of    4.79MiB at  Unknown B/s ETA Unknown
[download]   0.1% of    4.79MiB at    2.37MiB/s ETA 00:02  
[download]   0.1% of    4.79MiB at    4.69MiB/s ETA 00:01
[download]   0.3% of    4.79MiB at    8.87MiB/s ETA 00:00
[download]   0.6% of    4.79MiB at   12.92MiB/s ETA 00:00
[download]   1.3% of    4.79MiB at   23.71MiB/s ETA 00:00
[download]   2.6% of    4.79MiB at   19.74MiB/s ETA 00:00
[download]   5.2% of    4.79MiB at   16.90MiB/s ETA 00:00
[download]  10.4% of    4.79MiB at   17.52MiB/s ETA 00:00
[download]  20.8% of    4.79MiB at   15.24MiB/s ETA 00:00
[download]  41.7% of    4.79MiB at   15.50MiB/s ETA 00:00
[download]  83.4% of    4.79MiB at    8.99MiB/s ETA 00:00
[download] 100.0% of    4.79MiB at   10.36MiB/s ETA 00:00
[download] 100% of    4.79MiB in 00:00:00 at 7.89MiB/s   
[ExtractAudio] Destination: /Users/marcelbuian/projects/mb/marcel-vibe/Deepium 2026/MarcelVibe/09/Krasa Rosa - Solnce  [Live Mix] - 2022.mp3
Deleting original file /Users/marcelbuian/projects/mb/marcel-vibe/Deepium 2026/MarcelVibe/09/Krasa Rosa - Solnce  [Live Mix] - 2022.webm (pass -k to keep)
[Metadata] Adding metadata to "/Users/marcelbuian/projects/mb/marcel-vibe/Deepium 2026/MarcelVibe/09/Krasa Rosa - Solnce  [Live Mix] - 2022.mp3"
[EmbedThumbnail] ffmpeg: Adding thumbnail to "/Users/marcelbuian/projects/mb/marcel-vibe/Deepium 2026/MarcelVibe/09/Krasa Rosa - Solnce  [Live Mix] - 2022.mp3"
[youtube] Extracting URL: https://www.youtube.com/watch?v=luE9PfqMtpk
[youtube] Sleeping 1.0 seconds ...
[youtube] luE9PfqMtpk: Downloading webpage
[youtube] Sleeping 1.0 seconds ...
[youtube] luE9PfqMtpk: Downloading visionos player API JSON
[youtube] Sleeping 1.0 seconds ...
[youtube] luE9PfqMtpk: Downloading m3u8 information
[info] luE9PfqMtpk: Downloading 1 format(s): 251
[info] Downloading video thumbnail 41 ...
[info] Writing video thumbnail 41 to: /Users/marcelbuian/projects/mb/marcel-vibe/Deepium 2026/MarcelVibe/09/Mike Rish - Cloudbreaker (Original Mix) - 2025.webp
[ThumbnailsConvertor] Converting thumbnail "/Users/marcelbuian/projects/mb/marcel-vibe/Deepium 2026/MarcelVibe/09/Mike Rish - Cloudbreaker (Original Mix) - 2025.webp" to jpg
Deleting original file /Users/marcelbuian/projects/mb/marcel-vibe/Deepium 2026/MarcelVibe/09/Mike Rish - Cloudbreaker (Original Mix) - 2025.webp (pass -k to keep)
[download] Sleeping 2.40 seconds ...
[download] Destination: /Users/marcelbuian/projects/mb/marcel-vibe/Deepium 2026/MarcelVibe/09/Mike Rish - Cloudbreaker (Original Mix) - 2025.webm

[download]   0.0% of    7.25MiB at  445.07KiB/s ETA 00:16
[download]   0.0% of    7.25MiB at    1.04MiB/s ETA 00:06
[download]   0.1% of    7.25MiB at    2.19MiB/s ETA 00:03
[download]   0.2% of    7.25MiB at    4.28MiB/s ETA 00:01
[download]   0.4% of    7.25MiB at    3.97MiB/s ETA 00:01
[download]   0.8% of    7.25MiB at    4.87MiB/s ETA 00:01
[download]   1.7% of    7.25MiB at    6.80MiB/s ETA 00:01
[download]   3.4% of    7.25MiB at   10.63MiB/s ETA 00:00
[download]   6.9% of    7.25MiB at   15.17MiB/s ETA 00:00
[download]  13.8% of    7.25MiB at   14.79MiB/s ETA 00:00
[download]  27.6% of    7.25MiB at   14.83MiB/s ETA 00:00
[download]  55.2% of    7.25MiB at   12.36MiB/s ETA 00:00
[download] 100.0% of    7.25MiB at    7.38MiB/s ETA 00:00
[download] 100% of    7.25MiB in 00:00:01 at 6.49MiB/s   
[ExtractAudio] Destination: /Users/marcelbuian/projects/mb/marcel-vibe/Deepium 2026/MarcelVibe/09/Mike Rish - Cloudbreaker (Original Mix) - 2025.mp3
Deleting original file /Users/marcelbuian/projects/mb/marcel-vibe/Deepium 2026/MarcelVibe/09/Mike Rish - Cloudbreaker (Original Mix) - 2025.webm (pass -k to keep)
[Metadata] Adding metadata to "/Users/marcelbuian/projects/mb/marcel-vibe/Deepium 2026/MarcelVibe/09/Mike Rish - Cloudbreaker (Original Mix) - 2025.mp3"
[EmbedThumbnail] ffmpeg: Adding thumbnail to "/Users/marcelbuian/projects/mb/marcel-vibe/Deepium 2026/MarcelVibe/09/Mike Rish - Cloudbreaker (Original Mix) - 2025.mp3"
[youtube] Extracting URL: https://www.youtube.com/watch?v=WaGIfFyLin8
[youtube] Sleeping 1.0 seconds ...
[youtube] WaGIfFyLin8: Downloading webpage
[youtube] Sleeping 1.0 seconds ...
[youtube] WaGIfFyLin8: Downloading visionos player API JSON
[youtube] Sleeping 1.0 seconds ...
[youtube] WaGIfFyLin8: Downloading m3u8 information
[info] WaGIfFyLin8: Downloading 1 format(s): 251
[info] Downloading video thumbnail 41 ...
[info] Writing video thumbnail 41 to: /Users/marcelbuian/projects/mb/marcel-vibe/Deepium 2026/MarcelVibe/09/Volen Sentir, Marsh - Ascension (Radio MIX) - 2025.webp
[ThumbnailsConvertor] Converting thumbnail "/Users/marcelbuian/projects/mb/marcel-vibe/Deepium 2026/MarcelVibe/09/Volen Sentir, Marsh - Ascension (Radio MIX) - 2025.webp" to jpg
Deleting original file /Users/marcelbuian/projects/mb/marcel-vibe/Deepium 2026/MarcelVibe/09/Volen Sentir, Marsh - Ascension (Radio MIX) - 2025.webp (pass -k to keep)
[download] Sleeping 1.51 seconds ...
[download] Destination: /Users/marcelbuian/projects/mb/marcel-vibe/Deepium 2026/MarcelVibe/09/Volen Sentir, Marsh - Ascension (Radio MIX) - 2025.webm

[download]   0.0% of    3.94MiB at  Unknown B/s ETA Unknown
[download]   0.1% of    3.94MiB at    2.51MiB/s ETA 00:01  
[download]   0.2% of    3.94MiB at    4.62MiB/s ETA 00:00
[download]   0.4% of    3.94MiB at    8.73MiB/s ETA 00:00
[download]   0.8% of    3.94MiB at   16.10MiB/s ETA 00:00
[download]   1.6% of    3.94MiB at   17.11MiB/s ETA 00:00
[download]   3.1% of    3.94MiB at    3.25MiB/s ETA 00:01
[download]   6.3% of    3.94MiB at    3.19MiB/s ETA 00:01
[download]  12.7% of    3.94MiB at    4.20MiB/s ETA 00:00
[download]  25.3% of    3.94MiB at    6.05MiB/s ETA 00:00
[download]  50.7% of    3.94MiB at    8.58MiB/s ETA 00:00
[download] 100.0% of    3.94MiB at   14.44MiB/s ETA 00:00
[download] 100% of    3.94MiB in 00:00:00 at 7.02MiB/s   
[ExtractAudio] Destination: /Users/marcelbuian/projects/mb/marcel-vibe/Deepium 2026/MarcelVibe/09/Volen Sentir, Marsh - Ascension (Radio MIX) - 2025.mp3
Deleting original file /Users/marcelbuian/projects/mb/marcel-vibe/Deepium 2026/MarcelVibe/09/Volen Sentir, Marsh - Ascension (Radio MIX) - 2025.webm (pass -k to keep)
[Metadata] Adding metadata to "/Users/marcelbuian/projects/mb/marcel-vibe/Deepium 2026/MarcelVibe/09/Volen Sentir, Marsh - Ascension (Radio MIX) - 2025.mp3"
[EmbedThumbnail] ffmpeg: Adding thumbnail to "/Users/marcelbuian/projects/mb/marcel-vibe/Deepium 2026/MarcelVibe/09/Volen Sentir, Marsh - Ascension (Radio MIX) - 2025.mp3"
[youtube] Extracting URL: https://www.youtube.com/watch?v=e-N9put-UT8
[youtube] Sleeping 1.0 seconds ...
[youtube] e-N9put-UT8: Downloading webpage
[youtube] Sleeping 1.0 seconds ...
[youtube] e-N9put-UT8: Downloading visionos player API JSON
[youtube] Sleeping 1.0 seconds ...
[youtube] e-N9put-UT8: Downloading m3u8 information
[info] e-N9put-UT8: Downloading 1 format(s): 251
[info] Downloading video thumbnail 44 ...
[info] Writing video thumbnail 44 to: /Users/marcelbuian/projects/mb/marcel-vibe/Deepium 2026/MarcelVibe/09/Söhns & Pambouk - Canyon Beauty [Exclusive Premiere] - 2021.webp
[ThumbnailsConvertor] Converting thumbnail "/Users/marcelbuian/projects/mb/marcel-vibe/Deepium 2026/MarcelVibe/09/Söhns & Pambouk - Canyon Beauty [Exclusive Premiere] - 2021.webp" to jpg
Deleting original file /Users/marcelbuian/projects/mb/marcel-vibe/Deepium 2026/MarcelVibe/09/Söhns & Pambouk - Canyon Beauty [Exclusive Premiere] - 2021.webp (pass -k to keep)
[download] Sleeping 2.23 seconds ...
[download] Destination: /Users/marcelbuian/projects/mb/marcel-vibe/Deepium 2026/MarcelVibe/09/Söhns & Pambouk - Canyon Beauty [Exclusive Premiere] - 2021.webm

[download]   0.0% of    7.48MiB at  491.65KiB/s ETA 00:15
[download]   0.0% of    7.48MiB at    1.19MiB/s ETA 00:06
[download]   0.1% of    7.48MiB at    2.37MiB/s ETA 00:03
[download]   0.2% of    7.48MiB at    4.66MiB/s ETA 00:01
[download]   0.4% of    7.48MiB at    8.92MiB/s ETA 00:00
[download]   0.8% of    7.48MiB at   16.95MiB/s ETA 00:00
[download]   1.7% of    7.48MiB at   16.38MiB/s ETA 00:00
[download]   3.3% of    7.48MiB at   15.46MiB/s ETA 00:00
[download]   6.7% of    7.48MiB at   15.98MiB/s ETA 00:00
[download]  13.4% of    7.48MiB at   14.67MiB/s ETA 00:00
[download]  26.7% of    7.48MiB at   14.92MiB/s ETA 00:00
[download]  53.5% of    7.48MiB at   22.74MiB/s ETA 00:00
[download] 100.0% of    7.48MiB at   18.85MiB/s ETA 00:00
[download] 100% of    7.48MiB in 00:00:00 at 13.03MiB/s  
[ExtractAudio] Destination: /Users/marcelbuian/projects/mb/marcel-vibe/Deepium 2026/MarcelVibe/09/Söhns & Pambouk - Canyon Beauty [Exclusive Premiere] - 2021.mp3
Deleting original file /Users/marcelbuian/projects/mb/marcel-vibe/Deepium 2026/MarcelVibe/09/Söhns & Pambouk - Canyon Beauty [Exclusive Premiere] - 2021.webm (pass -k to keep)
[Metadata] Adding metadata to "/Users/marcelbuian/projects/mb/marcel-vibe/Deepium 2026/MarcelVibe/09/Söhns & Pambouk - Canyon Beauty [Exclusive Premiere] - 2021.mp3"
[EmbedThumbnail] ffmpeg: Adding thumbnail to "/Users/marcelbuian/projects/mb/marcel-vibe/Deepium 2026/MarcelVibe/09/Söhns & Pambouk - Canyon Beauty [Exclusive Premiere] - 2021.mp3"
[youtube] Extracting URL: https://www.youtube.com/watch?v=s7vH2qySsLQ
[youtube] Sleeping 1.0 seconds ...
[youtube] s7vH2qySsLQ: Downloading webpage
[youtube] Sleeping 1.0 seconds ...
[youtube] s7vH2qySsLQ: Downloading visionos player API JSON
[youtube] Sleeping 1.0 seconds ...
[youtube] s7vH2qySsLQ: Downloading m3u8 information
[info] s7vH2qySsLQ: Downloading 1 format(s): 251
[info] Downloading video thumbnail 41 ...
[info] Writing video thumbnail 41 to: /Users/marcelbuian/projects/mb/marcel-vibe/Deepium 2026/MarcelVibe/09/Above & Beyond and anamē feat. Marty Longstaff - Gratitude (anamē Extended PM Mix) [@aboveandbeyond] - 2022.webp
[ThumbnailsConvertor] Converting thumbnail "/Users/marcelbuian/projects/mb/marcel-vibe/Deepium 2026/MarcelVibe/09/Above & Beyond and anamē feat. Marty Longstaff - Gratitude (anamē Extended PM Mix) [@aboveandbeyond] - 2022.webp" to jpg
Deleting original file /Users/marcelbuian/projects/mb/marcel-vibe/Deepium 2026/MarcelVibe/09/Above & Beyond and anamē feat. Marty Longstaff - Gratitude (anamē Extended PM Mix) [@aboveandbeyond] - 2022.webp (pass -k to keep)
[download] Sleeping 1.51 seconds ...
[download] Destination: /Users/marcelbuian/projects/mb/marcel-vibe/Deepium 2026/MarcelVibe/09/Above & Beyond and anamē feat. Marty Longstaff - Gratitude (anamē Extended PM Mix) [@aboveandbeyond] - 2022.webm

[download]   0.0% of    5.95MiB at  474.31KiB/s ETA 00:12
[download]   0.0% of    5.95MiB at    1.10MiB/s ETA 00:05
[download]   0.1% of    5.95MiB at    2.33MiB/s ETA 00:02
[download]   0.2% of    5.95MiB at    4.67MiB/s ETA 00:01
[download]   0.5% of    5.95MiB at    4.33MiB/s ETA 00:01
[download]   1.0% of    5.95MiB at    4.62MiB/s ETA 00:01
[download]   2.1% of    5.95MiB at    8.02MiB/s ETA 00:00
[download]   4.2% of    5.95MiB at   11.10MiB/s ETA 00:00
[download]   8.4% of    5.95MiB at   15.22MiB/s ETA 00:00
[download]  16.8% of    5.95MiB at    9.71MiB/s ETA 00:00
[download]  33.6% of    5.95MiB at    6.38MiB/s ETA 00:00
[download]  67.2% of    5.95MiB at    5.80MiB/s ETA 00:00
[download] 100.0% of    5.95MiB at    6.54MiB/s ETA 00:00
[download] 100% of    5.95MiB in 00:00:01 at 5.41MiB/s   
[ExtractAudio] Destination: /Users/marcelbuian/projects/mb/marcel-vibe/Deepium 2026/MarcelVibe/09/Above & Beyond and anamē feat. Marty Longstaff - Gratitude (anamē Extended PM Mix) [@aboveandbeyond] - 2022.mp3
Deleting original file /Users/marcelbuian/projects/mb/marcel-vibe/Deepium 2026/MarcelVibe/09/Above & Beyond and anamē feat. Marty Longstaff - Gratitude (anamē Extended PM Mix) [@aboveandbeyond] - 2022.webm (pass -k to keep)
[Metadata] Adding metadata to "/Users/marcelbuian/projects/mb/marcel-vibe/Deepium 2026/MarcelVibe/09/Above & Beyond and anamē feat. Marty Longstaff - Gratitude (anamē Extended PM Mix) [@aboveandbeyond] - 2022.mp3"
[EmbedThumbnail] ffmpeg: Adding thumbnail to "/Users/marcelbuian/projects/mb/marcel-vibe/Deepium 2026/MarcelVibe/09/Above & Beyond and anamē feat. Marty Longstaff - Gratitude (anamē Extended PM Mix) [@aboveandbeyond] - 2022.mp3"
[youtube] Extracting URL: https://www.youtube.com/watch?v=Y481rlPKOrw
[youtube] Sleeping 1.0 seconds ...
[youtube] Y481rlPKOrw: Downloading webpage
[youtube] Sleeping 1.0 seconds ...
[youtube] Y481rlPKOrw: Downloading visionos player API JSON
[youtube] Sleeping 1.0 seconds ...
[youtube] Y481rlPKOrw: Downloading m3u8 information
[info] Y481rlPKOrw: Downloading 1 format(s): 251
[info] Downloading video thumbnail 41 ...
[info] Writing video thumbnail 41 to: /Users/marcelbuian/projects/mb/marcel-vibe/Deepium 2026/MarcelVibe/09/Adam Nickey - Never Gone (Original Mix [Above & Beyond Respray]) - 2007.webp
[ThumbnailsConvertor] Converting thumbnail "/Users/marcelbuian/projects/mb/marcel-vibe/Deepium 2026/MarcelVibe/09/Adam Nickey - Never Gone (Original Mix [Above & Beyond Respray]) - 2007.webp" to jpg
Deleting original file /Users/marcelbuian/projects/mb/marcel-vibe/Deepium 2026/MarcelVibe/09/Adam Nickey - Never Gone (Original Mix [Above & Beyond Respray]) - 2007.webp (pass -k to keep)
[download] Sleeping 1.24 seconds ...
[download] Destination: /Users/marcelbuian/projects/mb/marcel-vibe/Deepium 2026/MarcelVibe/09/Adam Nickey - Never Gone (Original Mix [Above & Beyond Respray]) - 2007.webm

[download]   0.0% of    8.47MiB at  985.50KiB/s ETA 00:08
[download]   0.0% of    8.47MiB at    2.07MiB/s ETA 00:04
[download]   0.1% of    8.47MiB at    4.19MiB/s ETA 00:02
[download]   0.2% of    8.47MiB at    8.10MiB/s ETA 00:01
[download]   0.4% of    8.47MiB at   15.13MiB/s ETA 00:00
[download]   0.7% of    8.47MiB at   27.36MiB/s ETA 00:00
[download]   1.5% of    8.47MiB at   22.01MiB/s ETA 00:00
[download]   2.9% of    8.47MiB at   16.27MiB/s ETA 00:00
[download]   5.9% of    8.47MiB at   15.65MiB/s ETA 00:00
[download]  11.8% of    8.47MiB at   14.92MiB/s ETA 00:00
[download]  23.6% of    8.47MiB at   15.20MiB/s ETA 00:00
[download]  47.2% of    8.47MiB at   23.32MiB/s ETA 00:00
[download]  94.5% of    8.47MiB at   17.42MiB/s ETA 00:00
[download] 100.0% of    8.47MiB at   17.40MiB/s ETA 00:00
[download] 100% of    8.47MiB in 00:00:00 at 12.49MiB/s  
[ExtractAudio] Destination: /Users/marcelbuian/projects/mb/marcel-vibe/Deepium 2026/MarcelVibe/09/Adam Nickey - Never Gone (Original Mix [Above & Beyond Respray]) - 2007.mp3
Deleting original file /Users/marcelbuian/projects/mb/marcel-vibe/Deepium 2026/MarcelVibe/09/Adam Nickey - Never Gone (Original Mix [Above & Beyond Respray]) - 2007.webm (pass -k to keep)
[Metadata] Adding metadata to "/Users/marcelbuian/projects/mb/marcel-vibe/Deepium 2026/MarcelVibe/09/Adam Nickey - Never Gone (Original Mix [Above & Beyond Respray]) - 2007.mp3"
[EmbedThumbnail] ffmpeg: Adding thumbnail to "/Users/marcelbuian/projects/mb/marcel-vibe/Deepium 2026/MarcelVibe/09/Adam Nickey - Never Gone (Original Mix [Above & Beyond Respray]) - 2007.mp3"
[youtube] Extracting URL: https://www.youtube.com/watch?v=9RVVKl-a3Cs
[youtube] Sleeping 1.0 seconds ...
[youtube] 9RVVKl-a3Cs: Downloading webpage
[youtube] Sleeping 1.0 seconds ...
[youtube] 9RVVKl-a3Cs: Downloading visionos player API JSON
[youtube] Sleeping 1.0 seconds ...
[youtube] 9RVVKl-a3Cs: Downloading m3u8 information
[info] 9RVVKl-a3Cs: Downloading 1 format(s): 251
[info] Downloading video thumbnail 41 ...
[info] Writing video thumbnail 41 to: /Users/marcelbuian/projects/mb/marcel-vibe/Deepium 2026/MarcelVibe/09/Nox Vahn - When I'm With You (Extended Mix) - 2023.webp
[ThumbnailsConvertor] Converting thumbnail "/Users/marcelbuian/projects/mb/marcel-vibe/Deepium 2026/MarcelVibe/09/Nox Vahn - When I'm With You (Extended Mix) - 2023.webp" to jpg
Deleting original file /Users/marcelbuian/projects/mb/marcel-vibe/Deepium 2026/MarcelVibe/09/Nox Vahn - When I'm With You (Extended Mix) - 2023.webp (pass -k to keep)
[download] Sleeping 2.65 seconds ...
[download] Destination: /Users/marcelbuian/projects/mb/marcel-vibe/Deepium 2026/MarcelVibe/09/Nox Vahn - When I'm With You (Extended Mix) - 2023.webm

[download]   0.0% of    5.46MiB at  531.93KiB/s ETA 00:10
[download]   0.1% of    5.46MiB at    1.12MiB/s ETA 00:04
[download]   0.1% of    5.46MiB at    2.31MiB/s ETA 00:02
[download]   0.3% of    5.46MiB at    4.45MiB/s ETA 00:01
[download]   0.6% of    5.46MiB at    5.06MiB/s ETA 00:01
[download]   1.1% of    5.46MiB at    5.43MiB/s ETA 00:00
[download]   2.3% of    5.46MiB at    6.87MiB/s ETA 00:00
[download]   4.6% of    5.46MiB at    5.80MiB/s ETA 00:00
[download]   9.1% of    5.46MiB at    6.68MiB/s ETA 00:00
[download]  18.3% of    5.46MiB at    8.90MiB/s ETA 00:00
[download]  36.6% of    5.46MiB at   11.14MiB/s ETA 00:00
[download]  73.3% of    5.46MiB at    6.00MiB/s ETA 00:00
[download] 100.0% of    5.46MiB at    7.81MiB/s ETA 00:00
[download] 100% of    5.46MiB in 00:00:00 at 6.34MiB/s   
[ExtractAudio] Destination: /Users/marcelbuian/projects/mb/marcel-vibe/Deepium 2026/MarcelVibe/09/Nox Vahn - When I'm With You (Extended Mix) - 2023.mp3
Deleting original file /Users/marcelbuian/projects/mb/marcel-vibe/Deepium 2026/MarcelVibe/09/Nox Vahn - When I'm With You (Extended Mix) - 2023.webm (pass -k to keep)
[Metadata] Adding metadata to "/Users/marcelbuian/projects/mb/marcel-vibe/Deepium 2026/MarcelVibe/09/Nox Vahn - When I'm With You (Extended Mix) - 2023.mp3"
[EmbedThumbnail] ffmpeg: Adding thumbnail to "/Users/marcelbuian/projects/mb/marcel-vibe/Deepium 2026/MarcelVibe/09/Nox Vahn - When I'm With You (Extended Mix) - 2023.mp3"
[youtube] Extracting URL: https://www.youtube.com/watch?v=bdDsL0UQ0IQ
[youtube] Sleeping 1.0 seconds ...
[youtube] bdDsL0UQ0IQ: Downloading webpage
[youtube] Sleeping 1.0 seconds ...
[youtube] bdDsL0UQ0IQ: Downloading visionos player API JSON
[youtube] Sleeping 1.0 seconds ...
[youtube] bdDsL0UQ0IQ: Downloading m3u8 information
[info] bdDsL0UQ0IQ: Downloading 1 format(s): 251
[info] Downloading video thumbnail 44 ...
[info] Writing video thumbnail 44 to: /Users/marcelbuian/projects/mb/marcel-vibe/Deepium 2026/MarcelVibe/09/Hraach - Delirio [Deepclass Records] - 2016.webp
[ThumbnailsConvertor] Converting thumbnail "/Users/marcelbuian/projects/mb/marcel-vibe/Deepium 2026/MarcelVibe/09/Hraach - Delirio [Deepclass Records] - 2016.webp" to jpg
Deleting original file /Users/marcelbuian/projects/mb/marcel-vibe/Deepium 2026/MarcelVibe/09/Hraach - Delirio [Deepclass Records] - 2016.webp (pass -k to keep)
[download] Sleeping 1.82 seconds ...
[download] Destination: /Users/marcelbuian/projects/mb/marcel-vibe/Deepium 2026/MarcelVibe/09/Hraach - Delirio [Deepclass Records] - 2016.webm

[download]   0.0% of    6.99MiB at  Unknown B/s ETA Unknown
[download]   0.0% of    6.99MiB at    2.43MiB/s ETA 00:02  
[download]   0.1% of    6.99MiB at    5.20MiB/s ETA 00:01
[download]   0.2% of    6.99MiB at   10.43MiB/s ETA 00:00
[download]   0.4% of    6.99MiB at   20.14MiB/s ETA 00:00
[download]   0.9% of    6.99MiB at   37.19MiB/s ETA 00:00
[download]   1.8% of    6.99MiB at   18.44MiB/s ETA 00:00
[download]   3.6% of    6.99MiB at   14.65MiB/s ETA 00:00
[download]   7.1% of    6.99MiB at   16.39MiB/s ETA 00:00
[download]  14.3% of    6.99MiB at   15.49MiB/s ETA 00:00
[download]  28.6% of    6.99MiB at   15.16MiB/s ETA 00:00
[download]  57.2% of    6.99MiB at   12.49MiB/s ETA 00:00
[download] 100.0% of    6.99MiB at   12.05MiB/s ETA 00:00
[download] 100% of    6.99MiB in 00:00:00 at 9.42MiB/s   
[ExtractAudio] Destination: /Users/marcelbuian/projects/mb/marcel-vibe/Deepium 2026/MarcelVibe/09/Hraach - Delirio [Deepclass Records] - 2016.mp3
Deleting original file /Users/marcelbuian/projects/mb/marcel-vibe/Deepium 2026/MarcelVibe/09/Hraach - Delirio [Deepclass Records] - 2016.webm (pass -k to keep)
[Metadata] Adding metadata to "/Users/marcelbuian/projects/mb/marcel-vibe/Deepium 2026/MarcelVibe/09/Hraach - Delirio [Deepclass Records] - 2016.mp3"
[EmbedThumbnail] ffmpeg: Adding thumbnail to "/Users/marcelbuian/projects/mb/marcel-vibe/Deepium 2026/MarcelVibe/09/Hraach - Delirio [Deepclass Records] - 2016.mp3"
[youtube] Extracting URL: https://www.youtube.com/watch?v=Rzt4aj2ydSg
[youtube] Sleeping 1.0 seconds ...
[youtube] Rzt4aj2ydSg: Downloading webpage
[youtube] Sleeping 1.0 seconds ...
[youtube] Rzt4aj2ydSg: Downloading visionos player API JSON
[youtube] Sleeping 1.0 seconds ...
[youtube] Rzt4aj2ydSg: Downloading m3u8 information
[info] Rzt4aj2ydSg: Downloading 1 format(s): 251
[info] Downloading video thumbnail 44 ...
[info] Writing video thumbnail 44 to: /Users/marcelbuian/projects/mb/marcel-vibe/Deepium 2026/MarcelVibe/09/Nora En Pure - Pretoria - 2024.webp
[ThumbnailsConvertor] Converting thumbnail "/Users/marcelbuian/projects/mb/marcel-vibe/Deepium 2026/MarcelVibe/09/Nora En Pure - Pretoria - 2024.webp" to jpg
Deleting original file /Users/marcelbuian/projects/mb/marcel-vibe/Deepium 2026/MarcelVibe/09/Nora En Pure - Pretoria - 2024.webp (pass -k to keep)
[download] Sleeping 1.04 seconds ...
[download] Destination: /Users/marcelbuian/projects/mb/marcel-vibe/Deepium 2026/MarcelVibe/09/Nora En Pure - Pretoria - 2024.webm

[download]   0.0% of    3.30MiB at  Unknown B/s ETA Unknown
[download]   0.1% of    3.30MiB at    2.15MiB/s ETA 00:01  
[download]   0.2% of    3.30MiB at    4.36MiB/s ETA 00:00
[download]   0.4% of    3.30MiB at    8.43MiB/s ETA 00:00
[download]   0.9% of    3.30MiB at   15.57MiB/s ETA 00:00
[download]   1.9% of    3.30MiB at   16.42MiB/s ETA 00:00
[download]   3.8% of    3.30MiB at    3.09MiB/s ETA 00:01
[download]   7.5% of    3.30MiB at    3.10MiB/s ETA 00:00
[download]  15.1% of    3.30MiB at    4.37MiB/s ETA 00:00
[download]  30.3% of    3.30MiB at    6.48MiB/s ETA 00:00
[download]  60.6% of    3.30MiB at    8.97MiB/s ETA 00:00
[download] 100.0% of    3.30MiB at   13.32MiB/s ETA 00:00
[download] 100% of    3.30MiB in 00:00:00 at 6.52MiB/s   
[ExtractAudio] Destination: /Users/marcelbuian/projects/mb/marcel-vibe/Deepium 2026/MarcelVibe/09/Nora En Pure - Pretoria - 2024.mp3
Deleting original file /Users/marcelbuian/projects/mb/marcel-vibe/Deepium 2026/MarcelVibe/09/Nora En Pure - Pretoria - 2024.webm (pass -k to keep)
[Metadata] Adding metadata to "/Users/marcelbuian/projects/mb/marcel-vibe/Deepium 2026/MarcelVibe/09/Nora En Pure - Pretoria - 2024.mp3"
[EmbedThumbnail] ffmpeg: Adding thumbnail to "/Users/marcelbuian/projects/mb/marcel-vibe/Deepium 2026/MarcelVibe/09/Nora En Pure - Pretoria - 2024.mp3"
[youtube] Extracting URL: https://www.youtube.com/watch?v=LqvaSBWvrO8
[youtube] Sleeping 1.0 seconds ...
[youtube] LqvaSBWvrO8: Downloading webpage
[youtube] Sleeping 1.0 seconds ...
[youtube] LqvaSBWvrO8: Downloading visionos player API JSON
[youtube] Sleeping 1.0 seconds ...
[youtube] LqvaSBWvrO8: Downloading m3u8 information
[info] LqvaSBWvrO8: Downloading 1 format(s): 251
[info] Downloading video thumbnail 41 ...
[info] Writing video thumbnail 41 to: /Users/marcelbuian/projects/mb/marcel-vibe/Deepium 2026/MarcelVibe/09/House⧸Newman (I Love) - The Moon and the Stars (Extended Mix) - 2025.webp
[ThumbnailsConvertor] Converting thumbnail "/Users/marcelbuian/projects/mb/marcel-vibe/Deepium 2026/MarcelVibe/09/House⧸Newman (I Love) - The Moon and the Stars (Extended Mix) - 2025.webp" to jpg
Deleting original file /Users/marcelbuian/projects/mb/marcel-vibe/Deepium 2026/MarcelVibe/09/House⧸Newman (I Love) - The Moon and the Stars (Extended Mix) - 2025.webp (pass -k to keep)
[download] Sleeping 1.01 seconds ...
[download] Destination: /Users/marcelbuian/projects/mb/marcel-vibe/Deepium 2026/MarcelVibe/09/House⧸Newman (I Love) - The Moon and the Stars (Extended Mix) - 2025.webm

[download]   0.0% of    8.57MiB at  467.54KiB/s ETA 00:18
[download]   0.0% of    8.57MiB at    1.06MiB/s ETA 00:08
[download]   0.1% of    8.57MiB at    2.21MiB/s ETA 00:03
[download]   0.2% of    8.57MiB at    4.32MiB/s ETA 00:01
[download]   0.4% of    8.57MiB at    4.48MiB/s ETA 00:01
[download]   0.7% of    8.57MiB at    4.71MiB/s ETA 00:01
[download]   1.4% of    8.57MiB at    8.10MiB/s ETA 00:01
[download]   2.9% of    8.57MiB at   10.52MiB/s ETA 00:00
[download]   5.8% of    8.57MiB at   14.23MiB/s ETA 00:00
[download]  11.7% of    8.57MiB at   15.00MiB/s ETA 00:00
[download]  23.3% of    8.57MiB at    8.92MiB/s ETA 00:00
[download]  46.7% of    8.57MiB at    9.48MiB/s ETA 00:00
[download]  93.3% of    8.57MiB at    9.83MiB/s ETA 00:00
[download] 100.0% of    8.57MiB at   10.06MiB/s ETA 00:00
[download] 100% of    8.57MiB in 00:00:01 at 8.47MiB/s   
[ExtractAudio] Destination: /Users/marcelbuian/projects/mb/marcel-vibe/Deepium 2026/MarcelVibe/09/House⧸Newman (I Love) - The Moon and the Stars (Extended Mix) - 2025.mp3
Deleting original file /Users/marcelbuian/projects/mb/marcel-vibe/Deepium 2026/MarcelVibe/09/House⧸Newman (I Love) - The Moon and the Stars (Extended Mix) - 2025.webm (pass -k to keep)
[Metadata] Adding metadata to "/Users/marcelbuian/projects/mb/marcel-vibe/Deepium 2026/MarcelVibe/09/House⧸Newman (I Love) - The Moon and the Stars (Extended Mix) - 2025.mp3"
[EmbedThumbnail] ffmpeg: Adding thumbnail to "/Users/marcelbuian/projects/mb/marcel-vibe/Deepium 2026/MarcelVibe/09/House⧸Newman (I Love) - The Moon and the Stars (Extended Mix) - 2025.mp3"
[youtube] Extracting URL: https://www.youtube.com/watch?v=46LVAFNkzVQ
[youtube] Sleeping 1.0 seconds ...
[youtube] 46LVAFNkzVQ: Downloading webpage
[youtube] Sleeping 1.0 seconds ...
[youtube] 46LVAFNkzVQ: Downloading visionos player API JSON
[youtube] Sleeping 1.0 seconds ...
[youtube] 46LVAFNkzVQ: Downloading m3u8 information
[info] 46LVAFNkzVQ: Downloading 1 format(s): 251
[info] Downloading video thumbnail 41 ...
[info] Writing video thumbnail 41 to: /Users/marcelbuian/projects/mb/marcel-vibe/Deepium 2026/MarcelVibe/09/Tom Odell - Another Love (Tiësto Extended Remix) - 2024.webp
[ThumbnailsConvertor] Converting thumbnail "/Users/marcelbuian/projects/mb/marcel-vibe/Deepium 2026/MarcelVibe/09/Tom Odell - Another Love (Tiësto Extended Remix) - 2024.webp" to jpg
Deleting original file /Users/marcelbuian/projects/mb/marcel-vibe/Deepium 2026/MarcelVibe/09/Tom Odell - Another Love (Tiësto Extended Remix) - 2024.webp (pass -k to keep)
[download] Sleeping 2.98 seconds ...
[download] Destination: /Users/marcelbuian/projects/mb/marcel-vibe/Deepium 2026/MarcelVibe/09/Tom Odell - Another Love (Tiësto Extended Remix) - 2024.webm

[download]   0.0% of    4.19MiB at  491.19KiB/s ETA 00:08
[download]   0.1% of    4.19MiB at    1.22MiB/s ETA 00:03
[download]   0.2% of    4.19MiB at    2.63MiB/s ETA 00:01
[download]   0.3% of    4.19MiB at    5.30MiB/s ETA 00:00
[download]   0.7% of    4.19MiB at    3.40MiB/s ETA 00:01
[download]   1.5% of    4.19MiB at    5.11MiB/s ETA 00:00
[download]   3.0% of    4.19MiB at    7.51MiB/s ETA 00:00
[download]   5.9% of    4.19MiB at    8.50MiB/s ETA 00:00
[download]  11.9% of    4.19MiB at   12.80MiB/s ETA 00:00
[download]  23.9% of    4.19MiB at    9.92MiB/s ETA 00:00
[download]  47.8% of    4.19MiB at    8.28MiB/s ETA 00:00
[download]  95.5% of    4.19MiB at   14.12MiB/s ETA 00:00
[download] 100.0% of    4.19MiB at   13.31MiB/s ETA 00:00
[download] 100% of    4.19MiB in 00:00:00 at 9.12MiB/s   
[ExtractAudio] Destination: /Users/marcelbuian/projects/mb/marcel-vibe/Deepium 2026/MarcelVibe/09/Tom Odell - Another Love (Tiësto Extended Remix) - 2024.mp3
Deleting original file /Users/marcelbuian/projects/mb/marcel-vibe/Deepium 2026/MarcelVibe/09/Tom Odell - Another Love (Tiësto Extended Remix) - 2024.webm (pass -k to keep)
[Metadata] Adding metadata to "/Users/marcelbuian/projects/mb/marcel-vibe/Deepium 2026/MarcelVibe/09/Tom Odell - Another Love (Tiësto Extended Remix) - 2024.mp3"
[EmbedThumbnail] ffmpeg: Adding thumbnail to "/Users/marcelbuian/projects/mb/marcel-vibe/Deepium 2026/MarcelVibe/09/Tom Odell - Another Love (Tiësto Extended Remix) - 2024.mp3"
Reading URLs from STDIN - EOF (Ctrl+D) to end:

===== 10 (#10 - 2025-06-29 Sanap Cliffs, Gozo) 15:13:42
[youtube] Extracting URL: https://www.youtube.com/watch?v=n1cZGCym8eo
[youtube] n1cZGCym8eo: Downloading webpage
[youtube] Sleeping 1.0 seconds ...
[youtube] n1cZGCym8eo: Downloading visionos player API JSON
[youtube] Sleeping 1.0 seconds ...
[youtube] n1cZGCym8eo: Downloading m3u8 information
[info] n1cZGCym8eo: Downloading 1 format(s): 251
[info] Downloading video thumbnail 44 ...
[info] Writing video thumbnail 44 to: /Users/marcelbuian/projects/mb/marcel-vibe/Deepium 2026/MarcelVibe/10/Gentleman & Juvedybo - Jazzy Night (Original Mix) - 2025.webp
[ThumbnailsConvertor] Converting thumbnail "/Users/marcelbuian/projects/mb/marcel-vibe/Deepium 2026/MarcelVibe/10/Gentleman & Juvedybo - Jazzy Night (Original Mix) - 2025.webp" to jpg
Deleting original file /Users/marcelbuian/projects/mb/marcel-vibe/Deepium 2026/MarcelVibe/10/Gentleman & Juvedybo - Jazzy Night (Original Mix) - 2025.webp (pass -k to keep)
[download] Sleeping 1.42 seconds ...
[download] Destination: /Users/marcelbuian/projects/mb/marcel-vibe/Deepium 2026/MarcelVibe/10/Gentleman & Juvedybo - Jazzy Night (Original Mix) - 2025.webm

[download]   0.0% of    6.00MiB at  505.58KiB/s ETA 00:12
[download]   0.0% of    6.00MiB at    1.14MiB/s ETA 00:05
[download]   0.1% of    6.00MiB at    2.39MiB/s ETA 00:02
[download]   0.2% of    6.00MiB at    4.70MiB/s ETA 00:01
[download]   0.5% of    6.00MiB at    4.73MiB/s ETA 00:01
[download]   1.0% of    6.00MiB at    5.54MiB/s ETA 00:01
[download]   2.1% of    6.00MiB at    7.47MiB/s ETA 00:00
[download]   4.2% of    6.00MiB at   11.16MiB/s ETA 00:00
[download]   8.3% of    6.00MiB at   15.49MiB/s ETA 00:00
[download]  16.7% of    6.00MiB at   22.39MiB/s ETA 00:00
[download]  33.3% of    6.00MiB at   29.34MiB/s ETA 00:00
[download]  66.7% of    6.00MiB at   26.48MiB/s ETA 00:00
[download] 100.0% of    6.00MiB at   23.51MiB/s ETA 00:00
[download] 100% of    6.00MiB in 00:00:00 at 17.77MiB/s  
[ExtractAudio] Destination: /Users/marcelbuian/projects/mb/marcel-vibe/Deepium 2026/MarcelVibe/10/Gentleman & Juvedybo - Jazzy Night (Original Mix) - 2025.mp3
Deleting original file /Users/marcelbuian/projects/mb/marcel-vibe/Deepium 2026/MarcelVibe/10/Gentleman & Juvedybo - Jazzy Night (Original Mix) - 2025.webm (pass -k to keep)
[Metadata] Adding metadata to "/Users/marcelbuian/projects/mb/marcel-vibe/Deepium 2026/MarcelVibe/10/Gentleman & Juvedybo - Jazzy Night (Original Mix) - 2025.mp3"
[EmbedThumbnail] ffmpeg: Adding thumbnail to "/Users/marcelbuian/projects/mb/marcel-vibe/Deepium 2026/MarcelVibe/10/Gentleman & Juvedybo - Jazzy Night (Original Mix) - 2025.mp3"
[youtube] Extracting URL: https://www.youtube.com/watch?v=_WXAl25J-4M
[youtube] Sleeping 1.0 seconds ...
[youtube] _WXAl25J-4M: Downloading webpage
[youtube] Sleeping 1.0 seconds ...
[youtube] _WXAl25J-4M: Downloading visionos player API JSON
[youtube] Sleeping 1.0 seconds ...
[youtube] _WXAl25J-4M: Downloading m3u8 information
[info] _WXAl25J-4M: Downloading 1 format(s): 251
[info] Downloading video thumbnail 44 ...
[info] Writing video thumbnail 44 to: /Users/marcelbuian/projects/mb/marcel-vibe/Deepium 2026/MarcelVibe/10/Caymáne - Catch & Feel (Extended Mix) [Songuara] - 2022.webp
[ThumbnailsConvertor] Converting thumbnail "/Users/marcelbuian/projects/mb/marcel-vibe/Deepium 2026/MarcelVibe/10/Caymáne - Catch & Feel (Extended Mix) [Songuara] - 2022.webp" to jpg
Deleting original file /Users/marcelbuian/projects/mb/marcel-vibe/Deepium 2026/MarcelVibe/10/Caymáne - Catch & Feel (Extended Mix) [Songuara] - 2022.webp (pass -k to keep)
[download] Sleeping 1.55 seconds ...
[download] Destination: /Users/marcelbuian/projects/mb/marcel-vibe/Deepium 2026/MarcelVibe/10/Caymáne - Catch & Feel (Extended Mix) [Songuara] - 2022.webm

[download]   0.0% of    6.11MiB at  475.76KiB/s ETA 00:13
[download]   0.0% of    6.11MiB at    1.08MiB/s ETA 00:05
[download]   0.1% of    6.11MiB at    2.25MiB/s ETA 00:02
[download]   0.2% of    6.11MiB at    4.40MiB/s ETA 00:01
[download]   0.5% of    6.11MiB at    4.58MiB/s ETA 00:01
[download]   1.0% of    6.11MiB at    4.90MiB/s ETA 00:01
[download]   2.0% of    6.11MiB at    7.77MiB/s ETA 00:00
[download]   4.1% of    6.11MiB at   10.74MiB/s ETA 00:00
[download]   8.2% of    6.11MiB at   14.81MiB/s ETA 00:00
[download]  16.3% of    6.11MiB at   14.79MiB/s ETA 00:00
[download]  32.7% of    6.11MiB at    9.62MiB/s ETA 00:00
[download]  65.4% of    6.11MiB at    5.67MiB/s ETA 00:00
[download] 100.0% of    6.11MiB at    7.27MiB/s ETA 00:00
[download] 100% of    6.11MiB in 00:00:00 at 6.35MiB/s   
[ExtractAudio] Destination: /Users/marcelbuian/projects/mb/marcel-vibe/Deepium 2026/MarcelVibe/10/Caymáne - Catch & Feel (Extended Mix) [Songuara] - 2022.mp3
Deleting original file /Users/marcelbuian/projects/mb/marcel-vibe/Deepium 2026/MarcelVibe/10/Caymáne - Catch & Feel (Extended Mix) [Songuara] - 2022.webm (pass -k to keep)
[Metadata] Adding metadata to "/Users/marcelbuian/projects/mb/marcel-vibe/Deepium 2026/MarcelVibe/10/Caymáne - Catch & Feel (Extended Mix) [Songuara] - 2022.mp3"
[EmbedThumbnail] ffmpeg: Adding thumbnail to "/Users/marcelbuian/projects/mb/marcel-vibe/Deepium 2026/MarcelVibe/10/Caymáne - Catch & Feel (Extended Mix) [Songuara] - 2022.mp3"
[youtube] Extracting URL: https://www.youtube.com/watch?v=5lLVCRmdmMg
[youtube] Sleeping 1.0 seconds ...
[youtube] 5lLVCRmdmMg: Downloading webpage
[youtube] Sleeping 1.0 seconds ...
[youtube] 5lLVCRmdmMg: Downloading visionos player API JSON
[youtube] Sleeping 1.0 seconds ...
[youtube] 5lLVCRmdmMg: Downloading m3u8 information
[info] 5lLVCRmdmMg: Downloading 1 format(s): 251
[info] Downloading video thumbnail 44 ...
[info] Writing video thumbnail 44 to: /Users/marcelbuian/projects/mb/marcel-vibe/Deepium 2026/MarcelVibe/10/Avoure - Aura - 2018.webp
[ThumbnailsConvertor] Converting thumbnail "/Users/marcelbuian/projects/mb/marcel-vibe/Deepium 2026/MarcelVibe/10/Avoure - Aura - 2018.webp" to jpg
Deleting original file /Users/marcelbuian/projects/mb/marcel-vibe/Deepium 2026/MarcelVibe/10/Avoure - Aura - 2018.webp (pass -k to keep)
[download] Sleeping 1.10 seconds ...
[download] Destination: /Users/marcelbuian/projects/mb/marcel-vibe/Deepium 2026/MarcelVibe/10/Avoure - Aura - 2018.webm

[download]   0.0% of    8.83MiB at  Unknown B/s ETA Unknown
[download]   0.0% of    8.83MiB at  Unknown B/s ETA Unknown
[download]   0.1% of    8.83MiB at    6.60MiB/s ETA 00:01  
[download]   0.2% of    8.83MiB at   12.03MiB/s ETA 00:00
[download]   0.3% of    8.83MiB at   21.14MiB/s ETA 00:00
[download]   0.7% of    8.83MiB at   37.26MiB/s ETA 00:00
[download]   1.4% of    8.83MiB at   65.10MiB/s ETA 00:00
[download]   2.8% of    8.83MiB at   60.98MiB/s ETA 00:00
[download]   5.7% of    8.83MiB at   47.85MiB/s ETA 00:00
[download]  11.3% of    8.83MiB at   41.59MiB/s ETA 00:00
[download]  22.6% of    8.83MiB at   46.55MiB/s ETA 00:00
[download]  45.3% of    8.83MiB at   45.23MiB/s ETA 00:00
[download]  90.6% of    8.83MiB at   48.09MiB/s ETA 00:00
[download] 100.0% of    8.83MiB at   47.78MiB/s ETA 00:00
[download] 100% of    8.83MiB in 00:00:00 at 45.25MiB/s  
[ExtractAudio] Destination: /Users/marcelbuian/projects/mb/marcel-vibe/Deepium 2026/MarcelVibe/10/Avoure - Aura - 2018.mp3
Deleting original file /Users/marcelbuian/projects/mb/marcel-vibe/Deepium 2026/MarcelVibe/10/Avoure - Aura - 2018.webm (pass -k to keep)
[Metadata] Adding metadata to "/Users/marcelbuian/projects/mb/marcel-vibe/Deepium 2026/MarcelVibe/10/Avoure - Aura - 2018.mp3"
[EmbedThumbnail] ffmpeg: Adding thumbnail to "/Users/marcelbuian/projects/mb/marcel-vibe/Deepium 2026/MarcelVibe/10/Avoure - Aura - 2018.mp3"
[youtube] Extracting URL: https://www.youtube.com/watch?v=2Y86uBukI74
[youtube] Sleeping 1.0 seconds ...
[youtube] 2Y86uBukI74: Downloading webpage
[youtube] Sleeping 1.0 seconds ...
[youtube] 2Y86uBukI74: Downloading visionos player API JSON
[youtube] Sleeping 1.0 seconds ...
[youtube] 2Y86uBukI74: Downloading m3u8 information
[info] 2Y86uBukI74: Downloading 1 format(s): 251
[info] Downloading video thumbnail 41 ...
[info] Writing video thumbnail 41 to: /Users/marcelbuian/projects/mb/marcel-vibe/Deepium 2026/MarcelVibe/10/Cerf， Mitiska & Jaren - Man On The Run (Avenue One Extended Remix) - 2023.webp
[ThumbnailsConvertor] Converting thumbnail "/Users/marcelbuian/projects/mb/marcel-vibe/Deepium 2026/MarcelVibe/10/Cerf， Mitiska & Jaren - Man On The Run (Avenue One Extended Remix) - 2023.webp" to jpg
Deleting original file /Users/marcelbuian/projects/mb/marcel-vibe/Deepium 2026/MarcelVibe/10/Cerf， Mitiska & Jaren - Man On The Run (Avenue One Extended Remix) - 2023.webp (pass -k to keep)
[download] Sleeping 2.11 seconds ...
[download] Destination: /Users/marcelbuian/projects/mb/marcel-vibe/Deepium 2026/MarcelVibe/10/Cerf， Mitiska & Jaren - Man On The Run (Avenue One Extended Remix) - 2023.webm

[download]   0.0% of    5.96MiB at  450.23KiB/s ETA 00:13
[download]   0.0% of    5.96MiB at    1.20MiB/s ETA 00:04
[download]   0.1% of    5.96MiB at    2.70MiB/s ETA 00:02
[download]   0.2% of    5.96MiB at    5.61MiB/s ETA 00:01
[download]   0.5% of    5.96MiB at    3.53MiB/s ETA 00:01
[download]   1.0% of    5.96MiB at    5.03MiB/s ETA 00:01
[download]   2.1% of    5.96MiB at    6.55MiB/s ETA 00:00
[download]   4.2% of    5.96MiB at    8.97MiB/s ETA 00:00
[download]   8.4% of    5.96MiB at   14.05MiB/s ETA 00:00
[download]  16.7% of    5.96MiB at   15.51MiB/s ETA 00:00
[download]  33.5% of    5.96MiB at   14.89MiB/s ETA 00:00
[download]  67.0% of    5.96MiB at   11.78MiB/s ETA 00:00
[download] 100.0% of    5.96MiB at    8.26MiB/s ETA 00:00
[download] 100% of    5.96MiB in 00:00:00 at 6.68MiB/s   
[ExtractAudio] Destination: /Users/marcelbuian/projects/mb/marcel-vibe/Deepium 2026/MarcelVibe/10/Cerf， Mitiska & Jaren - Man On The Run (Avenue One Extended Remix) - 2023.mp3
Deleting original file /Users/marcelbuian/projects/mb/marcel-vibe/Deepium 2026/MarcelVibe/10/Cerf， Mitiska & Jaren - Man On The Run (Avenue One Extended Remix) - 2023.webm (pass -k to keep)
[Metadata] Adding metadata to "/Users/marcelbuian/projects/mb/marcel-vibe/Deepium 2026/MarcelVibe/10/Cerf， Mitiska & Jaren - Man On The Run (Avenue One Extended Remix) - 2023.mp3"
[EmbedThumbnail] ffmpeg: Adding thumbnail to "/Users/marcelbuian/projects/mb/marcel-vibe/Deepium 2026/MarcelVibe/10/Cerf， Mitiska & Jaren - Man On The Run (Avenue One Extended Remix) - 2023.mp3"
[youtube] Extracting URL: https://www.youtube.com/watch?v=ucCYgQrKOWM
[youtube] Sleeping 1.0 seconds ...
[youtube] ucCYgQrKOWM: Downloading webpage
[youtube] Sleeping 1.0 seconds ...
[youtube] ucCYgQrKOWM: Downloading visionos player API JSON
[youtube] Sleeping 1.0 seconds ...
[youtube] ucCYgQrKOWM: Downloading m3u8 information
[info] ucCYgQrKOWM: Downloading 1 format(s): 251
[info] Downloading video thumbnail 41 ...
[info] Writing video thumbnail 41 to: /Users/marcelbuian/projects/mb/marcel-vibe/Deepium 2026/MarcelVibe/10/Krasa Rosa - Zigzag (Extended Mix) - 2024.webp
[ThumbnailsConvertor] Converting thumbnail "/Users/marcelbuian/projects/mb/marcel-vibe/Deepium 2026/MarcelVibe/10/Krasa Rosa - Zigzag (Extended Mix) - 2024.webp" to jpg
Deleting original file /Users/marcelbuian/projects/mb/marcel-vibe/Deepium 2026/MarcelVibe/10/Krasa Rosa - Zigzag (Extended Mix) - 2024.webp (pass -k to keep)
[download] Sleeping 2.84 seconds ...
[download] Destination: /Users/marcelbuian/projects/mb/marcel-vibe/Deepium 2026/MarcelVibe/10/Krasa Rosa - Zigzag (Extended Mix) - 2024.webm

[download]   0.0% of    8.08MiB at  387.75KiB/s ETA 00:22
[download]   0.0% of    8.08MiB at  965.02KiB/s ETA 00:08
[download]   0.1% of    8.08MiB at    2.06MiB/s ETA 00:03
[download]   0.2% of    8.08MiB at    4.18MiB/s ETA 00:01
[download]   0.4% of    8.08MiB at    3.66MiB/s ETA 00:02
[download]   0.8% of    8.08MiB at    5.34MiB/s ETA 00:01
[download]   1.5% of    8.08MiB at    6.80MiB/s ETA 00:01
[download]   3.1% of    8.08MiB at    9.57MiB/s ETA 00:00
[download]   6.2% of    8.08MiB at   14.87MiB/s ETA 00:00
[download]  12.4% of    8.08MiB at    9.78MiB/s ETA 00:00
[download]  24.7% of    8.08MiB at    8.06MiB/s ETA 00:00
[download]  49.5% of    8.08MiB at    6.05MiB/s ETA 00:00
[download]  99.0% of    8.08MiB at    9.06MiB/s ETA 00:00
[download] 100.0% of    8.08MiB at    5.32MiB/s ETA 00:00
[download] 100% of    8.08MiB in 00:00:01 at 4.72MiB/s   
[ExtractAudio] Destination: /Users/marcelbuian/projects/mb/marcel-vibe/Deepium 2026/MarcelVibe/10/Krasa Rosa - Zigzag (Extended Mix) - 2024.mp3
Deleting original file /Users/marcelbuian/projects/mb/marcel-vibe/Deepium 2026/MarcelVibe/10/Krasa Rosa - Zigzag (Extended Mix) - 2024.webm (pass -k to keep)
[Metadata] Adding metadata to "/Users/marcelbuian/projects/mb/marcel-vibe/Deepium 2026/MarcelVibe/10/Krasa Rosa - Zigzag (Extended Mix) - 2024.mp3"
[EmbedThumbnail] ffmpeg: Adding thumbnail to "/Users/marcelbuian/projects/mb/marcel-vibe/Deepium 2026/MarcelVibe/10/Krasa Rosa - Zigzag (Extended Mix) - 2024.mp3"
[youtube] Extracting URL: https://www.youtube.com/watch?v=s7Ux_OBADdo
[youtube] Sleeping 1.0 seconds ...
[youtube] s7Ux_OBADdo: Downloading webpage
[youtube] Sleeping 1.0 seconds ...
[youtube] s7Ux_OBADdo: Downloading visionos player API JSON
[youtube] Sleeping 1.0 seconds ...
[youtube] s7Ux_OBADdo: Downloading m3u8 information
[info] s7Ux_OBADdo: Downloading 1 format(s): 251
[info] Downloading video thumbnail 41 ...
[info] Writing video thumbnail 41 to: /Users/marcelbuian/projects/mb/marcel-vibe/Deepium 2026/MarcelVibe/10/Unknown Civilian - B2 [URB001] - 2020.webp
[ThumbnailsConvertor] Converting thumbnail "/Users/marcelbuian/projects/mb/marcel-vibe/Deepium 2026/MarcelVibe/10/Unknown Civilian - B2 [URB001] - 2020.webp" to jpg
Deleting original file /Users/marcelbuian/projects/mb/marcel-vibe/Deepium 2026/MarcelVibe/10/Unknown Civilian - B2 [URB001] - 2020.webp (pass -k to keep)
[download] Sleeping 1.53 seconds ...
[download] Destination: /Users/marcelbuian/projects/mb/marcel-vibe/Deepium 2026/MarcelVibe/10/Unknown Civilian - B2 [URB001] - 2020.webm

[download]   0.0% of    7.34MiB at  Unknown B/s ETA Unknown
[download]   0.0% of    7.34MiB at    2.00MiB/s ETA 00:03  
[download]   0.1% of    7.34MiB at    3.65MiB/s ETA 00:02
[download]   0.2% of    7.34MiB at    6.41MiB/s ETA 00:01
[download]   0.4% of    7.34MiB at   11.42MiB/s ETA 00:00
[download]   0.8% of    7.34MiB at   17.81MiB/s ETA 00:00
[download]   1.7% of    7.34MiB at    3.15MiB/s ETA 00:02
[download]   3.4% of    7.34MiB at    3.01MiB/s ETA 00:02
[download]   6.8% of    7.34MiB at    4.05MiB/s ETA 00:01
[download]  13.6% of    7.34MiB at    6.02MiB/s ETA 00:01
[download]  27.3% of    7.34MiB at    8.62MiB/s ETA 00:00
[download]  54.5% of    7.34MiB at   14.80MiB/s ETA 00:00
[download] 100.0% of    7.34MiB at   14.79MiB/s ETA 00:00
[download] 100% of    7.34MiB in 00:00:00 at 10.16MiB/s  
[ExtractAudio] Destination: /Users/marcelbuian/projects/mb/marcel-vibe/Deepium 2026/MarcelVibe/10/Unknown Civilian - B2 [URB001] - 2020.mp3
Deleting original file /Users/marcelbuian/projects/mb/marcel-vibe/Deepium 2026/MarcelVibe/10/Unknown Civilian - B2 [URB001] - 2020.webm (pass -k to keep)
[Metadata] Adding metadata to "/Users/marcelbuian/projects/mb/marcel-vibe/Deepium 2026/MarcelVibe/10/Unknown Civilian - B2 [URB001] - 2020.mp3"
[EmbedThumbnail] ffmpeg: Adding thumbnail to "/Users/marcelbuian/projects/mb/marcel-vibe/Deepium 2026/MarcelVibe/10/Unknown Civilian - B2 [URB001] - 2020.mp3"
Reading URLs from STDIN - EOF (Ctrl+D) to end:

===== 11 (#11 - 2025-07-05 Gnejna, Malta) 15:17:01
[youtube] Extracting URL: https://www.youtube.com/watch?v=V2UcEy0Te_U
[youtube] V2UcEy0Te_U: Downloading webpage
[youtube] Sleeping 1.0 seconds ...
[youtube] V2UcEy0Te_U: Downloading visionos player API JSON
[youtube] Sleeping 1.0 seconds ...
[youtube] V2UcEy0Te_U: Downloading m3u8 information
[info] V2UcEy0Te_U: Downloading 1 format(s): 251
[info] Downloading video thumbnail 44 ...
[info] Writing video thumbnail 44 to: /Users/marcelbuian/projects/mb/marcel-vibe/Deepium 2026/MarcelVibe/11/Samantha Loveridge & Treetalk - Losing My Religion (Extended Mix) - 2023.webp
[ThumbnailsConvertor] Converting thumbnail "/Users/marcelbuian/projects/mb/marcel-vibe/Deepium 2026/MarcelVibe/11/Samantha Loveridge & Treetalk - Losing My Religion (Extended Mix) - 2023.webp" to jpg
Deleting original file /Users/marcelbuian/projects/mb/marcel-vibe/Deepium 2026/MarcelVibe/11/Samantha Loveridge & Treetalk - Losing My Religion (Extended Mix) - 2023.webp (pass -k to keep)
[download] /Users/marcelbuian/projects/mb/marcel-vibe/Deepium 2026/MarcelVibe/11/Samantha Loveridge & Treetalk - Losing My Religion (Extended Mix) - 2023.mp3 has already been downloaded
[ExtractAudio] Not converting audio /Users/marcelbuian/projects/mb/marcel-vibe/Deepium 2026/MarcelVibe/11/Samantha Loveridge & Treetalk - Losing My Religion (Extended Mix) - 2023.mp3; file is already in target format mp3
[Metadata] Adding metadata to "/Users/marcelbuian/projects/mb/marcel-vibe/Deepium 2026/MarcelVibe/11/Samantha Loveridge & Treetalk - Losing My Religion (Extended Mix) - 2023.mp3"
[EmbedThumbnail] ffmpeg: Adding thumbnail to "/Users/marcelbuian/projects/mb/marcel-vibe/Deepium 2026/MarcelVibe/11/Samantha Loveridge & Treetalk - Losing My Religion (Extended Mix) - 2023.mp3"
[youtube] Extracting URL: https://www.youtube.com/watch?v=tMYzbqchpiE
[youtube] Sleeping 1.0 seconds ...
[youtube] tMYzbqchpiE: Downloading webpage
[youtube] Sleeping 1.0 seconds ...
[youtube] tMYzbqchpiE: Downloading visionos player API JSON
[youtube] Sleeping 1.0 seconds ...
[youtube] tMYzbqchpiE: Downloading m3u8 information
[info] tMYzbqchpiE: Downloading 1 format(s): 251
[info] Downloading video thumbnail 43 ...
[info] Video Thumbnail 43 does not exist
[info] Downloading video thumbnail 42 ...
[info] Video Thumbnail 42 does not exist
[info] Downloading video thumbnail 41 ...
[info] Video Thumbnail 41 does not exist
[info] Downloading video thumbnail 40 ...
[info] Video Thumbnail 40 does not exist
[info] Downloading video thumbnail 39 ...
[info] Video Thumbnail 39 does not exist
[info] Downloading video thumbnail 38 ...
[info] Writing video thumbnail 38 to: /Users/marcelbuian/projects/mb/marcel-vibe/Deepium 2026/MarcelVibe/11/Tube & Berger-Come On Now (Stereo Players Remix ) feat. Juliet Sikora (Set It Off) - 2014.jpg
[ThumbnailsConvertor] Not converting thumbnail "/Users/marcelbuian/projects/mb/marcel-vibe/Deepium 2026/MarcelVibe/11/Tube & Berger-Come On Now (Stereo Players Remix ) feat. Juliet Sikora (Set It Off) - 2014.jpg"; already is in target format jpg
[download] Sleeping 1.86 seconds ...
[download] Destination: /Users/marcelbuian/projects/mb/marcel-vibe/Deepium 2026/MarcelVibe/11/Tube & Berger-Come On Now (Stereo Players Remix ) feat. Juliet Sikora (Set It Off) - 2014.webm

[download]   0.0% of    4.47MiB at   16.99KiB/s ETA 04:29
[download]   0.1% of    4.47MiB at   50.45KiB/s ETA 01:30
[download]   0.2% of    4.47MiB at  117.34KiB/s ETA 00:38
[download]   0.3% of    4.47MiB at  250.66KiB/s ETA 00:18
[download]   0.7% of    4.47MiB at  516.45KiB/s ETA 00:08
[download]   1.4% of    4.47MiB at    1.02MiB/s ETA 00:04
[download]   2.8% of    4.47MiB at    1.49MiB/s ETA 00:02
[download]   5.6% of    4.47MiB at    2.07MiB/s ETA 00:02
[download]  11.2% of    4.47MiB at    2.08MiB/s ETA 00:01
[download]  22.3% of    4.47MiB at    1.57MiB/s ETA 00:02
[download]  44.7% of    4.47MiB at  998.50KiB/s ETA 00:02
[download]  60.5% of    4.47MiB at  828.80KiB/s ETA 00:02
[download]  72.7% of    4.47MiB at  805.88KiB/s ETA 00:01
[download]  88.2% of    4.47MiB at  757.21KiB/s ETA 00:00
[download] 100.0% of    4.47MiB at  606.16KiB/s ETA 00:00
[download] 100% of    4.47MiB in 00:00:07 at 596.35KiB/s 
[ExtractAudio] Destination: /Users/marcelbuian/projects/mb/marcel-vibe/Deepium 2026/MarcelVibe/11/Tube & Berger-Come On Now (Stereo Players Remix ) feat. Juliet Sikora (Set It Off) - 2014.mp3
Deleting original file /Users/marcelbuian/projects/mb/marcel-vibe/Deepium 2026/MarcelVibe/11/Tube & Berger-Come On Now (Stereo Players Remix ) feat. Juliet Sikora (Set It Off) - 2014.webm (pass -k to keep)
[Metadata] Adding metadata to "/Users/marcelbuian/projects/mb/marcel-vibe/Deepium 2026/MarcelVibe/11/Tube & Berger-Come On Now (Stereo Players Remix ) feat. Juliet Sikora (Set It Off) - 2014.mp3"
[EmbedThumbnail] ffmpeg: Adding thumbnail to "/Users/marcelbuian/projects/mb/marcel-vibe/Deepium 2026/MarcelVibe/11/Tube & Berger-Come On Now (Stereo Players Remix ) feat. Juliet Sikora (Set It Off) - 2014.mp3"
[youtube] Extracting URL: https://www.youtube.com/watch?v=6At_yU8GSVM
[youtube] Sleeping 1.0 seconds ...
[youtube] 6At_yU8GSVM: Downloading webpage
[youtube] Sleeping 1.0 seconds ...
[youtube] 6At_yU8GSVM: Downloading visionos player API JSON
[youtube] Sleeping 1.0 seconds ...
[youtube] 6At_yU8GSVM: Downloading m3u8 information
[info] 6At_yU8GSVM: Downloading 1 format(s): 251
[info] Downloading video thumbnail 41 ...
[info] Writing video thumbnail 41 to: /Users/marcelbuian/projects/mb/marcel-vibe/Deepium 2026/MarcelVibe/11/Volen Sentir - Moment of Peace - 2026.webp
[ThumbnailsConvertor] Converting thumbnail "/Users/marcelbuian/projects/mb/marcel-vibe/Deepium 2026/MarcelVibe/11/Volen Sentir - Moment of Peace - 2026.webp" to jpg
Deleting original file /Users/marcelbuian/projects/mb/marcel-vibe/Deepium 2026/MarcelVibe/11/Volen Sentir - Moment of Peace - 2026.webp (pass -k to keep)
[download] Sleeping 1.59 seconds ...
[download] Destination: /Users/marcelbuian/projects/mb/marcel-vibe/Deepium 2026/MarcelVibe/11/Volen Sentir - Moment of Peace - 2026.webm

[download]   0.0% of    6.50MiB at  480.72KiB/s ETA 00:13
[download]   0.0% of    6.50MiB at    1.14MiB/s ETA 00:05
[download]   0.1% of    6.50MiB at    2.45MiB/s ETA 00:02
[download]   0.2% of    6.50MiB at    4.91MiB/s ETA 00:01
[download]   0.5% of    6.50MiB at    3.20MiB/s ETA 00:02
[download]   0.9% of    6.50MiB at    5.90MiB/s ETA 00:01
[download]   1.9% of    6.50MiB at    7.57MiB/s ETA 00:00
[download]   3.8% of    6.50MiB at   10.36MiB/s ETA 00:00
[download]   7.7% of    6.50MiB at   15.79MiB/s ETA 00:00
[download]  15.4% of    6.50MiB at   10.32MiB/s ETA 00:00
[download]  30.8% of    6.50MiB at    9.54MiB/s ETA 00:00
[download]  61.5% of    6.50MiB at   15.90MiB/s ETA 00:00
[download] 100.0% of    6.50MiB at   11.69MiB/s ETA 00:00
[download] 100% of    6.50MiB in 00:00:00 at 8.98MiB/s   
[ExtractAudio] Destination: /Users/marcelbuian/projects/mb/marcel-vibe/Deepium 2026/MarcelVibe/11/Volen Sentir - Moment of Peace - 2026.mp3
Deleting original file /Users/marcelbuian/projects/mb/marcel-vibe/Deepium 2026/MarcelVibe/11/Volen Sentir - Moment of Peace - 2026.webm (pass -k to keep)
[Metadata] Adding metadata to "/Users/marcelbuian/projects/mb/marcel-vibe/Deepium 2026/MarcelVibe/11/Volen Sentir - Moment of Peace - 2026.mp3"
[EmbedThumbnail] ffmpeg: Adding thumbnail to "/Users/marcelbuian/projects/mb/marcel-vibe/Deepium 2026/MarcelVibe/11/Volen Sentir - Moment of Peace - 2026.mp3"
[youtube] Extracting URL: https://www.youtube.com/watch?v=eQIDDV8N6uQ
[youtube] Sleeping 1.0 seconds ...
[youtube] eQIDDV8N6uQ: Downloading webpage
[youtube] Sleeping 1.0 seconds ...
[youtube] eQIDDV8N6uQ: Downloading visionos player API JSON
[youtube] Sleeping 1.0 seconds ...
[youtube] eQIDDV8N6uQ: Downloading m3u8 information
[info] eQIDDV8N6uQ: Downloading 1 format(s): 251
[info] Downloading video thumbnail 43 ...
[info] Video Thumbnail 43 does not exist
[info] Downloading video thumbnail 42 ...
[info] Video Thumbnail 42 does not exist
[info] Downloading video thumbnail 41 ...
[info] Video Thumbnail 41 does not exist
[info] Downloading video thumbnail 40 ...
[info] Video Thumbnail 40 does not exist
[info] Downloading video thumbnail 39 ...
[info] Writing video thumbnail 39 to: /Users/marcelbuian/projects/mb/marcel-vibe/Deepium 2026/MarcelVibe/11/Nox Vahn & Marsh – Follow Me (Extended Mix) - 2023.webp
[ThumbnailsConvertor] Converting thumbnail "/Users/marcelbuian/projects/mb/marcel-vibe/Deepium 2026/MarcelVibe/11/Nox Vahn & Marsh – Follow Me (Extended Mix) - 2023.webp" to jpg
Deleting original file /Users/marcelbuian/projects/mb/marcel-vibe/Deepium 2026/MarcelVibe/11/Nox Vahn & Marsh – Follow Me (Extended Mix) - 2023.webp (pass -k to keep)
[download] Sleeping 1.97 seconds ...
[download] Destination: /Users/marcelbuian/projects/mb/marcel-vibe/Deepium 2026/MarcelVibe/11/Nox Vahn & Marsh – Follow Me (Extended Mix) - 2023.webm

[download]   0.0% of    8.00MiB at  515.71KiB/s ETA 00:16
[download]   0.0% of    8.00MiB at    1.24MiB/s ETA 00:06
[download]   0.1% of    8.00MiB at    2.57MiB/s ETA 00:03
[download]   0.2% of    8.00MiB at    4.93MiB/s ETA 00:01
[download]   0.4% of    8.00MiB at    7.67MiB/s ETA 00:01
[download]   0.8% of    8.00MiB at    5.93MiB/s ETA 00:01
[download]   1.5% of    8.00MiB at    8.42MiB/s ETA 00:00
[download]   3.1% of    8.00MiB at   12.82MiB/s ETA 00:00
[download]   6.2% of    8.00MiB at   15.40MiB/s ETA 00:00
[download]  12.5% of    8.00MiB at   15.14MiB/s ETA 00:00
[download]  25.0% of    8.00MiB at   15.08MiB/s ETA 00:00
[download]  50.0% of    8.00MiB at   22.12MiB/s ETA 00:00
[download] 100.0% of    8.00MiB at   16.23MiB/s ETA 00:00
[download] 100.0% of    8.00MiB at   16.21MiB/s ETA 00:00
[download] 100% of    8.00MiB in 00:00:00 at 10.78MiB/s  
[ExtractAudio] Destination: /Users/marcelbuian/projects/mb/marcel-vibe/Deepium 2026/MarcelVibe/11/Nox Vahn & Marsh – Follow Me (Extended Mix) - 2023.mp3
Deleting original file /Users/marcelbuian/projects/mb/marcel-vibe/Deepium 2026/MarcelVibe/11/Nox Vahn & Marsh – Follow Me (Extended Mix) - 2023.webm (pass -k to keep)
[Metadata] Adding metadata to "/Users/marcelbuian/projects/mb/marcel-vibe/Deepium 2026/MarcelVibe/11/Nox Vahn & Marsh – Follow Me (Extended Mix) - 2023.mp3"
[EmbedThumbnail] ffmpeg: Adding thumbnail to "/Users/marcelbuian/projects/mb/marcel-vibe/Deepium 2026/MarcelVibe/11/Nox Vahn & Marsh – Follow Me (Extended Mix) - 2023.mp3"
[youtube] Extracting URL: https://www.youtube.com/watch?v=voIycXDkG78
[youtube] Sleeping 1.0 seconds ...
[youtube] voIycXDkG78: Downloading webpage
[youtube] Sleeping 1.0 seconds ...
[youtube] voIycXDkG78: Downloading visionos player API JSON
[youtube] Sleeping 1.0 seconds ...
[youtube] voIycXDkG78: Downloading m3u8 information
[info] voIycXDkG78: Downloading 1 format(s): 251
[info] Downloading video thumbnail 44 ...
[info] Writing video thumbnail 44 to: /Users/marcelbuian/projects/mb/marcel-vibe/Deepium 2026/MarcelVibe/11/REBRN - KOKA (Original Mix) [Phisica] - 2023.webp
[ThumbnailsConvertor] Converting thumbnail "/Users/marcelbuian/projects/mb/marcel-vibe/Deepium 2026/MarcelVibe/11/REBRN - KOKA (Original Mix) [Phisica] - 2023.webp" to jpg
Deleting original file /Users/marcelbuian/projects/mb/marcel-vibe/Deepium 2026/MarcelVibe/11/REBRN - KOKA (Original Mix) [Phisica] - 2023.webp (pass -k to keep)
[download] Sleeping 2.07 seconds ...
[download] Destination: /Users/marcelbuian/projects/mb/marcel-vibe/Deepium 2026/MarcelVibe/11/REBRN - KOKA (Original Mix) [Phisica] - 2023.webm

[download]   0.0% of    6.11MiB at  992.97KiB/s ETA 00:06
[download]   0.0% of    6.11MiB at    2.46MiB/s ETA 00:02
[download]   0.1% of    6.11MiB at    5.38MiB/s ETA 00:01
[download]   0.2% of    6.11MiB at   10.90MiB/s ETA 00:00
[download]   0.5% of    6.11MiB at   21.13MiB/s ETA 00:00
[download]   1.0% of    6.11MiB at   20.48MiB/s ETA 00:00
[download]   2.0% of    6.11MiB at   15.20MiB/s ETA 00:00
[download]   4.1% of    6.11MiB at   13.13MiB/s ETA 00:00
[download]   8.2% of    6.11MiB at   14.66MiB/s ETA 00:00
[download]  16.3% of    6.11MiB at   14.71MiB/s ETA 00:00
[download]  32.7% of    6.11MiB at   14.78MiB/s ETA 00:00
[download]  65.4% of    6.11MiB at    8.89MiB/s ETA 00:00
[download] 100.0% of    6.11MiB at    9.85MiB/s ETA 00:00
[download] 100% of    6.11MiB in 00:00:00 at 6.57MiB/s   
[ExtractAudio] Destination: /Users/marcelbuian/projects/mb/marcel-vibe/Deepium 2026/MarcelVibe/11/REBRN - KOKA (Original Mix) [Phisica] - 2023.mp3
Deleting original file /Users/marcelbuian/projects/mb/marcel-vibe/Deepium 2026/MarcelVibe/11/REBRN - KOKA (Original Mix) [Phisica] - 2023.webm (pass -k to keep)
[Metadata] Adding metadata to "/Users/marcelbuian/projects/mb/marcel-vibe/Deepium 2026/MarcelVibe/11/REBRN - KOKA (Original Mix) [Phisica] - 2023.mp3"
[EmbedThumbnail] ffmpeg: Adding thumbnail to "/Users/marcelbuian/projects/mb/marcel-vibe/Deepium 2026/MarcelVibe/11/REBRN - KOKA (Original Mix) [Phisica] - 2023.mp3"
[youtube] Extracting URL: https://www.youtube.com/watch?v=YhCQSoe4f20
[youtube] Sleeping 1.0 seconds ...
[youtube] YhCQSoe4f20: Downloading webpage
[youtube] Sleeping 1.0 seconds ...
[youtube] YhCQSoe4f20: Downloading visionos player API JSON
[youtube] Sleeping 1.0 seconds ...
[youtube] YhCQSoe4f20: Downloading m3u8 information
[info] YhCQSoe4f20: Downloading 1 format(s): 251
[info] Downloading video thumbnail 44 ...
[info] Writing video thumbnail 44 to: /Users/marcelbuian/projects/mb/marcel-vibe/Deepium 2026/MarcelVibe/11/IV47 Âme - Den Råtta (feat. Vulkano) - Tatischeff EP - 2013.webp
[ThumbnailsConvertor] Converting thumbnail "/Users/marcelbuian/projects/mb/marcel-vibe/Deepium 2026/MarcelVibe/11/IV47 Âme - Den Råtta (feat. Vulkano) - Tatischeff EP - 2013.webp" to jpg
Deleting original file /Users/marcelbuian/projects/mb/marcel-vibe/Deepium 2026/MarcelVibe/11/IV47 Âme - Den Råtta (feat. Vulkano) - Tatischeff EP - 2013.webp (pass -k to keep)
[download] Sleeping 1.08 seconds ...
[download] Destination: /Users/marcelbuian/projects/mb/marcel-vibe/Deepium 2026/MarcelVibe/11/IV47 Âme - Den Råtta (feat. Vulkano) - Tatischeff EP - 2013.webm

[download]   0.0% of    8.41MiB at  333.44KiB/s ETA 00:25
[download]   0.0% of    8.41MiB at  936.58KiB/s ETA 00:09
[download]   0.1% of    8.41MiB at    2.08MiB/s ETA 00:04
[download]   0.2% of    8.41MiB at    4.36MiB/s ETA 00:01
[download]   0.4% of    8.41MiB at    4.12MiB/s ETA 00:02
[download]   0.7% of    8.41MiB at    4.53MiB/s ETA 00:01
[download]   1.5% of    8.41MiB at    3.23MiB/s ETA 00:02
[download]   3.0% of    8.41MiB at    3.19MiB/s ETA 00:02
[download]   5.9% of    8.41MiB at    4.32MiB/s ETA 00:01
[download]  11.9% of    8.41MiB at    6.51MiB/s ETA 00:01
[download]  23.8% of    8.41MiB at    9.08MiB/s ETA 00:00
[download]  47.6% of    8.41MiB at   12.76MiB/s ETA 00:00
[download]  95.2% of    8.41MiB at   16.38MiB/s ETA 00:00
[download] 100.0% of    8.41MiB at   12.43MiB/s ETA 00:00
[download] 100% of    8.41MiB in 00:00:01 at 8.35MiB/s   
[ExtractAudio] Destination: /Users/marcelbuian/projects/mb/marcel-vibe/Deepium 2026/MarcelVibe/11/IV47 Âme - Den Råtta (feat. Vulkano) - Tatischeff EP - 2013.mp3
Deleting original file /Users/marcelbuian/projects/mb/marcel-vibe/Deepium 2026/MarcelVibe/11/IV47 Âme - Den Råtta (feat. Vulkano) - Tatischeff EP - 2013.webm (pass -k to keep)
[Metadata] Adding metadata to "/Users/marcelbuian/projects/mb/marcel-vibe/Deepium 2026/MarcelVibe/11/IV47 Âme - Den Råtta (feat. Vulkano) - Tatischeff EP - 2013.mp3"
[EmbedThumbnail] ffmpeg: Adding thumbnail to "/Users/marcelbuian/projects/mb/marcel-vibe/Deepium 2026/MarcelVibe/11/IV47 Âme - Den Råtta (feat. Vulkano) - Tatischeff EP - 2013.mp3"
Reading URLs from STDIN - EOF (Ctrl+D) to end:

===== 12 (#12 - 2025-07-11 Fomm ir Rih, Malta) 15:18:26
[youtube] Extracting URL: https://www.youtube.com/watch?v=cTJ20wxmdDk
[youtube] cTJ20wxmdDk: Downloading webpage
[youtube] Sleeping 1.0 seconds ...
[youtube] cTJ20wxmdDk: Downloading visionos player API JSON
[youtube] Sleeping 1.0 seconds ...
[youtube] cTJ20wxmdDk: Downloading m3u8 information
[info] cTJ20wxmdDk: Downloading 1 format(s): 251
[info] Downloading video thumbnail 41 ...
[info] Video Thumbnail 41 does not exist
[info] Downloading video thumbnail 40 ...
[info] Video Thumbnail 40 does not exist
[info] Downloading video thumbnail 39 ...
[info] Video Thumbnail 39 does not exist
[info] Downloading video thumbnail 38 ...
[info] Video Thumbnail 38 does not exist
[info] Downloading video thumbnail 37 ...
[info] Writing video thumbnail 37 to: /Users/marcelbuian/projects/mb/marcel-vibe/Deepium 2026/MarcelVibe/12/Kasper Koman - Hi - 2018.webp
[ThumbnailsConvertor] Converting thumbnail "/Users/marcelbuian/projects/mb/marcel-vibe/Deepium 2026/MarcelVibe/12/Kasper Koman - Hi - 2018.webp" to jpg
Deleting original file /Users/marcelbuian/projects/mb/marcel-vibe/Deepium 2026/MarcelVibe/12/Kasper Koman - Hi - 2018.webp (pass -k to keep)
[download] Sleeping 2.23 seconds ...
[download] Destination: /Users/marcelbuian/projects/mb/marcel-vibe/Deepium 2026/MarcelVibe/12/Kasper Koman - Hi - 2018.webm

[download]   0.0% of    8.58MiB at  474.79KiB/s ETA 00:18
[download]   0.0% of    8.58MiB at    1.18MiB/s ETA 00:07
[download]   0.1% of    8.58MiB at    2.54MiB/s ETA 00:03
[download]   0.2% of    8.58MiB at    5.13MiB/s ETA 00:01
[download]   0.4% of    8.58MiB at    4.41MiB/s ETA 00:01
[download]   0.7% of    8.58MiB at    4.25MiB/s ETA 00:02
[download]   1.4% of    8.58MiB at    6.59MiB/s ETA 00:01
[download]   2.9% of    8.58MiB at    7.84MiB/s ETA 00:01
[download]   5.8% of    8.58MiB at   12.07MiB/s ETA 00:00
[download]  11.6% of    8.58MiB at   16.27MiB/s ETA 00:00
[download]  23.3% of    8.58MiB at   22.16MiB/s ETA 00:00
[download]  46.6% of    8.58MiB at   28.24MiB/s ETA 00:00
[download]  93.2% of    8.58MiB at   15.91MiB/s ETA 00:00
[download] 100.0% of    8.58MiB at   16.19MiB/s ETA 00:00
[download] 100% of    8.58MiB in 00:00:00 at 14.61MiB/s  
[ExtractAudio] Destination: /Users/marcelbuian/projects/mb/marcel-vibe/Deepium 2026/MarcelVibe/12/Kasper Koman - Hi - 2018.mp3
Deleting original file /Users/marcelbuian/projects/mb/marcel-vibe/Deepium 2026/MarcelVibe/12/Kasper Koman - Hi - 2018.webm (pass -k to keep)
[Metadata] Adding metadata to "/Users/marcelbuian/projects/mb/marcel-vibe/Deepium 2026/MarcelVibe/12/Kasper Koman - Hi - 2018.mp3"
[EmbedThumbnail] ffmpeg: Adding thumbnail to "/Users/marcelbuian/projects/mb/marcel-vibe/Deepium 2026/MarcelVibe/12/Kasper Koman - Hi - 2018.mp3"
[youtube] Extracting URL: https://www.youtube.com/watch?v=1xbrpNCCYNI
[youtube] Sleeping 1.0 seconds ...
[youtube] 1xbrpNCCYNI: Downloading webpage
[youtube] Sleeping 1.0 seconds ...
[youtube] 1xbrpNCCYNI: Downloading visionos player API JSON
[youtube] Sleeping 1.0 seconds ...
[youtube] 1xbrpNCCYNI: Downloading m3u8 information
[info] 1xbrpNCCYNI: Downloading 1 format(s): 251
[info] Downloading video thumbnail 44 ...
[info] Writing video thumbnail 44 to: /Users/marcelbuian/projects/mb/marcel-vibe/Deepium 2026/MarcelVibe/12/Martin Roth - Keep It Movin' (Extended Mix) - 2025.webp
[ThumbnailsConvertor] Converting thumbnail "/Users/marcelbuian/projects/mb/marcel-vibe/Deepium 2026/MarcelVibe/12/Martin Roth - Keep It Movin' (Extended Mix) - 2025.webp" to jpg
Deleting original file /Users/marcelbuian/projects/mb/marcel-vibe/Deepium 2026/MarcelVibe/12/Martin Roth - Keep It Movin' (Extended Mix) - 2025.webp (pass -k to keep)
[download] Sleeping 1.15 seconds ...
[download] Destination: /Users/marcelbuian/projects/mb/marcel-vibe/Deepium 2026/MarcelVibe/12/Martin Roth - Keep It Movin' (Extended Mix) - 2025.webm

[download]   0.0% of    5.66MiB at  522.20KiB/s ETA 00:11
[download]   0.1% of    5.66MiB at    1.21MiB/s ETA 00:04
[download]   0.1% of    5.66MiB at    2.48MiB/s ETA 00:02
[download]   0.3% of    5.66MiB at    4.90MiB/s ETA 00:01
[download]   0.5% of    5.66MiB at    4.07MiB/s ETA 00:01
[download]   1.1% of    5.66MiB at    4.86MiB/s ETA 00:01
[download]   2.2% of    5.66MiB at    6.96MiB/s ETA 00:00
[download]   4.4% of    5.66MiB at   10.21MiB/s ETA 00:00
[download]   8.8% of    5.66MiB at   14.94MiB/s ETA 00:00
[download]  17.7% of    5.66MiB at   15.12MiB/s ETA 00:00
[download]  35.3% of    5.66MiB at   14.74MiB/s ETA 00:00
[download]  70.7% of    5.66MiB at   11.56MiB/s ETA 00:00
[download] 100.0% of    5.66MiB at   14.75MiB/s ETA 00:00
[download] 100% of    5.66MiB in 00:00:00 at 9.75MiB/s   
[ExtractAudio] Destination: /Users/marcelbuian/projects/mb/marcel-vibe/Deepium 2026/MarcelVibe/12/Martin Roth - Keep It Movin' (Extended Mix) - 2025.mp3
Deleting original file /Users/marcelbuian/projects/mb/marcel-vibe/Deepium 2026/MarcelVibe/12/Martin Roth - Keep It Movin' (Extended Mix) - 2025.webm (pass -k to keep)
[Metadata] Adding metadata to "/Users/marcelbuian/projects/mb/marcel-vibe/Deepium 2026/MarcelVibe/12/Martin Roth - Keep It Movin' (Extended Mix) - 2025.mp3"
[EmbedThumbnail] ffmpeg: Adding thumbnail to "/Users/marcelbuian/projects/mb/marcel-vibe/Deepium 2026/MarcelVibe/12/Martin Roth - Keep It Movin' (Extended Mix) - 2025.mp3"
[youtube] Extracting URL: https://www.youtube.com/watch?v=DHbx3nU8U24
[youtube] Sleeping 1.0 seconds ...
[youtube] DHbx3nU8U24: Downloading webpage
[youtube] Sleeping 1.0 seconds ...
[youtube] DHbx3nU8U24: Downloading visionos player API JSON
[youtube] Sleeping 1.0 seconds ...
[youtube] DHbx3nU8U24: Downloading m3u8 information
[info] DHbx3nU8U24: Downloading 1 format(s): 251
[info] Downloading video thumbnail 41 ...
[info] Writing video thumbnail 41 to: /Users/marcelbuian/projects/mb/marcel-vibe/Deepium 2026/MarcelVibe/12/Mark Alow - Luna Llena (2017) - 2017.webp
[ThumbnailsConvertor] Converting thumbnail "/Users/marcelbuian/projects/mb/marcel-vibe/Deepium 2026/MarcelVibe/12/Mark Alow - Luna Llena (2017) - 2017.webp" to jpg
Deleting original file /Users/marcelbuian/projects/mb/marcel-vibe/Deepium 2026/MarcelVibe/12/Mark Alow - Luna Llena (2017) - 2017.webp (pass -k to keep)
[download] Sleeping 2.12 seconds ...
[download] Destination: /Users/marcelbuian/projects/mb/marcel-vibe/Deepium 2026/MarcelVibe/12/Mark Alow - Luna Llena (2017) - 2017.webm

[download]   0.0% of    6.55MiB at  Unknown B/s ETA Unknown
[download]   0.0% of    6.55MiB at    2.27MiB/s ETA 00:02  
[download]   0.1% of    6.55MiB at    4.38MiB/s ETA 00:01
[download]   0.2% of    6.55MiB at    6.16MiB/s ETA 00:01
[download]   0.5% of    6.55MiB at    6.21MiB/s ETA 00:01
[download]   0.9% of    6.55MiB at    6.38MiB/s ETA 00:01
[download]   1.9% of    6.55MiB at    9.52MiB/s ETA 00:00
[download]   3.8% of    6.55MiB at   12.01MiB/s ETA 00:00
[download]   7.6% of    6.55MiB at   17.14MiB/s ETA 00:00
[download]  15.3% of    6.55MiB at    9.82MiB/s ETA 00:00
[download]  30.5% of    6.55MiB at    7.03MiB/s ETA 00:00
[download]  61.1% of    6.55MiB at    7.37MiB/s ETA 00:00
[download] 100.0% of    6.55MiB at    9.81MiB/s ETA 00:00
[download] 100% of    6.55MiB in 00:00:00 at 8.42MiB/s   
[ExtractAudio] Destination: /Users/marcelbuian/projects/mb/marcel-vibe/Deepium 2026/MarcelVibe/12/Mark Alow - Luna Llena (2017) - 2017.mp3
Deleting original file /Users/marcelbuian/projects/mb/marcel-vibe/Deepium 2026/MarcelVibe/12/Mark Alow - Luna Llena (2017) - 2017.webm (pass -k to keep)
[Metadata] Adding metadata to "/Users/marcelbuian/projects/mb/marcel-vibe/Deepium 2026/MarcelVibe/12/Mark Alow - Luna Llena (2017) - 2017.mp3"
[EmbedThumbnail] ffmpeg: Adding thumbnail to "/Users/marcelbuian/projects/mb/marcel-vibe/Deepium 2026/MarcelVibe/12/Mark Alow - Luna Llena (2017) - 2017.mp3"
[youtube] Extracting URL: https://www.youtube.com/watch?v=k_9wv057MOw
[youtube] Sleeping 1.0 seconds ...
[youtube] k_9wv057MOw: Downloading webpage
[youtube] Sleeping 1.0 seconds ...
[youtube] k_9wv057MOw: Downloading visionos player API JSON
[youtube] Sleeping 1.0 seconds ...
[youtube] k_9wv057MOw: Downloading m3u8 information
[info] k_9wv057MOw: Downloading 1 format(s): 251
[info] Downloading video thumbnail 41 ...
[info] Writing video thumbnail 41 to: /Users/marcelbuian/projects/mb/marcel-vibe/Deepium 2026/MarcelVibe/12/Yotto - Another Riff For The Good Times - 2020.webp
[ThumbnailsConvertor] Converting thumbnail "/Users/marcelbuian/projects/mb/marcel-vibe/Deepium 2026/MarcelVibe/12/Yotto - Another Riff For The Good Times - 2020.webp" to jpg
Deleting original file /Users/marcelbuian/projects/mb/marcel-vibe/Deepium 2026/MarcelVibe/12/Yotto - Another Riff For The Good Times - 2020.webp (pass -k to keep)
[download] Sleeping 1.39 seconds ...
[download] Destination: /Users/marcelbuian/projects/mb/marcel-vibe/Deepium 2026/MarcelVibe/12/Yotto - Another Riff For The Good Times - 2020.webm

[download]   0.0% of    3.89MiB at  531.33KiB/s ETA 00:07
[download]   0.1% of    3.89MiB at    1.16MiB/s ETA 00:03
[download]   0.2% of    3.89MiB at    2.35MiB/s ETA 00:01
[download]   0.4% of    3.89MiB at    4.47MiB/s ETA 00:00
[download]   0.8% of    3.89MiB at    4.31MiB/s ETA 00:00
[download]   1.6% of    3.89MiB at    4.60MiB/s ETA 00:00
[download]   3.2% of    3.89MiB at    6.32MiB/s ETA 00:00
[download]   6.4% of    3.89MiB at    8.92MiB/s ETA 00:00
[download]  12.8% of    3.89MiB at   13.21MiB/s ETA 00:00
[download]  25.7% of    3.89MiB at   15.37MiB/s ETA 00:00
[download]  51.4% of    3.89MiB at   14.85MiB/s ETA 00:00
[download] 100.0% of    3.89MiB at   12.35MiB/s ETA 00:00
[download] 100% of    3.89MiB in 00:00:00 at 8.81MiB/s   
[ExtractAudio] Destination: /Users/marcelbuian/projects/mb/marcel-vibe/Deepium 2026/MarcelVibe/12/Yotto - Another Riff For The Good Times - 2020.mp3
Deleting original file /Users/marcelbuian/projects/mb/marcel-vibe/Deepium 2026/MarcelVibe/12/Yotto - Another Riff For The Good Times - 2020.webm (pass -k to keep)
[Metadata] Adding metadata to "/Users/marcelbuian/projects/mb/marcel-vibe/Deepium 2026/MarcelVibe/12/Yotto - Another Riff For The Good Times - 2020.mp3"
[EmbedThumbnail] ffmpeg: Adding thumbnail to "/Users/marcelbuian/projects/mb/marcel-vibe/Deepium 2026/MarcelVibe/12/Yotto - Another Riff For The Good Times - 2020.mp3"
[youtube] Extracting URL: https://www.youtube.com/watch?v=RBm6HCG7nS8
[youtube] Sleeping 1.0 seconds ...
[youtube] RBm6HCG7nS8: Downloading webpage
[youtube] Sleeping 1.0 seconds ...
[youtube] RBm6HCG7nS8: Downloading visionos player API JSON
[youtube] Sleeping 1.0 seconds ...
[youtube] RBm6HCG7nS8: Downloading m3u8 information
[info] RBm6HCG7nS8: Downloading 1 format(s): 251
[info] Downloading video thumbnail 41 ...
[info] Writing video thumbnail 41 to: /Users/marcelbuian/projects/mb/marcel-vibe/Deepium 2026/MarcelVibe/12/Emi Galvan - Samsara [Replug] - 2023.webp
[ThumbnailsConvertor] Converting thumbnail "/Users/marcelbuian/projects/mb/marcel-vibe/Deepium 2026/MarcelVibe/12/Emi Galvan - Samsara [Replug] - 2023.webp" to jpg
Deleting original file /Users/marcelbuian/projects/mb/marcel-vibe/Deepium 2026/MarcelVibe/12/Emi Galvan - Samsara [Replug] - 2023.webp (pass -k to keep)
[download] Sleeping 1.65 seconds ...
[download] Destination: /Users/marcelbuian/projects/mb/marcel-vibe/Deepium 2026/MarcelVibe/12/Emi Galvan - Samsara [Replug] - 2023.webm

[download]   0.0% of    8.12MiB at  307.05KiB/s ETA 00:27
[download]   0.0% of    8.12MiB at  805.00KiB/s ETA 00:10
[download]   0.1% of    8.12MiB at    1.71MiB/s ETA 00:04
[download]   0.2% of    8.12MiB at    3.47MiB/s ETA 00:02
[download]   0.4% of    8.12MiB at    6.73MiB/s ETA 00:01
[download]   0.8% of    8.12MiB at   12.17MiB/s ETA 00:00
[download]   1.5% of    8.12MiB at   13.21MiB/s ETA 00:00
[download]   3.1% of    8.12MiB at    7.86MiB/s ETA 00:01
[download]   6.1% of    8.12MiB at    9.23MiB/s ETA 00:00
[download]  12.3% of    8.12MiB at   13.92MiB/s ETA 00:00
[download]  24.6% of    8.12MiB at   15.30MiB/s ETA 00:00
[download]  49.2% of    8.12MiB at   18.00MiB/s ETA 00:00
[download]  98.5% of    8.12MiB at   13.05MiB/s ETA 00:00
[download] 100.0% of    8.12MiB at   12.57MiB/s ETA 00:00
[download] 100% of    8.12MiB in 00:00:00 at 9.90MiB/s   
[ExtractAudio] Destination: /Users/marcelbuian/projects/mb/marcel-vibe/Deepium 2026/MarcelVibe/12/Emi Galvan - Samsara [Replug] - 2023.mp3
Deleting original file /Users/marcelbuian/projects/mb/marcel-vibe/Deepium 2026/MarcelVibe/12/Emi Galvan - Samsara [Replug] - 2023.webm (pass -k to keep)
[Metadata] Adding metadata to "/Users/marcelbuian/projects/mb/marcel-vibe/Deepium 2026/MarcelVibe/12/Emi Galvan - Samsara [Replug] - 2023.mp3"
[EmbedThumbnail] ffmpeg: Adding thumbnail to "/Users/marcelbuian/projects/mb/marcel-vibe/Deepium 2026/MarcelVibe/12/Emi Galvan - Samsara [Replug] - 2023.mp3"
[youtube] Extracting URL: https://www.youtube.com/watch?v=UzPRso975PM
[youtube] Sleeping 1.0 seconds ...
[youtube] UzPRso975PM: Downloading webpage
[youtube] Sleeping 1.0 seconds ...
[youtube] UzPRso975PM: Downloading visionos player API JSON
[youtube] Sleeping 1.0 seconds ...
[youtube] UzPRso975PM: Downloading m3u8 information
[info] UzPRso975PM: Downloading 1 format(s): 251
[info] Downloading video thumbnail 41 ...
[info] Writing video thumbnail 41 to: /Users/marcelbuian/projects/mb/marcel-vibe/Deepium 2026/MarcelVibe/12/Monolink - Father Ocean - Ben Böhmer Remix (Live Version) ｜ Cercle Odyssey - 2025.webp
[ThumbnailsConvertor] Converting thumbnail "/Users/marcelbuian/projects/mb/marcel-vibe/Deepium 2026/MarcelVibe/12/Monolink - Father Ocean - Ben Böhmer Remix (Live Version) ｜ Cercle Odyssey - 2025.webp" to jpg
Deleting original file /Users/marcelbuian/projects/mb/marcel-vibe/Deepium 2026/MarcelVibe/12/Monolink - Father Ocean - Ben Böhmer Remix (Live Version) ｜ Cercle Odyssey - 2025.webp (pass -k to keep)
[download] Sleeping 1.03 seconds ...
[download] Destination: /Users/marcelbuian/projects/mb/marcel-vibe/Deepium 2026/MarcelVibe/12/Monolink - Father Ocean - Ben Böhmer Remix (Live Version) ｜ Cercle Odyssey - 2025.webm

[download]   0.0% of    5.82MiB at  Unknown B/s ETA Unknown
[download]   0.1% of    5.82MiB at  Unknown B/s ETA Unknown
[download]   0.1% of    5.82MiB at  Unknown B/s ETA Unknown
[download]   0.3% of    5.82MiB at  Unknown B/s ETA Unknown
[download]   0.5% of    5.82MiB at  Unknown B/s ETA Unknown
[download]   1.1% of    5.82MiB at   54.41MiB/s ETA 00:00  
[download]   2.1% of    5.82MiB at   22.55MiB/s ETA 00:00
[download]   4.3% of    5.82MiB at   23.09MiB/s ETA 00:00
[download]   8.6% of    5.82MiB at   18.01MiB/s ETA 00:00
[download]  17.2% of    5.82MiB at   15.47MiB/s ETA 00:00
[download]  34.4% of    5.82MiB at   15.10MiB/s ETA 00:00
[download]  68.7% of    5.82MiB at   13.60MiB/s ETA 00:00
[download] 100.0% of    5.82MiB at   16.02MiB/s ETA 00:00
[download] 100% of    5.82MiB in 00:00:00 at 13.34MiB/s  
[ExtractAudio] Destination: /Users/marcelbuian/projects/mb/marcel-vibe/Deepium 2026/MarcelVibe/12/Monolink - Father Ocean - Ben Böhmer Remix (Live Version) ｜ Cercle Odyssey - 2025.mp3
Deleting original file /Users/marcelbuian/projects/mb/marcel-vibe/Deepium 2026/MarcelVibe/12/Monolink - Father Ocean - Ben Böhmer Remix (Live Version) ｜ Cercle Odyssey - 2025.webm (pass -k to keep)
[Metadata] Adding metadata to "/Users/marcelbuian/projects/mb/marcel-vibe/Deepium 2026/MarcelVibe/12/Monolink - Father Ocean - Ben Böhmer Remix (Live Version) ｜ Cercle Odyssey - 2025.mp3"
[EmbedThumbnail] ffmpeg: Adding thumbnail to "/Users/marcelbuian/projects/mb/marcel-vibe/Deepium 2026/MarcelVibe/12/Monolink - Father Ocean - Ben Böhmer Remix (Live Version) ｜ Cercle Odyssey - 2025.mp3"
Reading URLs from STDIN - EOF (Ctrl+D) to end:

===== 13 (#13 - 2025-07-14 Paradise Bay, Malta) 15:21:42
[youtube] Extracting URL: https://www.youtube.com/watch?v=t1AYtR4R0Uk
[youtube] t1AYtR4R0Uk: Downloading webpage
[youtube] Sleeping 1.0 seconds ...
[youtube] t1AYtR4R0Uk: Downloading visionos player API JSON
[youtube] Sleeping 1.0 seconds ...
[youtube] t1AYtR4R0Uk: Downloading m3u8 information
[info] t1AYtR4R0Uk: Downloading 1 format(s): 251
[info] Downloading video thumbnail 41 ...
[info] Writing video thumbnail 41 to: /Users/marcelbuian/projects/mb/marcel-vibe/Deepium 2026/MarcelVibe/13/Xinobi - Far Away Place (Jody Wisternoff & James Grant Remix) - 2017.webp
[ThumbnailsConvertor] Converting thumbnail "/Users/marcelbuian/projects/mb/marcel-vibe/Deepium 2026/MarcelVibe/13/Xinobi - Far Away Place (Jody Wisternoff & James Grant Remix) - 2017.webp" to jpg
Deleting original file /Users/marcelbuian/projects/mb/marcel-vibe/Deepium 2026/MarcelVibe/13/Xinobi - Far Away Place (Jody Wisternoff & James Grant Remix) - 2017.webp (pass -k to keep)
[download] Sleeping 1.17 seconds ...
[download] Destination: /Users/marcelbuian/projects/mb/marcel-vibe/Deepium 2026/MarcelVibe/13/Xinobi - Far Away Place (Jody Wisternoff & James Grant Remix) - 2017.webm

[download]   0.0% of    7.70MiB at  486.58KiB/s ETA 00:16
[download]   0.0% of    7.70MiB at    1.30MiB/s ETA 00:05
[download]   0.1% of    7.70MiB at    2.92MiB/s ETA 00:02
[download]   0.2% of    7.70MiB at    6.05MiB/s ETA 00:01
[download]   0.4% of    7.70MiB at    3.93MiB/s ETA 00:01
[download]   0.8% of    7.70MiB at    4.61MiB/s ETA 00:01
[download]   1.6% of    7.70MiB at    7.11MiB/s ETA 00:01
[download]   3.2% of    7.70MiB at   10.34MiB/s ETA 00:00
[download]   6.5% of    7.70MiB at   15.20MiB/s ETA 00:00
[download]  13.0% of    7.70MiB at   14.84MiB/s ETA 00:00
[download]  26.0% of    7.70MiB at   15.02MiB/s ETA 00:00
[download]  51.9% of    7.70MiB at   23.14MiB/s ETA 00:00
[download] 100.0% of    7.70MiB at   15.28MiB/s ETA 00:00
[download] 100% of    7.70MiB in 00:00:00 at 12.11MiB/s  
[ExtractAudio] Destination: /Users/marcelbuian/projects/mb/marcel-vibe/Deepium 2026/MarcelVibe/13/Xinobi - Far Away Place (Jody Wisternoff & James Grant Remix) - 2017.mp3
Deleting original file /Users/marcelbuian/projects/mb/marcel-vibe/Deepium 2026/MarcelVibe/13/Xinobi - Far Away Place (Jody Wisternoff & James Grant Remix) - 2017.webm (pass -k to keep)
[Metadata] Adding metadata to "/Users/marcelbuian/projects/mb/marcel-vibe/Deepium 2026/MarcelVibe/13/Xinobi - Far Away Place (Jody Wisternoff & James Grant Remix) - 2017.mp3"
[EmbedThumbnail] ffmpeg: Adding thumbnail to "/Users/marcelbuian/projects/mb/marcel-vibe/Deepium 2026/MarcelVibe/13/Xinobi - Far Away Place (Jody Wisternoff & James Grant Remix) - 2017.mp3"
[youtube] Extracting URL: https://www.youtube.com/watch?v=k_9wv057MOw
[youtube] Sleeping 1.0 seconds ...
[youtube] k_9wv057MOw: Downloading webpage
[youtube] Sleeping 1.0 seconds ...
[youtube] k_9wv057MOw: Downloading visionos player API JSON
[youtube] Sleeping 1.0 seconds ...
[youtube] k_9wv057MOw: Downloading m3u8 information
[info] k_9wv057MOw: Downloading 1 format(s): 251
[info] Downloading video thumbnail 41 ...
[info] Writing video thumbnail 41 to: /Users/marcelbuian/projects/mb/marcel-vibe/Deepium 2026/MarcelVibe/13/Yotto - Another Riff For The Good Times - 2020.webp
[ThumbnailsConvertor] Converting thumbnail "/Users/marcelbuian/projects/mb/marcel-vibe/Deepium 2026/MarcelVibe/13/Yotto - Another Riff For The Good Times - 2020.webp" to jpg
Deleting original file /Users/marcelbuian/projects/mb/marcel-vibe/Deepium 2026/MarcelVibe/13/Yotto - Another Riff For The Good Times - 2020.webp (pass -k to keep)
[download] Sleeping 1.38 seconds ...
[download] Destination: /Users/marcelbuian/projects/mb/marcel-vibe/Deepium 2026/MarcelVibe/13/Yotto - Another Riff For The Good Times - 2020.webm

[download]   0.0% of    3.89MiB at  439.38KiB/s ETA 00:09
[download]   0.1% of    3.89MiB at    1.17MiB/s ETA 00:03
[download]   0.2% of    3.89MiB at    2.62MiB/s ETA 00:01
[download]   0.4% of    3.89MiB at    5.42MiB/s ETA 00:00
[download]   0.8% of    3.89MiB at    4.19MiB/s ETA 00:00
[download]   1.6% of    3.89MiB at    5.30MiB/s ETA 00:00
[download]   3.2% of    3.89MiB at    7.70MiB/s ETA 00:00
[download]   6.4% of    3.89MiB at    9.84MiB/s ETA 00:00
[download]  12.8% of    3.89MiB at   15.05MiB/s ETA 00:00
[download]  25.7% of    3.89MiB at   23.30MiB/s ETA 00:00
[download]  51.4% of    3.89MiB at   32.26MiB/s ETA 00:00
[download] 100.0% of    3.89MiB at   10.40MiB/s ETA 00:00
[download] 100% of    3.89MiB in 00:00:00 at 9.43MiB/s   
[ExtractAudio] Destination: /Users/marcelbuian/projects/mb/marcel-vibe/Deepium 2026/MarcelVibe/13/Yotto - Another Riff For The Good Times - 2020.mp3
Deleting original file /Users/marcelbuian/projects/mb/marcel-vibe/Deepium 2026/MarcelVibe/13/Yotto - Another Riff For The Good Times - 2020.webm (pass -k to keep)
[Metadata] Adding metadata to "/Users/marcelbuian/projects/mb/marcel-vibe/Deepium 2026/MarcelVibe/13/Yotto - Another Riff For The Good Times - 2020.mp3"
[EmbedThumbnail] ffmpeg: Adding thumbnail to "/Users/marcelbuian/projects/mb/marcel-vibe/Deepium 2026/MarcelVibe/13/Yotto - Another Riff For The Good Times - 2020.mp3"
[youtube] Extracting URL: https://www.youtube.com/watch?v=BcC6ctCXvIs
[youtube] Sleeping 1.0 seconds ...
[youtube] BcC6ctCXvIs: Downloading webpage
[youtube] Sleeping 1.0 seconds ...
[youtube] BcC6ctCXvIs: Downloading visionos player API JSON
[youtube] Sleeping 1.0 seconds ...
[youtube] BcC6ctCXvIs: Downloading m3u8 information
[info] BcC6ctCXvIs: Downloading 1 format(s): 251
[info] Downloading video thumbnail 41 ...
[info] Writing video thumbnail 41 to: /Users/marcelbuian/projects/mb/marcel-vibe/Deepium 2026/MarcelVibe/13/Hot Since 82  - Vapours feat. Alex Mills (8-track) - 2019.webp
[ThumbnailsConvertor] Converting thumbnail "/Users/marcelbuian/projects/mb/marcel-vibe/Deepium 2026/MarcelVibe/13/Hot Since 82  - Vapours feat. Alex Mills (8-track) - 2019.webp" to jpg
Deleting original file /Users/marcelbuian/projects/mb/marcel-vibe/Deepium 2026/MarcelVibe/13/Hot Since 82  - Vapours feat. Alex Mills (8-track) - 2019.webp (pass -k to keep)
[download] Sleeping 1.10 seconds ...
[download] Destination: /Users/marcelbuian/projects/mb/marcel-vibe/Deepium 2026/MarcelVibe/13/Hot Since 82  - Vapours feat. Alex Mills (8-track) - 2019.webm

[download]   0.0% of    5.86MiB at  Unknown B/s ETA Unknown
[download]   0.1% of    5.86MiB at    2.19MiB/s ETA 00:02  
[download]   0.1% of    5.86MiB at    2.80MiB/s ETA 00:02
[download]   0.3% of    5.86MiB at    4.94MiB/s ETA 00:01
[download]   0.5% of    5.86MiB at    5.03MiB/s ETA 00:01
[download]   1.1% of    5.86MiB at    5.37MiB/s ETA 00:01
[download]   2.1% of    5.86MiB at    6.34MiB/s ETA 00:00
[download]   4.3% of    5.86MiB at    9.51MiB/s ETA 00:00
[download]   8.5% of    5.86MiB at   12.89MiB/s ETA 00:00
[download]  17.1% of    5.86MiB at   19.08MiB/s ETA 00:00
[download]  34.1% of    5.86MiB at   26.28MiB/s ETA 00:00
[download]  68.3% of    5.86MiB at   28.73MiB/s ETA 00:00
[download] 100.0% of    5.86MiB at   27.90MiB/s ETA 00:00
[download] 100% of    5.86MiB in 00:00:00 at 21.71MiB/s  
[ExtractAudio] Destination: /Users/marcelbuian/projects/mb/marcel-vibe/Deepium 2026/MarcelVibe/13/Hot Since 82  - Vapours feat. Alex Mills (8-track) - 2019.mp3
Deleting original file /Users/marcelbuian/projects/mb/marcel-vibe/Deepium 2026/MarcelVibe/13/Hot Since 82  - Vapours feat. Alex Mills (8-track) - 2019.webm (pass -k to keep)
[Metadata] Adding metadata to "/Users/marcelbuian/projects/mb/marcel-vibe/Deepium 2026/MarcelVibe/13/Hot Since 82  - Vapours feat. Alex Mills (8-track) - 2019.mp3"
[EmbedThumbnail] ffmpeg: Adding thumbnail to "/Users/marcelbuian/projects/mb/marcel-vibe/Deepium 2026/MarcelVibe/13/Hot Since 82  - Vapours feat. Alex Mills (8-track) - 2019.mp3"
[youtube] Extracting URL: https://www.youtube.com/watch?v=15shcmahKZg
[youtube] Sleeping 1.0 seconds ...
[youtube] 15shcmahKZg: Downloading webpage
[youtube] Sleeping 1.0 seconds ...
[youtube] 15shcmahKZg: Downloading visionos player API JSON
[youtube] Sleeping 1.0 seconds ...
[youtube] 15shcmahKZg: Downloading m3u8 information
[info] 15shcmahKZg: Downloading 1 format(s): 251
[info] Downloading video thumbnail 44 ...
[info] Writing video thumbnail 44 to: /Users/marcelbuian/projects/mb/marcel-vibe/Deepium 2026/MarcelVibe/13/Marsh X Volen Sentir - ID feat. XIRA - 2024.webp
[ThumbnailsConvertor] Converting thumbnail "/Users/marcelbuian/projects/mb/marcel-vibe/Deepium 2026/MarcelVibe/13/Marsh X Volen Sentir - ID feat. XIRA - 2024.webp" to jpg
Deleting original file /Users/marcelbuian/projects/mb/marcel-vibe/Deepium 2026/MarcelVibe/13/Marsh X Volen Sentir - ID feat. XIRA - 2024.webp (pass -k to keep)
[download] Sleeping 1.71 seconds ...
[download] Destination: /Users/marcelbuian/projects/mb/marcel-vibe/Deepium 2026/MarcelVibe/13/Marsh X Volen Sentir - ID feat. XIRA - 2024.webm

[download]   0.0% of    5.63MiB at  101.17KiB/s ETA 00:57
[download]   0.1% of    5.63MiB at  293.77KiB/s ETA 00:19
[download]   0.1% of    5.63MiB at  675.68KiB/s ETA 00:08
[download]   0.3% of    5.63MiB at    1.40MiB/s ETA 00:04
[download]   0.5% of    5.63MiB at    2.85MiB/s ETA 00:01
[download]   1.1% of    5.63MiB at    2.84MiB/s ETA 00:01
[download]   2.2% of    5.63MiB at    4.07MiB/s ETA 00:01
[download]   4.4% of    5.63MiB at    4.88MiB/s ETA 00:01
[download]   8.9% of    5.63MiB at    6.95MiB/s ETA 00:00
[download]  17.7% of    5.63MiB at    5.07MiB/s ETA 00:00
[download]  35.5% of    5.63MiB at    1.90MiB/s ETA 00:01
[download]  56.3% of    5.63MiB at    1.10MiB/s ETA 00:02
[download]  67.7% of    5.63MiB at    1.01MiB/s ETA 00:01
[download]  80.4% of    5.63MiB at    1.00MiB/s ETA 00:01
[download]  97.3% of    5.63MiB at  993.70KiB/s ETA 00:00
[download] 100.0% of    5.63MiB at  987.32KiB/s ETA 00:00
[download] 100% of    5.63MiB in 00:00:06 at 929.04KiB/s 
[ExtractAudio] Destination: /Users/marcelbuian/projects/mb/marcel-vibe/Deepium 2026/MarcelVibe/13/Marsh X Volen Sentir - ID feat. XIRA - 2024.mp3
Deleting original file /Users/marcelbuian/projects/mb/marcel-vibe/Deepium 2026/MarcelVibe/13/Marsh X Volen Sentir - ID feat. XIRA - 2024.webm (pass -k to keep)
[Metadata] Adding metadata to "/Users/marcelbuian/projects/mb/marcel-vibe/Deepium 2026/MarcelVibe/13/Marsh X Volen Sentir - ID feat. XIRA - 2024.mp3"
[EmbedThumbnail] ffmpeg: Adding thumbnail to "/Users/marcelbuian/projects/mb/marcel-vibe/Deepium 2026/MarcelVibe/13/Marsh X Volen Sentir - ID feat. XIRA - 2024.mp3"
[youtube] Extracting URL: https://www.youtube.com/watch?v=uh31xFA1FR8
[youtube] Sleeping 1.0 seconds ...
[youtube] uh31xFA1FR8: Downloading webpage
[youtube] Sleeping 1.0 seconds ...
[youtube] uh31xFA1FR8: Downloading visionos player API JSON
[youtube] Sleeping 1.0 seconds ...
[youtube] uh31xFA1FR8: Downloading m3u8 information
[info] uh31xFA1FR8: Downloading 1 format(s): 251
[info] Downloading video thumbnail 44 ...
[info] Writing video thumbnail 44 to: /Users/marcelbuian/projects/mb/marcel-vibe/Deepium 2026/MarcelVibe/13/Volen Sentir — Ororel (Original Mix) - 2022.webp
[ThumbnailsConvertor] Converting thumbnail "/Users/marcelbuian/projects/mb/marcel-vibe/Deepium 2026/MarcelVibe/13/Volen Sentir — Ororel (Original Mix) - 2022.webp" to jpg
Deleting original file /Users/marcelbuian/projects/mb/marcel-vibe/Deepium 2026/MarcelVibe/13/Volen Sentir — Ororel (Original Mix) - 2022.webp (pass -k to keep)
[download] Sleeping 2.71 seconds ...
[download] Destination: /Users/marcelbuian/projects/mb/marcel-vibe/Deepium 2026/MarcelVibe/13/Volen Sentir — Ororel (Original Mix) - 2022.webm

[download]   0.0% of    6.42MiB at  Unknown B/s ETA Unknown
[download]   0.0% of    6.42MiB at    2.12MiB/s ETA 00:03  
[download]   0.1% of    6.42MiB at    4.10MiB/s ETA 00:01
[download]   0.2% of    6.42MiB at    7.72MiB/s ETA 00:00
[download]   0.5% of    6.42MiB at   14.19MiB/s ETA 00:00
[download]   1.0% of    6.42MiB at   17.51MiB/s ETA 00:00
[download]   1.9% of    6.42MiB at    6.95MiB/s ETA 00:00
[download]   3.9% of    6.42MiB at    9.34MiB/s ETA 00:00
[download]   7.8% of    6.42MiB at   11.23MiB/s ETA 00:00
[download]  15.6% of    6.42MiB at   12.86MiB/s ETA 00:00
[download]  31.1% of    6.42MiB at   15.04MiB/s ETA 00:00
[download]  62.3% of    6.42MiB at   22.92MiB/s ETA 00:00
[download] 100.0% of    6.42MiB at   15.55MiB/s ETA 00:00
[download] 100% of    6.42MiB in 00:00:00 at 10.72MiB/s  
[ExtractAudio] Destination: /Users/marcelbuian/projects/mb/marcel-vibe/Deepium 2026/MarcelVibe/13/Volen Sentir — Ororel (Original Mix) - 2022.mp3
Deleting original file /Users/marcelbuian/projects/mb/marcel-vibe/Deepium 2026/MarcelVibe/13/Volen Sentir — Ororel (Original Mix) - 2022.webm (pass -k to keep)
[Metadata] Adding metadata to "/Users/marcelbuian/projects/mb/marcel-vibe/Deepium 2026/MarcelVibe/13/Volen Sentir — Ororel (Original Mix) - 2022.mp3"
[EmbedThumbnail] ffmpeg: Adding thumbnail to "/Users/marcelbuian/projects/mb/marcel-vibe/Deepium 2026/MarcelVibe/13/Volen Sentir — Ororel (Original Mix) - 2022.mp3"
[youtube] Extracting URL: https://www.youtube.com/watch?v=Byht_SzCBS0
[youtube] Sleeping 1.0 seconds ...
[youtube] Byht_SzCBS0: Downloading webpage
[youtube] Sleeping 1.0 seconds ...
[youtube] Byht_SzCBS0: Downloading visionos player API JSON
[youtube] Sleeping 1.0 seconds ...
[youtube] Byht_SzCBS0: Downloading m3u8 information
[info] Byht_SzCBS0: Downloading 1 format(s): 251
[info] Downloading video thumbnail 41 ...
[info] Writing video thumbnail 41 to: /Users/marcelbuian/projects/mb/marcel-vibe/Deepium 2026/MarcelVibe/13/Marsh - Fable (ABGT450WD) - 2021.webp
[ThumbnailsConvertor] Converting thumbnail "/Users/marcelbuian/projects/mb/marcel-vibe/Deepium 2026/MarcelVibe/13/Marsh - Fable (ABGT450WD) - 2021.webp" to jpg
Deleting original file /Users/marcelbuian/projects/mb/marcel-vibe/Deepium 2026/MarcelVibe/13/Marsh - Fable (ABGT450WD) - 2021.webp (pass -k to keep)
[download] Sleeping 2.66 seconds ...
[download] Destination: /Users/marcelbuian/projects/mb/marcel-vibe/Deepium 2026/MarcelVibe/13/Marsh - Fable (ABGT450WD) - 2021.webm

[download]   0.0% of    5.24MiB at  495.02KiB/s ETA 00:10
[download]   0.1% of    5.24MiB at    1.20MiB/s ETA 00:04
[download]   0.1% of    5.24MiB at    2.58MiB/s ETA 00:02
[download]   0.3% of    5.24MiB at    5.16MiB/s ETA 00:01
[download]   0.6% of    5.24MiB at    3.87MiB/s ETA 00:01
[download]   1.2% of    5.24MiB at    4.61MiB/s ETA 00:01
[download]   2.4% of    5.24MiB at    7.01MiB/s ETA 00:00
[download]   4.7% of    5.24MiB at   10.19MiB/s ETA 00:00
[download]   9.5% of    5.24MiB at   13.59MiB/s ETA 00:00
[download]  19.0% of    5.24MiB at   14.20MiB/s ETA 00:00
[download]  38.1% of    5.24MiB at   14.75MiB/s ETA 00:00
[download]  76.2% of    5.24MiB at   11.82MiB/s ETA 00:00
[download] 100.0% of    5.24MiB at    9.41MiB/s ETA 00:00
[download] 100% of    5.24MiB in 00:00:00 at 6.96MiB/s   
[ExtractAudio] Destination: /Users/marcelbuian/projects/mb/marcel-vibe/Deepium 2026/MarcelVibe/13/Marsh - Fable (ABGT450WD) - 2021.mp3
Deleting original file /Users/marcelbuian/projects/mb/marcel-vibe/Deepium 2026/MarcelVibe/13/Marsh - Fable (ABGT450WD) - 2021.webm (pass -k to keep)
[Metadata] Adding metadata to "/Users/marcelbuian/projects/mb/marcel-vibe/Deepium 2026/MarcelVibe/13/Marsh - Fable (ABGT450WD) - 2021.mp3"
[EmbedThumbnail] ffmpeg: Adding thumbnail to "/Users/marcelbuian/projects/mb/marcel-vibe/Deepium 2026/MarcelVibe/13/Marsh - Fable (ABGT450WD) - 2021.mp3"
[youtube] Extracting URL: https://www.youtube.com/watch?v=odwiOCbGzug
[youtube] Sleeping 1.0 seconds ...
[youtube] odwiOCbGzug: Downloading webpage
[youtube] Sleeping 1.0 seconds ...
[youtube] odwiOCbGzug: Downloading visionos player API JSON
[youtube] Sleeping 1.0 seconds ...
[youtube] odwiOCbGzug: Downloading m3u8 information
[info] odwiOCbGzug: Downloading 1 format(s): 251
[info] Downloading video thumbnail 44 ...
[info] Writing video thumbnail 44 to: /Users/marcelbuian/projects/mb/marcel-vibe/Deepium 2026/MarcelVibe/13/Ben Bohmer ft Malou - Lost In Mind (Volen Sentir Extended Vision - 2022.webp
[ThumbnailsConvertor] Converting thumbnail "/Users/marcelbuian/projects/mb/marcel-vibe/Deepium 2026/MarcelVibe/13/Ben Bohmer ft Malou - Lost In Mind (Volen Sentir Extended Vision - 2022.webp" to jpg
Deleting original file /Users/marcelbuian/projects/mb/marcel-vibe/Deepium 2026/MarcelVibe/13/Ben Bohmer ft Malou - Lost In Mind (Volen Sentir Extended Vision - 2022.webp (pass -k to keep)
[download] Sleeping 1.81 seconds ...
[download] Destination: /Users/marcelbuian/projects/mb/marcel-vibe/Deepium 2026/MarcelVibe/13/Ben Bohmer ft Malou - Lost In Mind (Volen Sentir Extended Vision - 2022.webm

[download]   0.0% of    7.08MiB at  453.88KiB/s ETA 00:16
[download]   0.0% of    7.08MiB at    1.14MiB/s ETA 00:06
[download]   0.1% of    7.08MiB at    2.49MiB/s ETA 00:02
[download]   0.2% of    7.08MiB at    5.02MiB/s ETA 00:01
[download]   0.4% of    7.08MiB at    9.61MiB/s ETA 00:00
[download]   0.9% of    7.08MiB at   18.03MiB/s ETA 00:00
[download]   1.8% of    7.08MiB at   13.26MiB/s ETA 00:00
[download]   3.5% of    7.08MiB at   14.00MiB/s ETA 00:00
[download]   7.0% of    7.08MiB at   14.11MiB/s ETA 00:00
[download]  14.1% of    7.08MiB at   12.72MiB/s ETA 00:00
[download]  28.2% of    7.08MiB at   14.42MiB/s ETA 00:00
[download]  56.5% of    7.08MiB at    6.94MiB/s ETA 00:00
[download] 100.0% of    7.08MiB at    6.53MiB/s ETA 00:00
[download] 100% of    7.08MiB in 00:00:01 at 3.96MiB/s   
[ExtractAudio] Destination: /Users/marcelbuian/projects/mb/marcel-vibe/Deepium 2026/MarcelVibe/13/Ben Bohmer ft Malou - Lost In Mind (Volen Sentir Extended Vision - 2022.mp3
Deleting original file /Users/marcelbuian/projects/mb/marcel-vibe/Deepium 2026/MarcelVibe/13/Ben Bohmer ft Malou - Lost In Mind (Volen Sentir Extended Vision - 2022.webm (pass -k to keep)
[Metadata] Adding metadata to "/Users/marcelbuian/projects/mb/marcel-vibe/Deepium 2026/MarcelVibe/13/Ben Bohmer ft Malou - Lost In Mind (Volen Sentir Extended Vision - 2022.mp3"
[EmbedThumbnail] ffmpeg: Adding thumbnail to "/Users/marcelbuian/projects/mb/marcel-vibe/Deepium 2026/MarcelVibe/13/Ben Bohmer ft Malou - Lost In Mind (Volen Sentir Extended Vision - 2022.mp3"
[youtube] Extracting URL: https://www.youtube.com/watch?v=mJIfAeU4Toc
[youtube] Sleeping 1.0 seconds ...
[youtube] mJIfAeU4Toc: Downloading webpage
[youtube] Sleeping 1.0 seconds ...
[youtube] mJIfAeU4Toc: Downloading visionos player API JSON
[youtube] Sleeping 1.0 seconds ...
[youtube] mJIfAeU4Toc: Downloading m3u8 information
[info] mJIfAeU4Toc: Downloading 1 format(s): 251
[info] Downloading video thumbnail 44 ...
[info] Writing video thumbnail 44 to: /Users/marcelbuian/projects/mb/marcel-vibe/Deepium 2026/MarcelVibe/13/Jan Blomqvist feat. Elena Pitoulis - More (Extended Mix) - 2016.webp
[ThumbnailsConvertor] Converting thumbnail "/Users/marcelbuian/projects/mb/marcel-vibe/Deepium 2026/MarcelVibe/13/Jan Blomqvist feat. Elena Pitoulis - More (Extended Mix) - 2016.webp" to jpg
Deleting original file /Users/marcelbuian/projects/mb/marcel-vibe/Deepium 2026/MarcelVibe/13/Jan Blomqvist feat. Elena Pitoulis - More (Extended Mix) - 2016.webp (pass -k to keep)
[download] Sleeping 1.47 seconds ...
[download] Destination: /Users/marcelbuian/projects/mb/marcel-vibe/Deepium 2026/MarcelVibe/13/Jan Blomqvist feat. Elena Pitoulis - More (Extended Mix) - 2016.webm

[download]   0.0% of    8.22MiB at   69.87KiB/s ETA 02:00
[download]   0.0% of    8.22MiB at  205.26KiB/s ETA 00:40
[download]   0.1% of    8.22MiB at  474.39KiB/s ETA 00:17
[download]   0.2% of    8.22MiB at 1009.30KiB/s ETA 00:08
[download]   0.4% of    8.22MiB at    1.36MiB/s ETA 00:06
[download]   0.7% of    8.22MiB at    2.11MiB/s ETA 00:03
[download]   1.5% of    8.22MiB at    3.15MiB/s ETA 00:02
[download]   3.0% of    8.22MiB at    4.25MiB/s ETA 00:01
[download]   6.1% of    8.22MiB at    5.93MiB/s ETA 00:01
[download]  12.2% of    8.22MiB at    7.73MiB/s ETA 00:00
[download]  24.3% of    8.22MiB at    7.55MiB/s ETA 00:00
[download]  48.7% of    8.22MiB at   11.01MiB/s ETA 00:00
[download]  97.3% of    8.22MiB at   12.14MiB/s ETA 00:00
[download] 100.0% of    8.22MiB at   12.25MiB/s ETA 00:00
[download] 100% of    8.22MiB in 00:00:00 at 10.51MiB/s  
[ExtractAudio] Destination: /Users/marcelbuian/projects/mb/marcel-vibe/Deepium 2026/MarcelVibe/13/Jan Blomqvist feat. Elena Pitoulis - More (Extended Mix) - 2016.mp3
Deleting original file /Users/marcelbuian/projects/mb/marcel-vibe/Deepium 2026/MarcelVibe/13/Jan Blomqvist feat. Elena Pitoulis - More (Extended Mix) - 2016.webm (pass -k to keep)
[Metadata] Adding metadata to "/Users/marcelbuian/projects/mb/marcel-vibe/Deepium 2026/MarcelVibe/13/Jan Blomqvist feat. Elena Pitoulis - More (Extended Mix) - 2016.mp3"
[EmbedThumbnail] ffmpeg: Adding thumbnail to "/Users/marcelbuian/projects/mb/marcel-vibe/Deepium 2026/MarcelVibe/13/Jan Blomqvist feat. Elena Pitoulis - More (Extended Mix) - 2016.mp3"
[youtube] Extracting URL: https://www.youtube.com/watch?v=UZ9HxcwVndU
[youtube] Sleeping 1.0 seconds ...
[youtube] UZ9HxcwVndU: Downloading webpage
[youtube] Sleeping 1.0 seconds ...
[youtube] UZ9HxcwVndU: Downloading visionos player API JSON
[youtube] Sleeping 1.0 seconds ...
[youtube] UZ9HxcwVndU: Downloading m3u8 information
[info] UZ9HxcwVndU: Downloading 1 format(s): 251
[info] Downloading video thumbnail 41 ...
[info] Writing video thumbnail 41 to: /Users/marcelbuian/projects/mb/marcel-vibe/Deepium 2026/MarcelVibe/13/Above & Beyond - Sun In Your Eyes (Spencer Brown Edit) - 2021.webp
[ThumbnailsConvertor] Converting thumbnail "/Users/marcelbuian/projects/mb/marcel-vibe/Deepium 2026/MarcelVibe/13/Above & Beyond - Sun In Your Eyes (Spencer Brown Edit) - 2021.webp" to jpg
Deleting original file /Users/marcelbuian/projects/mb/marcel-vibe/Deepium 2026/MarcelVibe/13/Above & Beyond - Sun In Your Eyes (Spencer Brown Edit) - 2021.webp (pass -k to keep)
[download] Sleeping 2.84 seconds ...
[download] Destination: /Users/marcelbuian/projects/mb/marcel-vibe/Deepium 2026/MarcelVibe/13/Above & Beyond - Sun In Your Eyes (Spencer Brown Edit) - 2021.webm

[download]   0.0% of    5.73MiB at  113.66KiB/s ETA 00:51
[download]   0.1% of    5.73MiB at  329.56KiB/s ETA 00:17
[download]   0.1% of    5.73MiB at  759.82KiB/s ETA 00:07
[download]   0.3% of    5.73MiB at    1.57MiB/s ETA 00:03
[download]   0.5% of    5.73MiB at  630.60KiB/s ETA 00:09
[download]   1.1% of    5.73MiB at  702.26KiB/s ETA 00:08
[download]   2.2% of    5.73MiB at  938.89KiB/s ETA 00:06
[download]   4.3% of    5.73MiB at    1.36MiB/s ETA 00:04
[download]   8.7% of    5.73MiB at    2.15MiB/s ETA 00:02
[download]  17.4% of    5.73MiB at    3.54MiB/s ETA 00:01
[download]  34.9% of    5.73MiB at    6.05MiB/s ETA 00:00
[download]  69.8% of    5.73MiB at    8.55MiB/s ETA 00:00
[download] 100.0% of    5.73MiB at   11.23MiB/s ETA 00:00
[download] 100% of    5.73MiB in 00:00:00 at 7.50MiB/s   
[ExtractAudio] Destination: /Users/marcelbuian/projects/mb/marcel-vibe/Deepium 2026/MarcelVibe/13/Above & Beyond - Sun In Your Eyes (Spencer Brown Edit) - 2021.mp3
Deleting original file /Users/marcelbuian/projects/mb/marcel-vibe/Deepium 2026/MarcelVibe/13/Above & Beyond - Sun In Your Eyes (Spencer Brown Edit) - 2021.webm (pass -k to keep)
[Metadata] Adding metadata to "/Users/marcelbuian/projects/mb/marcel-vibe/Deepium 2026/MarcelVibe/13/Above & Beyond - Sun In Your Eyes (Spencer Brown Edit) - 2021.mp3"
[EmbedThumbnail] ffmpeg: Adding thumbnail to "/Users/marcelbuian/projects/mb/marcel-vibe/Deepium 2026/MarcelVibe/13/Above & Beyond - Sun In Your Eyes (Spencer Brown Edit) - 2021.mp3"
[youtube] Extracting URL: https://www.youtube.com/watch?v=Ys3crS3EdA4
[youtube] Sleeping 1.0 seconds ...
[youtube] Ys3crS3EdA4: Downloading webpage
[youtube] Sleeping 1.0 seconds ...
[youtube] Ys3crS3EdA4: Downloading visionos player API JSON
[youtube] Sleeping 1.0 seconds ...
[youtube] Ys3crS3EdA4: Downloading m3u8 information
[info] Ys3crS3EdA4: Downloading 1 format(s): 251
[info] Downloading video thumbnail 44 ...
[info] Writing video thumbnail 44 to: /Users/marcelbuian/projects/mb/marcel-vibe/Deepium 2026/MarcelVibe/13/Farius & Ben Malone - Extensia (Extended Mix) [ANJUNABEATS] - 2023.webp
[ThumbnailsConvertor] Converting thumbnail "/Users/marcelbuian/projects/mb/marcel-vibe/Deepium 2026/MarcelVibe/13/Farius & Ben Malone - Extensia (Extended Mix) [ANJUNABEATS] - 2023.webp" to jpg
Deleting original file /Users/marcelbuian/projects/mb/marcel-vibe/Deepium 2026/MarcelVibe/13/Farius & Ben Malone - Extensia (Extended Mix) [ANJUNABEATS] - 2023.webp (pass -k to keep)
[download] Sleeping 2.62 seconds ...
[download] Destination: /Users/marcelbuian/projects/mb/marcel-vibe/Deepium 2026/MarcelVibe/13/Farius & Ben Malone - Extensia (Extended Mix) [ANJUNABEATS] - 2023.webm

[download]   0.0% of    5.45MiB at  Unknown B/s ETA Unknown
[download]   0.1% of    5.45MiB at    2.43MiB/s ETA 00:02  
[download]   0.1% of    5.45MiB at    5.08MiB/s ETA 00:01
[download]   0.3% of    5.45MiB at    9.91MiB/s ETA 00:00
[download]   0.6% of    5.45MiB at    6.10MiB/s ETA 00:00
[download]   1.1% of    5.45MiB at    6.71MiB/s ETA 00:00
[download]   2.3% of    5.45MiB at    7.82MiB/s ETA 00:00
[download]   4.6% of    5.45MiB at   12.24MiB/s ETA 00:00
[download]   9.1% of    5.45MiB at   15.59MiB/s ETA 00:00
[download]  18.3% of    5.45MiB at    9.16MiB/s ETA 00:00
[download]  36.7% of    5.45MiB at   10.97MiB/s ETA 00:00
[download]  73.3% of    5.45MiB at    4.48MiB/s ETA 00:00
[download] 100.0% of    5.45MiB at    5.51MiB/s ETA 00:00
[download] 100% of    5.45MiB in 00:00:01 at 3.07MiB/s   
[ExtractAudio] Destination: /Users/marcelbuian/projects/mb/marcel-vibe/Deepium 2026/MarcelVibe/13/Farius & Ben Malone - Extensia (Extended Mix) [ANJUNABEATS] - 2023.mp3
Deleting original file /Users/marcelbuian/projects/mb/marcel-vibe/Deepium 2026/MarcelVibe/13/Farius & Ben Malone - Extensia (Extended Mix) [ANJUNABEATS] - 2023.webm (pass -k to keep)
[Metadata] Adding metadata to "/Users/marcelbuian/projects/mb/marcel-vibe/Deepium 2026/MarcelVibe/13/Farius & Ben Malone - Extensia (Extended Mix) [ANJUNABEATS] - 2023.mp3"
[EmbedThumbnail] ffmpeg: Adding thumbnail to "/Users/marcelbuian/projects/mb/marcel-vibe/Deepium 2026/MarcelVibe/13/Farius & Ben Malone - Extensia (Extended Mix) [ANJUNABEATS] - 2023.mp3"
[youtube] Extracting URL: https://www.youtube.com/watch?v=U3GB-iUEB3c
[youtube] Sleeping 1.0 seconds ...
[youtube] U3GB-iUEB3c: Downloading webpage
[youtube] Sleeping 1.0 seconds ...
[youtube] U3GB-iUEB3c: Downloading visionos player API JSON
[youtube] Sleeping 1.0 seconds ...
[youtube] U3GB-iUEB3c: Downloading m3u8 information
[info] U3GB-iUEB3c: Downloading 1 format(s): 251
[info] Downloading video thumbnail 44 ...
[info] Writing video thumbnail 44 to: /Users/marcelbuian/projects/mb/marcel-vibe/Deepium 2026/MarcelVibe/13/Marsh - Veil (Extended Mix) - 2025.webp
[ThumbnailsConvertor] Converting thumbnail "/Users/marcelbuian/projects/mb/marcel-vibe/Deepium 2026/MarcelVibe/13/Marsh - Veil (Extended Mix) - 2025.webp" to jpg
Deleting original file /Users/marcelbuian/projects/mb/marcel-vibe/Deepium 2026/MarcelVibe/13/Marsh - Veil (Extended Mix) - 2025.webp (pass -k to keep)
[download] Sleeping 2.92 seconds ...
[download] Destination: /Users/marcelbuian/projects/mb/marcel-vibe/Deepium 2026/MarcelVibe/13/Marsh - Veil (Extended Mix) - 2025.webm

[download]   0.0% of   11.20MiB at  Unknown B/s ETA Unknown
[download]   0.0% of   11.20MiB at    2.41MiB/s ETA 00:04  
[download]   0.1% of   11.20MiB at    5.09MiB/s ETA 00:02
[download]   0.1% of   11.20MiB at   10.10MiB/s ETA 00:01
[download]   0.3% of   11.20MiB at   18.89MiB/s ETA 00:00
[download]   0.5% of   11.20MiB at   33.95MiB/s ETA 00:00
[download]   1.1% of   11.20MiB at   24.29MiB/s ETA 00:00
[download]   2.2% of   11.20MiB at   15.78MiB/s ETA 00:00
[download]   4.5% of   11.20MiB at   15.25MiB/s ETA 00:00
[download]   8.9% of   11.20MiB at    9.77MiB/s ETA 00:01
[download]  17.8% of   11.20MiB at    8.33MiB/s ETA 00:01
[download]  35.7% of   11.20MiB at    9.44MiB/s ETA 00:00
[download]  71.4% of   11.20MiB at    8.87MiB/s ETA 00:00
[download]  88.8% of   11.20MiB at   10.42MiB/s ETA 00:00
[download]  88.8% of   11.20MiB at  Unknown B/s ETA Unknown
[download]  88.8% of   11.20MiB at    2.66MiB/s ETA 00:00  
[download]  88.8% of   11.20MiB at    5.18MiB/s ETA 00:00
[download]  88.9% of   11.20MiB at   10.19MiB/s ETA 00:00
[download]  89.1% of   11.20MiB at   19.22MiB/s ETA 00:00
[download]  89.3% of   11.20MiB at   30.87MiB/s ETA 00:00
[download]  89.9% of   11.20MiB at   18.07MiB/s ETA 00:00
[download]  91.0% of   11.20MiB at   18.73MiB/s ETA 00:00
[download]  93.2% of   11.20MiB at   15.11MiB/s ETA 00:00
[download]  97.7% of   11.20MiB at    9.68MiB/s ETA 00:00
[download] 100.0% of   11.20MiB at    9.52MiB/s ETA 00:00
[download] 100% of   11.20MiB in 00:00:01 at 7.04MiB/s   
[ExtractAudio] Destination: /Users/marcelbuian/projects/mb/marcel-vibe/Deepium 2026/MarcelVibe/13/Marsh - Veil (Extended Mix) - 2025.mp3
Deleting original file /Users/marcelbuian/projects/mb/marcel-vibe/Deepium 2026/MarcelVibe/13/Marsh - Veil (Extended Mix) - 2025.webm (pass -k to keep)
[Metadata] Adding metadata to "/Users/marcelbuian/projects/mb/marcel-vibe/Deepium 2026/MarcelVibe/13/Marsh - Veil (Extended Mix) - 2025.mp3"
[EmbedThumbnail] ffmpeg: Adding thumbnail to "/Users/marcelbuian/projects/mb/marcel-vibe/Deepium 2026/MarcelVibe/13/Marsh - Veil (Extended Mix) - 2025.mp3"
[youtube] Extracting URL: https://www.youtube.com/watch?v=2OaYnCiZhjA
[youtube] Sleeping 1.0 seconds ...
[youtube] 2OaYnCiZhjA: Downloading webpage
[youtube] Sleeping 1.0 seconds ...
[youtube] 2OaYnCiZhjA: Downloading visionos player API JSON
[youtube] Sleeping 1.0 seconds ...
[youtube] 2OaYnCiZhjA: Downloading m3u8 information
[info] 2OaYnCiZhjA: Downloading 1 format(s): 251
[info] Downloading video thumbnail 44 ...
[info] Writing video thumbnail 44 to: /Users/marcelbuian/projects/mb/marcel-vibe/Deepium 2026/MarcelVibe/13/Andre Rizo - Kiss Me (feat. Lola Jane) - 2018.webp
[ThumbnailsConvertor] Converting thumbnail "/Users/marcelbuian/projects/mb/marcel-vibe/Deepium 2026/MarcelVibe/13/Andre Rizo - Kiss Me (feat. Lola Jane) - 2018.webp" to jpg
Deleting original file /Users/marcelbuian/projects/mb/marcel-vibe/Deepium 2026/MarcelVibe/13/Andre Rizo - Kiss Me (feat. Lola Jane) - 2018.webp (pass -k to keep)
[download] Sleeping 2.03 seconds ...
[download] Destination: /Users/marcelbuian/projects/mb/marcel-vibe/Deepium 2026/MarcelVibe/13/Andre Rizo - Kiss Me (feat. Lola Jane) - 2018.webm

[download]   0.0% of    4.20MiB at  467.54KiB/s ETA 00:09
[download]   0.1% of    4.20MiB at    1.21MiB/s ETA 00:03
[download]   0.2% of    4.20MiB at    2.69MiB/s ETA 00:01
[download]   0.3% of    4.20MiB at    5.52MiB/s ETA 00:00
[download]   0.7% of    4.20MiB at    1.44MiB/s ETA 00:02
[download]   1.5% of    4.20MiB at    2.24MiB/s ETA 00:01
[download]   3.0% of    4.20MiB at    3.85MiB/s ETA 00:01
[download]   5.9% of    4.20MiB at    4.80MiB/s ETA 00:00
[download]  11.9% of    4.20MiB at    5.41MiB/s ETA 00:00
[download]  23.8% of    4.20MiB at    3.79MiB/s ETA 00:00
[download]  47.6% of    4.20MiB at    1.14MiB/s ETA 00:01
[download]  63.5% of    4.20MiB at  907.54KiB/s ETA 00:01
[download]  76.2% of    4.20MiB at  801.20KiB/s ETA 00:01
[download]  87.9% of    4.20MiB at  748.24KiB/s ETA 00:00
[download] 100.0% of    4.20MiB at  674.78KiB/s ETA 00:00
[download] 100% of    4.20MiB in 00:00:06 at 638.36KiB/s 
[ExtractAudio] Destination: /Users/marcelbuian/projects/mb/marcel-vibe/Deepium 2026/MarcelVibe/13/Andre Rizo - Kiss Me (feat. Lola Jane) - 2018.mp3
Deleting original file /Users/marcelbuian/projects/mb/marcel-vibe/Deepium 2026/MarcelVibe/13/Andre Rizo - Kiss Me (feat. Lola Jane) - 2018.webm (pass -k to keep)
[Metadata] Adding metadata to "/Users/marcelbuian/projects/mb/marcel-vibe/Deepium 2026/MarcelVibe/13/Andre Rizo - Kiss Me (feat. Lola Jane) - 2018.mp3"
[EmbedThumbnail] ffmpeg: Adding thumbnail to "/Users/marcelbuian/projects/mb/marcel-vibe/Deepium 2026/MarcelVibe/13/Andre Rizo - Kiss Me (feat. Lola Jane) - 2018.mp3"
[youtube] Extracting URL: https://www.youtube.com/watch?v=EWPlIon1ghM
[youtube] Sleeping 1.0 seconds ...
[youtube] EWPlIon1ghM: Downloading webpage
[youtube] Sleeping 1.0 seconds ...
[youtube] EWPlIon1ghM: Downloading visionos player API JSON
[youtube] Sleeping 1.0 seconds ...
[youtube] EWPlIon1ghM: Downloading m3u8 information
[info] EWPlIon1ghM: Downloading 1 format(s): 251
[info] Downloading video thumbnail 44 ...
[info] Writing video thumbnail 44 to: /Users/marcelbuian/projects/mb/marcel-vibe/Deepium 2026/MarcelVibe/13/Monkey Safari - Safe (Joris Voorn Remix) - 2022.webp
[ThumbnailsConvertor] Converting thumbnail "/Users/marcelbuian/projects/mb/marcel-vibe/Deepium 2026/MarcelVibe/13/Monkey Safari - Safe (Joris Voorn Remix) - 2022.webp" to jpg
Deleting original file /Users/marcelbuian/projects/mb/marcel-vibe/Deepium 2026/MarcelVibe/13/Monkey Safari - Safe (Joris Voorn Remix) - 2022.webp (pass -k to keep)
[download] Sleeping 1.86 seconds ...
[download] Destination: /Users/marcelbuian/projects/mb/marcel-vibe/Deepium 2026/MarcelVibe/13/Monkey Safari - Safe (Joris Voorn Remix) - 2022.webm

[download]   0.0% of    6.45MiB at   25.60KiB/s ETA 04:18
[download]   0.0% of    6.45MiB at   76.26KiB/s ETA 01:26
[download]   0.1% of    6.45MiB at  176.01KiB/s ETA 00:37
[download]   0.2% of    6.45MiB at  375.31KiB/s ETA 00:17
[download]   0.5% of    6.45MiB at  424.46KiB/s ETA 00:15
[download]   1.0% of    6.45MiB at  482.66KiB/s ETA 00:13
[download]   1.9% of    6.45MiB at  440.93KiB/s ETA 00:14
[download]   3.9% of    6.45MiB at  509.30KiB/s ETA 00:12
[download]   7.7% of    6.45MiB at  642.48KiB/s ETA 00:09
[download]  15.5% of    6.45MiB at  636.32KiB/s ETA 00:08
[download]  25.0% of    6.45MiB at  650.04KiB/s ETA 00:07
[download]  35.2% of    6.45MiB at  744.47KiB/s ETA 00:05
[download]  52.7% of    6.45MiB at  698.66KiB/s ETA 00:04
[download]  62.1% of    6.45MiB at  665.65KiB/s ETA 00:03
[download]  70.1% of    6.45MiB at  685.89KiB/s ETA 00:02
[download]  83.7% of    6.45MiB at  716.93KiB/s ETA 00:01
[download]  97.9% of    6.45MiB at  725.22KiB/s ETA 00:00
[download] 100.0% of    6.45MiB at  701.81KiB/s ETA 00:00
[download] 100% of    6.45MiB in 00:00:09 at 696.58KiB/s 
[ExtractAudio] Destination: /Users/marcelbuian/projects/mb/marcel-vibe/Deepium 2026/MarcelVibe/13/Monkey Safari - Safe (Joris Voorn Remix) - 2022.mp3
Deleting original file /Users/marcelbuian/projects/mb/marcel-vibe/Deepium 2026/MarcelVibe/13/Monkey Safari - Safe (Joris Voorn Remix) - 2022.webm (pass -k to keep)
[Metadata] Adding metadata to "/Users/marcelbuian/projects/mb/marcel-vibe/Deepium 2026/MarcelVibe/13/Monkey Safari - Safe (Joris Voorn Remix) - 2022.mp3"
[EmbedThumbnail] ffmpeg: Adding thumbnail to "/Users/marcelbuian/projects/mb/marcel-vibe/Deepium 2026/MarcelVibe/13/Monkey Safari - Safe (Joris Voorn Remix) - 2022.mp3"
[youtube] Extracting URL: https://www.youtube.com/watch?v=Ucw8q-j8l_w
[youtube] Sleeping 1.0 seconds ...
[youtube] Ucw8q-j8l_w: Downloading webpage
[youtube] Sleeping 1.0 seconds ...
[youtube] Ucw8q-j8l_w: Downloading visionos player API JSON
[youtube] Sleeping 1.0 seconds ...
[youtube] Ucw8q-j8l_w: Downloading m3u8 information
[info] Ucw8q-j8l_w: Downloading 1 format(s): 251
[info] Downloading video thumbnail 41 ...
[info] Writing video thumbnail 41 to: /Users/marcelbuian/projects/mb/marcel-vibe/Deepium 2026/MarcelVibe/13/Above & Beyond feat. Gemma Hayes - Counting Down The Days (Yotto Remix) - 2015.webp
[ThumbnailsConvertor] Converting thumbnail "/Users/marcelbuian/projects/mb/marcel-vibe/Deepium 2026/MarcelVibe/13/Above & Beyond feat. Gemma Hayes - Counting Down The Days (Yotto Remix) - 2015.webp" to jpg
Deleting original file /Users/marcelbuian/projects/mb/marcel-vibe/Deepium 2026/MarcelVibe/13/Above & Beyond feat. Gemma Hayes - Counting Down The Days (Yotto Remix) - 2015.webp (pass -k to keep)
[download] Sleeping 1.17 seconds ...
[download] Destination: /Users/marcelbuian/projects/mb/marcel-vibe/Deepium 2026/MarcelVibe/13/Above & Beyond feat. Gemma Hayes - Counting Down The Days (Yotto Remix) - 2015.webm

[download]   0.0% of    6.63MiB at  794.98KiB/s ETA 00:08
[download]   0.0% of    6.63MiB at    1.61MiB/s ETA 00:04
[download]   0.1% of    6.63MiB at    3.55MiB/s ETA 00:01
[download]   0.2% of    6.63MiB at    7.25MiB/s ETA 00:00
[download]   0.5% of    6.63MiB at   14.03MiB/s ETA 00:00
[download]   0.9% of    6.63MiB at   26.69MiB/s ETA 00:00
[download]   1.9% of    6.63MiB at   16.09MiB/s ETA 00:00
[download]   3.8% of    6.63MiB at   19.52MiB/s ETA 00:00
[download]   7.5% of    6.63MiB at   15.04MiB/s ETA 00:00
[download]  15.1% of    6.63MiB at   14.87MiB/s ETA 00:00
[download]  30.2% of    6.63MiB at   15.10MiB/s ETA 00:00
[download]  60.3% of    6.63MiB at   22.74MiB/s ETA 00:00
[download] 100.0% of    6.63MiB at   18.82MiB/s ETA 00:00
[download] 100% of    6.63MiB in 00:00:00 at 13.88MiB/s  
[ExtractAudio] Destination: /Users/marcelbuian/projects/mb/marcel-vibe/Deepium 2026/MarcelVibe/13/Above & Beyond feat. Gemma Hayes - Counting Down The Days (Yotto Remix) - 2015.mp3
Deleting original file /Users/marcelbuian/projects/mb/marcel-vibe/Deepium 2026/MarcelVibe/13/Above & Beyond feat. Gemma Hayes - Counting Down The Days (Yotto Remix) - 2015.webm (pass -k to keep)
[Metadata] Adding metadata to "/Users/marcelbuian/projects/mb/marcel-vibe/Deepium 2026/MarcelVibe/13/Above & Beyond feat. Gemma Hayes - Counting Down The Days (Yotto Remix) - 2015.mp3"
[EmbedThumbnail] ffmpeg: Adding thumbnail to "/Users/marcelbuian/projects/mb/marcel-vibe/Deepium 2026/MarcelVibe/13/Above & Beyond feat. Gemma Hayes - Counting Down The Days (Yotto Remix) - 2015.mp3"
[youtube] Extracting URL: https://www.youtube.com/watch?v=8L_ZzjqyCUE
[youtube] Sleeping 1.0 seconds ...
[youtube] 8L_ZzjqyCUE: Downloading webpage
[youtube] Sleeping 1.0 seconds ...
[youtube] 8L_ZzjqyCUE: Downloading visionos player API JSON
[youtube] Sleeping 1.0 seconds ...
[youtube] 8L_ZzjqyCUE: Downloading m3u8 information
[info] 8L_ZzjqyCUE: Downloading 1 format(s): 251
[info] Downloading video thumbnail 41 ...
[info] Writing video thumbnail 41 to: /Users/marcelbuian/projects/mb/marcel-vibe/Deepium 2026/MarcelVibe/13/Bob Sinclar - World, Hold On (Children of the Sky) - 2006.webp
[ThumbnailsConvertor] Converting thumbnail "/Users/marcelbuian/projects/mb/marcel-vibe/Deepium 2026/MarcelVibe/13/Bob Sinclar - World, Hold On (Children of the Sky) - 2006.webp" to jpg
Deleting original file /Users/marcelbuian/projects/mb/marcel-vibe/Deepium 2026/MarcelVibe/13/Bob Sinclar - World, Hold On (Children of the Sky) - 2006.webp (pass -k to keep)
[download] Sleeping 2.67 seconds ...
[download] Destination: /Users/marcelbuian/projects/mb/marcel-vibe/Deepium 2026/MarcelVibe/13/Bob Sinclar - World, Hold On (Children of the Sky) - 2006.webm

[download]   0.0% of    3.15MiB at  502.01KiB/s ETA 00:06
[download]   0.1% of    3.15MiB at  828.26KiB/s ETA 00:03
[download]   0.2% of    3.15MiB at    1.72MiB/s ETA 00:01
[download]   0.5% of    3.15MiB at    3.49MiB/s ETA 00:00
[download]   1.0% of    3.15MiB at    6.86MiB/s ETA 00:00
[download]   2.0% of    3.15MiB at   12.68MiB/s ETA 00:00
[download]   3.9% of    3.15MiB at   16.25MiB/s ETA 00:00
[download]   7.9% of    3.15MiB at   15.52MiB/s ETA 00:00
[download]  15.8% of    3.15MiB at   15.04MiB/s ETA 00:00
[download]  31.7% of    3.15MiB at   14.95MiB/s ETA 00:00
[download]  63.4% of    3.15MiB at   14.92MiB/s ETA 00:00
[download] 100.0% of    3.15MiB at   13.40MiB/s ETA 00:00
[download] 100% of    3.15MiB in 00:00:00 at 9.40MiB/s   
[ExtractAudio] Destination: /Users/marcelbuian/projects/mb/marcel-vibe/Deepium 2026/MarcelVibe/13/Bob Sinclar - World, Hold On (Children of the Sky) - 2006.mp3
Deleting original file /Users/marcelbuian/projects/mb/marcel-vibe/Deepium 2026/MarcelVibe/13/Bob Sinclar - World, Hold On (Children of the Sky) - 2006.webm (pass -k to keep)
[Metadata] Adding metadata to "/Users/marcelbuian/projects/mb/marcel-vibe/Deepium 2026/MarcelVibe/13/Bob Sinclar - World, Hold On (Children of the Sky) - 2006.mp3"
[EmbedThumbnail] ffmpeg: Adding thumbnail to "/Users/marcelbuian/projects/mb/marcel-vibe/Deepium 2026/MarcelVibe/13/Bob Sinclar - World, Hold On (Children of the Sky) - 2006.mp3"
Reading URLs from STDIN - EOF (Ctrl+D) to end:

===== 08 (#08 - 2025-06-28 Popeye Village, Malta) 15:22:57
[youtube] Extracting URL: https://www.youtube.com/watch?v=-Zx0uIv0yyA
[youtube] -Zx0uIv0yyA: Downloading webpage
[youtube] Sleeping 1.0 seconds ...
[youtube] -Zx0uIv0yyA: Downloading visionos player API JSON
[youtube] Sleeping 1.0 seconds ...
[youtube] -Zx0uIv0yyA: Downloading m3u8 information
[youtube] Sleeping 1.0 seconds ...
[youtube] -Zx0uIv0yyA: Downloading player e937390a-main
[youtube] [jsc:node] Solving JS challenges using node
[info] -Zx0uIv0yyA: Downloading 1 format(s): 251
[info] Downloading video thumbnail 41 ...
[info] Video Thumbnail 41 does not exist
[info] Downloading video thumbnail 40 ...
[info] Video Thumbnail 40 does not exist
[info] Downloading video thumbnail 39 ...
[info] Video Thumbnail 39 does not exist
[info] Downloading video thumbnail 38 ...
[info] Video Thumbnail 38 does not exist
[info] Downloading video thumbnail 37 ...
[info] Writing video thumbnail 37 to: /Users/marcelbuian/projects/mb/marcel-vibe/Deepium 2026/MarcelVibe/08/Be Svendsen - Bones (Be Svendsen's Rodeo Rerub) - 2016.webp
[ThumbnailsConvertor] Converting thumbnail "/Users/marcelbuian/projects/mb/marcel-vibe/Deepium 2026/MarcelVibe/08/Be Svendsen - Bones (Be Svendsen's Rodeo Rerub) - 2016.webp" to jpg
Deleting original file /Users/marcelbuian/projects/mb/marcel-vibe/Deepium 2026/MarcelVibe/08/Be Svendsen - Bones (Be Svendsen's Rodeo Rerub) - 2016.webp (pass -k to keep)
[download] Sleeping 1.81 seconds ...
[download] Destination: /Users/marcelbuian/projects/mb/marcel-vibe/Deepium 2026/MarcelVibe/08/Be Svendsen - Bones (Be Svendsen's Rodeo Rerub) - 2016.webm

[download]   0.0% of   12.55MiB at  Unknown B/s ETA Unknown
[download]   0.0% of   12.55MiB at    2.02MiB/s ETA 00:06  
[download]   0.1% of   12.55MiB at    4.03MiB/s ETA 00:03
[download]   0.1% of   12.55MiB at    7.74MiB/s ETA 00:01
[download]   0.2% of   12.55MiB at    7.74MiB/s ETA 00:01
[download]   0.5% of   12.55MiB at    6.36MiB/s ETA 00:01
[download]   1.0% of   12.55MiB at    7.89MiB/s ETA 00:01
[download]   2.0% of   12.55MiB at   10.09MiB/s ETA 00:01
[download]   4.0% of   12.55MiB at   14.41MiB/s ETA 00:00
[download]   8.0% of   12.55MiB at   15.92MiB/s ETA 00:00
[download]  15.9% of   12.55MiB at    6.33MiB/s ETA 00:01
[download]  31.9% of   12.55MiB at    8.76MiB/s ETA 00:00
[download]  63.7% of   12.55MiB at   11.76MiB/s ETA 00:00
[download]  76.5% of   12.55MiB at   11.90MiB/s ETA 00:00
[download]  76.5% of   12.55MiB at  Unknown B/s ETA Unknown
[download]  76.5% of   12.55MiB at  Unknown B/s ETA Unknown
[download]  76.5% of   12.55MiB at  Unknown B/s ETA Unknown
[download]  76.6% of   12.55MiB at  Unknown B/s ETA Unknown
[download]  76.7% of   12.55MiB at   11.52MiB/s ETA 00:00  
[download]  77.0% of   12.55MiB at   19.34MiB/s ETA 00:00
[download]  77.5% of   12.55MiB at   35.07MiB/s ETA 00:00
[download]  78.5% of   12.55MiB at   36.12MiB/s ETA 00:00
[download]  80.5% of   12.55MiB at    5.15MiB/s ETA 00:00
[download]  84.4% of   12.55MiB at    7.79MiB/s ETA 00:00
[download]  92.4% of   12.55MiB at   10.23MiB/s ETA 00:00
[download] 100.0% of   12.55MiB at   12.47MiB/s ETA 00:00
[download] 100% of   12.55MiB in 00:00:01 at 10.73MiB/s  
[ExtractAudio] Destination: /Users/marcelbuian/projects/mb/marcel-vibe/Deepium 2026/MarcelVibe/08/Be Svendsen - Bones (Be Svendsen's Rodeo Rerub) - 2016.mp3
Deleting original file /Users/marcelbuian/projects/mb/marcel-vibe/Deepium 2026/MarcelVibe/08/Be Svendsen - Bones (Be Svendsen's Rodeo Rerub) - 2016.webm (pass -k to keep)
[Metadata] Adding metadata to "/Users/marcelbuian/projects/mb/marcel-vibe/Deepium 2026/MarcelVibe/08/Be Svendsen - Bones (Be Svendsen's Rodeo Rerub) - 2016.mp3"
[EmbedThumbnail] ffmpeg: Adding thumbnail to "/Users/marcelbuian/projects/mb/marcel-vibe/Deepium 2026/MarcelVibe/08/Be Svendsen - Bones (Be Svendsen's Rodeo Rerub) - 2016.mp3"
[youtube] Extracting URL: https://www.youtube.com/watch?v=kXXdVlqJJK0
[youtube] Sleeping 1.0 seconds ...
[youtube] kXXdVlqJJK0: Downloading webpage
[youtube] Sleeping 1.0 seconds ...
[youtube] kXXdVlqJJK0: Downloading visionos player API JSON
[youtube] Sleeping 1.0 seconds ...
[youtube] kXXdVlqJJK0: Downloading m3u8 information
[youtube] [jsc:node] Solving JS challenges using node
[info] kXXdVlqJJK0: Downloading 1 format(s): 251
[info] Downloading video thumbnail 44 ...
[info] Writing video thumbnail 44 to: /Users/marcelbuian/projects/mb/marcel-vibe/Deepium 2026/MarcelVibe/08/Dave Andres - Savannah (Original Mix) - 2024.webp
[ThumbnailsConvertor] Converting thumbnail "/Users/marcelbuian/projects/mb/marcel-vibe/Deepium 2026/MarcelVibe/08/Dave Andres - Savannah (Original Mix) - 2024.webp" to jpg
Deleting original file /Users/marcelbuian/projects/mb/marcel-vibe/Deepium 2026/MarcelVibe/08/Dave Andres - Savannah (Original Mix) - 2024.webp (pass -k to keep)
[download] Sleeping 2.13 seconds ...
[download] Destination: /Users/marcelbuian/projects/mb/marcel-vibe/Deepium 2026/MarcelVibe/08/Dave Andres - Savannah (Original Mix) - 2024.webm

[download]   0.0% of    6.16MiB at   51.61KiB/s ETA 02:02
[download]   0.0% of    6.16MiB at  149.93KiB/s ETA 00:42
[download]   0.1% of    6.16MiB at  344.27KiB/s ETA 00:18
[download]   0.2% of    6.16MiB at  726.61KiB/s ETA 00:08
[download]   0.5% of    6.16MiB at    1.44MiB/s ETA 00:04
[download]   1.0% of    6.16MiB at    2.19MiB/s ETA 00:02
[download]   2.0% of    6.16MiB at    3.81MiB/s ETA 00:01
[download]   4.0% of    6.16MiB at    4.53MiB/s ETA 00:01
[download]   8.1% of    6.16MiB at    4.45MiB/s ETA 00:01
[download]  16.2% of    6.16MiB at    3.27MiB/s ETA 00:01
[download]  32.5% of    6.16MiB at  842.88KiB/s ETA 00:05
[download]  40.6% of    6.16MiB at  669.51KiB/s ETA 00:05
[download]  46.4% of    6.16MiB at  671.66KiB/s ETA 00:05
[download]  57.3% of    6.16MiB at  673.06KiB/s ETA 00:03
[download]  68.1% of    6.16MiB at  331.63KiB/s ETA 00:06
[download]  73.5% of    6.16MiB at  338.13KiB/s ETA 00:04
[download]  80.6% of    6.16MiB at  332.58KiB/s ETA 00:03
[download]  85.1% of    6.16MiB at  324.27KiB/s ETA 00:02
[download]  88.7% of    6.16MiB at  323.17KiB/s ETA 00:02
[download]  93.4% of    6.16MiB at  321.17KiB/s ETA 00:01
[download]  98.0% of    6.16MiB at  324.08KiB/s ETA 00:00
[download] 100.0% of    6.16MiB at  326.75KiB/s ETA 00:00
[download] 100% of    6.16MiB in 00:00:19 at 325.05KiB/s 
[ExtractAudio] Destination: /Users/marcelbuian/projects/mb/marcel-vibe/Deepium 2026/MarcelVibe/08/Dave Andres - Savannah (Original Mix) - 2024.mp3
Deleting original file /Users/marcelbuian/projects/mb/marcel-vibe/Deepium 2026/MarcelVibe/08/Dave Andres - Savannah (Original Mix) - 2024.webm (pass -k to keep)
[Metadata] Adding metadata to "/Users/marcelbuian/projects/mb/marcel-vibe/Deepium 2026/MarcelVibe/08/Dave Andres - Savannah (Original Mix) - 2024.mp3"
[EmbedThumbnail] ffmpeg: Adding thumbnail to "/Users/marcelbuian/projects/mb/marcel-vibe/Deepium 2026/MarcelVibe/08/Dave Andres - Savannah (Original Mix) - 2024.mp3"
Reading URLs from STDIN - EOF (Ctrl+D) to end:

===== 14 (#14 - 2025-07-19 Manoel Island, Malta) 15:23:36
[youtube] Extracting URL: https://www.youtube.com/watch?v=hYMjR6Y18Wk
[youtube] hYMjR6Y18Wk: Downloading webpage
[youtube] Sleeping 1.0 seconds ...
[youtube] hYMjR6Y18Wk: Downloading visionos player API JSON
[youtube] Sleeping 1.0 seconds ...
[youtube] hYMjR6Y18Wk: Downloading m3u8 information
[info] hYMjR6Y18Wk: Downloading 1 format(s): 251
[info] Downloading video thumbnail 41 ...
[info] Writing video thumbnail 41 to: /Users/marcelbuian/projects/mb/marcel-vibe/Deepium 2026/MarcelVibe/14/Unknown Artist - The High - 2019.webp
[ThumbnailsConvertor] Converting thumbnail "/Users/marcelbuian/projects/mb/marcel-vibe/Deepium 2026/MarcelVibe/14/Unknown Artist - The High - 2019.webp" to jpg
Deleting original file /Users/marcelbuian/projects/mb/marcel-vibe/Deepium 2026/MarcelVibe/14/Unknown Artist - The High - 2019.webp (pass -k to keep)
[download] Sleeping 1.92 seconds ...
[download] Destination: /Users/marcelbuian/projects/mb/marcel-vibe/Deepium 2026/MarcelVibe/14/Unknown Artist - The High - 2019.webm

[download]   0.0% of    9.21MiB at  494.32KiB/s ETA 00:19
[download]   0.0% of    9.21MiB at    1.30MiB/s ETA 00:07
[download]   0.1% of    9.21MiB at    2.92MiB/s ETA 00:03
[download]   0.2% of    9.21MiB at    6.05MiB/s ETA 00:01
[download]   0.3% of    9.21MiB at    4.50MiB/s ETA 00:02
[download]   0.7% of    9.21MiB at    4.54MiB/s ETA 00:02
[download]   1.3% of    9.21MiB at    6.51MiB/s ETA 00:01
[download]   2.7% of    9.21MiB at    8.83MiB/s ETA 00:01
[download]   5.4% of    9.21MiB at   13.25MiB/s ETA 00:00
[download]  10.9% of    9.21MiB at   14.91MiB/s ETA 00:00
[download]  21.7% of    9.21MiB at   14.85MiB/s ETA 00:00
[download]  43.4% of    9.21MiB at   20.80MiB/s ETA 00:00
[download]  86.9% of    9.21MiB at   18.27MiB/s ETA 00:00
[download] 100.0% of    9.21MiB at   17.27MiB/s ETA 00:00
[download] 100% of    9.21MiB in 00:00:00 at 12.59MiB/s  
[ExtractAudio] Destination: /Users/marcelbuian/projects/mb/marcel-vibe/Deepium 2026/MarcelVibe/14/Unknown Artist - The High - 2019.mp3
Deleting original file /Users/marcelbuian/projects/mb/marcel-vibe/Deepium 2026/MarcelVibe/14/Unknown Artist - The High - 2019.webm (pass -k to keep)
[Metadata] Adding metadata to "/Users/marcelbuian/projects/mb/marcel-vibe/Deepium 2026/MarcelVibe/14/Unknown Artist - The High - 2019.mp3"
[EmbedThumbnail] ffmpeg: Adding thumbnail to "/Users/marcelbuian/projects/mb/marcel-vibe/Deepium 2026/MarcelVibe/14/Unknown Artist - The High - 2019.mp3"
Reading URLs from STDIN - EOF (Ctrl+D) to end:

===== 15 (#15 - 2025-09-14 Tufieha, Malta) 15:26:16
[youtube] Extracting URL: https://www.youtube.com/watch?v=gg-ASRtpuhs
[youtube] gg-ASRtpuhs: Downloading webpage
[youtube] Sleeping 1.0 seconds ...
[youtube] gg-ASRtpuhs: Downloading visionos player API JSON
[youtube] Sleeping 1.0 seconds ...
[youtube] gg-ASRtpuhs: Downloading m3u8 information
[info] gg-ASRtpuhs: Downloading 1 format(s): 251
[info] Downloading video thumbnail 44 ...
[info] Writing video thumbnail 44 to: /Users/marcelbuian/projects/mb/marcel-vibe/Deepium 2026/MarcelVibe/15/Rønhöff ,Qualista - Magical Place - 2025.webp
[ThumbnailsConvertor] Converting thumbnail "/Users/marcelbuian/projects/mb/marcel-vibe/Deepium 2026/MarcelVibe/15/Rønhöff ,Qualista - Magical Place - 2025.webp" to jpg
Deleting original file /Users/marcelbuian/projects/mb/marcel-vibe/Deepium 2026/MarcelVibe/15/Rønhöff ,Qualista - Magical Place - 2025.webp (pass -k to keep)
[download] Sleeping 2.06 seconds ...
[download] Destination: /Users/marcelbuian/projects/mb/marcel-vibe/Deepium 2026/MarcelVibe/15/Rønhöff ,Qualista - Magical Place - 2025.webm

[download]   0.0% of    4.02MiB at  593.42KiB/s ETA 00:07
[download]   0.1% of    4.02MiB at    1.33MiB/s ETA 00:03
[download]   0.2% of    4.02MiB at    2.66MiB/s ETA 00:01
[download]   0.4% of    4.02MiB at    5.13MiB/s ETA 00:00
[download]   0.8% of    4.02MiB at    4.44MiB/s ETA 00:00
[download]   1.5% of    4.02MiB at    5.04MiB/s ETA 00:00
[download]   3.1% of    4.02MiB at    7.44MiB/s ETA 00:00
[download]   6.2% of    4.02MiB at   10.29MiB/s ETA 00:00
[download]  12.4% of    4.02MiB at   15.13MiB/s ETA 00:00
[download]  24.8% of    4.02MiB at   15.05MiB/s ETA 00:00
[download]  49.7% of    4.02MiB at   15.21MiB/s ETA 00:00
[download]  99.4% of    4.02MiB at    8.86MiB/s ETA 00:00
[download] 100.0% of    4.02MiB at    8.90MiB/s ETA 00:00
[download] 100% of    4.02MiB in 00:00:00 at 7.07MiB/s   
[ExtractAudio] Destination: /Users/marcelbuian/projects/mb/marcel-vibe/Deepium 2026/MarcelVibe/15/Rønhöff ,Qualista - Magical Place - 2025.mp3
Deleting original file /Users/marcelbuian/projects/mb/marcel-vibe/Deepium 2026/MarcelVibe/15/Rønhöff ,Qualista - Magical Place - 2025.webm (pass -k to keep)
[Metadata] Adding metadata to "/Users/marcelbuian/projects/mb/marcel-vibe/Deepium 2026/MarcelVibe/15/Rønhöff ,Qualista - Magical Place - 2025.mp3"
[EmbedThumbnail] ffmpeg: Adding thumbnail to "/Users/marcelbuian/projects/mb/marcel-vibe/Deepium 2026/MarcelVibe/15/Rønhöff ,Qualista - Magical Place - 2025.mp3"
[youtube] Extracting URL: https://www.youtube.com/watch?v=Hiy7lACGndc
[youtube] Sleeping 1.0 seconds ...
[youtube] Hiy7lACGndc: Downloading webpage
[youtube] Sleeping 1.0 seconds ...
[youtube] Hiy7lACGndc: Downloading visionos player API JSON
[youtube] Sleeping 1.0 seconds ...
[youtube] Hiy7lACGndc: Downloading m3u8 information
[info] Hiy7lACGndc: Downloading 1 format(s): 251
[info] Downloading video thumbnail 44 ...
[info] Writing video thumbnail 44 to: /Users/marcelbuian/projects/mb/marcel-vibe/Deepium 2026/MarcelVibe/15/Acarya - Optimized (Cafe De Anatolia Songs) - 2025.webp
[ThumbnailsConvertor] Converting thumbnail "/Users/marcelbuian/projects/mb/marcel-vibe/Deepium 2026/MarcelVibe/15/Acarya - Optimized (Cafe De Anatolia Songs) - 2025.webp" to jpg
Deleting original file /Users/marcelbuian/projects/mb/marcel-vibe/Deepium 2026/MarcelVibe/15/Acarya - Optimized (Cafe De Anatolia Songs) - 2025.webp (pass -k to keep)
[download] Sleeping 1.38 seconds ...
[download] Destination: /Users/marcelbuian/projects/mb/marcel-vibe/Deepium 2026/MarcelVibe/15/Acarya - Optimized (Cafe De Anatolia Songs) - 2025.webm

[download]   0.0% of    7.67MiB at  612.75KiB/s ETA 00:12
[download]   0.0% of    7.67MiB at    1.39MiB/s ETA 00:05
[download]   0.1% of    7.67MiB at    2.88MiB/s ETA 00:02
[download]   0.2% of    7.67MiB at    5.67MiB/s ETA 00:01
[download]   0.4% of    7.67MiB at    4.09MiB/s ETA 00:01
[download]   0.8% of    7.67MiB at    5.34MiB/s ETA 00:01
[download]   1.6% of    7.67MiB at    6.33MiB/s ETA 00:01
[download]   3.2% of    7.67MiB at    9.09MiB/s ETA 00:00
[download]   6.5% of    7.67MiB at   13.02MiB/s ETA 00:00
[download]  13.0% of    7.67MiB at   14.81MiB/s ETA 00:00
[download]  26.1% of    7.67MiB at   14.78MiB/s ETA 00:00
[download]  52.2% of    7.67MiB at    7.27MiB/s ETA 00:00
[download] 100.0% of    7.67MiB at    4.84MiB/s ETA 00:00
[download] 100% of    7.67MiB in 00:00:01 at 4.28MiB/s   
[ExtractAudio] Destination: /Users/marcelbuian/projects/mb/marcel-vibe/Deepium 2026/MarcelVibe/15/Acarya - Optimized (Cafe De Anatolia Songs) - 2025.mp3
Deleting original file /Users/marcelbuian/projects/mb/marcel-vibe/Deepium 2026/MarcelVibe/15/Acarya - Optimized (Cafe De Anatolia Songs) - 2025.webm (pass -k to keep)
[Metadata] Adding metadata to "/Users/marcelbuian/projects/mb/marcel-vibe/Deepium 2026/MarcelVibe/15/Acarya - Optimized (Cafe De Anatolia Songs) - 2025.mp3"
[EmbedThumbnail] ffmpeg: Adding thumbnail to "/Users/marcelbuian/projects/mb/marcel-vibe/Deepium 2026/MarcelVibe/15/Acarya - Optimized (Cafe De Anatolia Songs) - 2025.mp3"
[youtube] Extracting URL: https://www.youtube.com/watch?v=7B34zD5VcEc
[youtube] Sleeping 1.0 seconds ...
[youtube] 7B34zD5VcEc: Downloading webpage
[youtube] Sleeping 1.0 seconds ...
[youtube] 7B34zD5VcEc: Downloading visionos player API JSON
[youtube] Sleeping 1.0 seconds ...
[youtube] 7B34zD5VcEc: Downloading m3u8 information
[info] 7B34zD5VcEc: Downloading 1 format(s): 251
[info] Downloading video thumbnail 43 ...
[info] Video Thumbnail 43 does not exist
[info] Downloading video thumbnail 42 ...
[info] Video Thumbnail 42 does not exist
[info] Downloading video thumbnail 41 ...
[info] Video Thumbnail 41 does not exist
[info] Downloading video thumbnail 40 ...
[info] Video Thumbnail 40 does not exist
[info] Downloading video thumbnail 39 ...
[info] Writing video thumbnail 39 to: /Users/marcelbuian/projects/mb/marcel-vibe/Deepium 2026/MarcelVibe/15/Premiere： Armen Miran & Nicolas Rada - Fall Away [Balance] - 2021.webp
[ThumbnailsConvertor] Converting thumbnail "/Users/marcelbuian/projects/mb/marcel-vibe/Deepium 2026/MarcelVibe/15/Premiere： Armen Miran & Nicolas Rada - Fall Away [Balance] - 2021.webp" to jpg
Deleting original file /Users/marcelbuian/projects/mb/marcel-vibe/Deepium 2026/MarcelVibe/15/Premiere： Armen Miran & Nicolas Rada - Fall Away [Balance] - 2021.webp (pass -k to keep)
[download] Sleeping 1.96 seconds ...
[download] Destination: /Users/marcelbuian/projects/mb/marcel-vibe/Deepium 2026/MarcelVibe/15/Premiere： Armen Miran & Nicolas Rada - Fall Away [Balance] - 2021.webm

[download]   0.0% of    7.27MiB at  516.73KiB/s ETA 00:14
[download]   0.0% of    7.27MiB at    1.16MiB/s ETA 00:06
[download]   0.1% of    7.27MiB at    2.44MiB/s ETA 00:02
[download]   0.2% of    7.27MiB at    4.76MiB/s ETA 00:01
[download]   0.4% of    7.27MiB at    3.65MiB/s ETA 00:01
[download]   0.8% of    7.27MiB at    5.00MiB/s ETA 00:01
[download]   1.7% of    7.27MiB at    7.40MiB/s ETA 00:00
[download]   3.4% of    7.27MiB at    9.61MiB/s ETA 00:00
[download]   6.9% of    7.27MiB at   13.76MiB/s ETA 00:00
[download]  13.7% of    7.27MiB at   14.75MiB/s ETA 00:00
[download]  27.5% of    7.27MiB at   15.11MiB/s ETA 00:00
[download]  55.0% of    7.27MiB at   22.65MiB/s ETA 00:00
[download] 100.0% of    7.27MiB at   15.88MiB/s ETA 00:00
[download] 100% of    7.27MiB in 00:00:00 at 12.16MiB/s  
[ExtractAudio] Destination: /Users/marcelbuian/projects/mb/marcel-vibe/Deepium 2026/MarcelVibe/15/Premiere： Armen Miran & Nicolas Rada - Fall Away [Balance] - 2021.mp3
Deleting original file /Users/marcelbuian/projects/mb/marcel-vibe/Deepium 2026/MarcelVibe/15/Premiere： Armen Miran & Nicolas Rada - Fall Away [Balance] - 2021.webm (pass -k to keep)
[Metadata] Adding metadata to "/Users/marcelbuian/projects/mb/marcel-vibe/Deepium 2026/MarcelVibe/15/Premiere： Armen Miran & Nicolas Rada - Fall Away [Balance] - 2021.mp3"
[EmbedThumbnail] ffmpeg: Adding thumbnail to "/Users/marcelbuian/projects/mb/marcel-vibe/Deepium 2026/MarcelVibe/15/Premiere： Armen Miran & Nicolas Rada - Fall Away [Balance] - 2021.mp3"
[youtube] Extracting URL: https://www.youtube.com/watch?v=6luR2yXWggU
[youtube] Sleeping 1.0 seconds ...
[youtube] 6luR2yXWggU: Downloading webpage
[youtube] Sleeping 1.0 seconds ...
[youtube] 6luR2yXWggU: Downloading visionos player API JSON
[youtube] Sleeping 1.0 seconds ...
[youtube] 6luR2yXWggU: Downloading m3u8 information
[info] 6luR2yXWggU: Downloading 1 format(s): 251
[info] Downloading video thumbnail 41 ...
[info] Writing video thumbnail 41 to: /Users/marcelbuian/projects/mb/marcel-vibe/Deepium 2026/MarcelVibe/15/Mark Alow - Tigris (Original Mix) - 2020.webp
[ThumbnailsConvertor] Converting thumbnail "/Users/marcelbuian/projects/mb/marcel-vibe/Deepium 2026/MarcelVibe/15/Mark Alow - Tigris (Original Mix) - 2020.webp" to jpg
Deleting original file /Users/marcelbuian/projects/mb/marcel-vibe/Deepium 2026/MarcelVibe/15/Mark Alow - Tigris (Original Mix) - 2020.webp (pass -k to keep)
[download] Sleeping 2.83 seconds ...
[download] Destination: /Users/marcelbuian/projects/mb/marcel-vibe/Deepium 2026/MarcelVibe/15/Mark Alow - Tigris (Original Mix) - 2020.webm

[download]   0.0% of    8.37MiB at  535.88KiB/s ETA 00:16
[download]   0.0% of    8.37MiB at    1.19MiB/s ETA 00:07
[download]   0.1% of    8.37MiB at    2.41MiB/s ETA 00:03
[download]   0.2% of    8.37MiB at    4.37MiB/s ETA 00:01
[download]   0.4% of    8.37MiB at    5.10MiB/s ETA 00:01
[download]   0.7% of    8.37MiB at    4.88MiB/s ETA 00:01
[download]   1.5% of    8.37MiB at    7.39MiB/s ETA 00:01
[download]   3.0% of    8.37MiB at   10.13MiB/s ETA 00:00
[download]   6.0% of    8.37MiB at   13.12MiB/s ETA 00:00
[download]  11.9% of    8.37MiB at   20.03MiB/s ETA 00:00
[download]  23.9% of    8.37MiB at   28.16MiB/s ETA 00:00
[download]  47.8% of    8.37MiB at   33.85MiB/s ETA 00:00
[download]  95.6% of    8.37MiB at   32.77MiB/s ETA 00:00
[download] 100.0% of    8.37MiB at   32.76MiB/s ETA 00:00
[download] 100% of    8.37MiB in 00:00:00 at 26.45MiB/s  
[ExtractAudio] Destination: /Users/marcelbuian/projects/mb/marcel-vibe/Deepium 2026/MarcelVibe/15/Mark Alow - Tigris (Original Mix) - 2020.mp3
Deleting original file /Users/marcelbuian/projects/mb/marcel-vibe/Deepium 2026/MarcelVibe/15/Mark Alow - Tigris (Original Mix) - 2020.webm (pass -k to keep)
[Metadata] Adding metadata to "/Users/marcelbuian/projects/mb/marcel-vibe/Deepium 2026/MarcelVibe/15/Mark Alow - Tigris (Original Mix) - 2020.mp3"
[EmbedThumbnail] ffmpeg: Adding thumbnail to "/Users/marcelbuian/projects/mb/marcel-vibe/Deepium 2026/MarcelVibe/15/Mark Alow - Tigris (Original Mix) - 2020.mp3"
[youtube] Extracting URL: https://www.youtube.com/watch?v=pO6bZNKdmF8
[youtube] Sleeping 1.0 seconds ...
[youtube] pO6bZNKdmF8: Downloading webpage
[youtube] Sleeping 1.0 seconds ...
[youtube] pO6bZNKdmF8: Downloading visionos player API JSON
[youtube] Sleeping 1.0 seconds ...
[youtube] pO6bZNKdmF8: Downloading m3u8 information
[info] pO6bZNKdmF8: Downloading 1 format(s): 251
[info] Downloading video thumbnail 44 ...
[info] Writing video thumbnail 44 to: /Users/marcelbuian/projects/mb/marcel-vibe/Deepium 2026/MarcelVibe/15/Dave Andres - Romanian Identity (Original Mix) - 2023.webp
[ThumbnailsConvertor] Converting thumbnail "/Users/marcelbuian/projects/mb/marcel-vibe/Deepium 2026/MarcelVibe/15/Dave Andres - Romanian Identity (Original Mix) - 2023.webp" to jpg
Deleting original file /Users/marcelbuian/projects/mb/marcel-vibe/Deepium 2026/MarcelVibe/15/Dave Andres - Romanian Identity (Original Mix) - 2023.webp (pass -k to keep)
[download] Sleeping 2.45 seconds ...
[download] Destination: /Users/marcelbuian/projects/mb/marcel-vibe/Deepium 2026/MarcelVibe/15/Dave Andres - Romanian Identity (Original Mix) - 2023.webm

[download]   0.0% of    6.60MiB at  443.09KiB/s ETA 00:15
[download]   0.0% of    6.60MiB at    1.17MiB/s ETA 00:05
[download]   0.1% of    6.60MiB at    2.65MiB/s ETA 00:02
[download]   0.2% of    6.60MiB at    5.48MiB/s ETA 00:01
[download]   0.5% of    6.60MiB at    2.04MiB/s ETA 00:03
[download]   0.9% of    6.60MiB at    2.88MiB/s ETA 00:02
[download]   1.9% of    6.60MiB at    3.63MiB/s ETA 00:01
[download]   3.8% of    6.60MiB at    4.52MiB/s ETA 00:01
[download]   7.6% of    6.60MiB at    5.77MiB/s ETA 00:01
[download]  15.1% of    6.60MiB at    4.55MiB/s ETA 00:01
[download]  30.3% of    6.60MiB at    1.17MiB/s ETA 00:03
[download]  40.5% of    6.60MiB at  947.51KiB/s ETA 00:04
[download]  49.1% of    6.60MiB at  825.32KiB/s ETA 00:04
[download]  56.7% of    6.60MiB at  729.57KiB/s ETA 00:04
[download]  62.9% of    6.60MiB at  707.74KiB/s ETA 00:03
[download]  71.1% of    6.60MiB at  680.22KiB/s ETA 00:02
[download]  78.9% of    6.60MiB at  641.72KiB/s ETA 00:02
[download]  85.1% of    6.60MiB at  590.80KiB/s ETA 00:01
[download]  89.5% of    6.60MiB at  580.03KiB/s ETA 00:01
[download]  95.8% of    6.60MiB at  566.44KiB/s ETA 00:00
[download] 100.0% of    6.60MiB at  566.52KiB/s ETA 00:00
[download] 100% of    6.60MiB in 00:00:11 at 564.17KiB/s 
[ExtractAudio] Destination: /Users/marcelbuian/projects/mb/marcel-vibe/Deepium 2026/MarcelVibe/15/Dave Andres - Romanian Identity (Original Mix) - 2023.mp3
Deleting original file /Users/marcelbuian/projects/mb/marcel-vibe/Deepium 2026/MarcelVibe/15/Dave Andres - Romanian Identity (Original Mix) - 2023.webm (pass -k to keep)
[Metadata] Adding metadata to "/Users/marcelbuian/projects/mb/marcel-vibe/Deepium 2026/MarcelVibe/15/Dave Andres - Romanian Identity (Original Mix) - 2023.mp3"
[EmbedThumbnail] ffmpeg: Adding thumbnail to "/Users/marcelbuian/projects/mb/marcel-vibe/Deepium 2026/MarcelVibe/15/Dave Andres - Romanian Identity (Original Mix) - 2023.mp3"
[youtube] Extracting URL: https://www.youtube.com/watch?v=b9-P7AlWq-I
[youtube] Sleeping 1.0 seconds ...
[youtube] b9-P7AlWq-I: Downloading webpage
[youtube] Sleeping 1.0 seconds ...
[youtube] b9-P7AlWq-I: Downloading visionos player API JSON
[youtube] Sleeping 1.0 seconds ...
[youtube] b9-P7AlWq-I: Downloading m3u8 information
[info] b9-P7AlWq-I: Downloading 1 format(s): 251
[info] Downloading video thumbnail 44 ...
[info] Writing video thumbnail 44 to: /Users/marcelbuian/projects/mb/marcel-vibe/Deepium 2026/MarcelVibe/15/Erdi Irmak - Hannya (Rework) - WTHI066 - 2022.webp
[ThumbnailsConvertor] Converting thumbnail "/Users/marcelbuian/projects/mb/marcel-vibe/Deepium 2026/MarcelVibe/15/Erdi Irmak - Hannya (Rework) - WTHI066 - 2022.webp" to jpg
Deleting original file /Users/marcelbuian/projects/mb/marcel-vibe/Deepium 2026/MarcelVibe/15/Erdi Irmak - Hannya (Rework) - WTHI066 - 2022.webp (pass -k to keep)
[download] Sleeping 2.22 seconds ...
[download] Destination: /Users/marcelbuian/projects/mb/marcel-vibe/Deepium 2026/MarcelVibe/15/Erdi Irmak - Hannya (Rework) - WTHI066 - 2022.webm

[download]   0.0% of    7.59MiB at  Unknown B/s ETA Unknown
[download]   0.0% of    7.59MiB at  Unknown B/s ETA Unknown
[download]   0.1% of    7.59MiB at  Unknown B/s ETA Unknown
[download]   0.2% of    7.59MiB at  Unknown B/s ETA Unknown
[download]   0.4% of    7.59MiB at  Unknown B/s ETA Unknown
[download]   0.8% of    7.59MiB at   33.33MiB/s ETA 00:00  
[download]   1.6% of    7.59MiB at   17.64MiB/s ETA 00:00
[download]   3.3% of    7.59MiB at   16.24MiB/s ETA 00:00
[download]   6.6% of    7.59MiB at   15.49MiB/s ETA 00:00
[download]  13.2% of    7.59MiB at    9.93MiB/s ETA 00:00
[download]  26.3% of    7.59MiB at    8.40MiB/s ETA 00:00
[download]  52.7% of    7.59MiB at    6.11MiB/s ETA 00:00
[download] 100.0% of    7.59MiB at    4.94MiB/s ETA 00:00
[download] 100% of    7.59MiB in 00:00:01 at 4.45MiB/s   
[ExtractAudio] Destination: /Users/marcelbuian/projects/mb/marcel-vibe/Deepium 2026/MarcelVibe/15/Erdi Irmak - Hannya (Rework) - WTHI066 - 2022.mp3
Deleting original file /Users/marcelbuian/projects/mb/marcel-vibe/Deepium 2026/MarcelVibe/15/Erdi Irmak - Hannya (Rework) - WTHI066 - 2022.webm (pass -k to keep)
[Metadata] Adding metadata to "/Users/marcelbuian/projects/mb/marcel-vibe/Deepium 2026/MarcelVibe/15/Erdi Irmak - Hannya (Rework) - WTHI066 - 2022.mp3"
[EmbedThumbnail] ffmpeg: Adding thumbnail to "/Users/marcelbuian/projects/mb/marcel-vibe/Deepium 2026/MarcelVibe/15/Erdi Irmak - Hannya (Rework) - WTHI066 - 2022.mp3"
[youtube] Extracting URL: https://www.youtube.com/watch?v=v6WRdywPU5A
[youtube] Sleeping 1.0 seconds ...
[youtube] v6WRdywPU5A: Downloading webpage
[youtube] Sleeping 1.0 seconds ...
[youtube] v6WRdywPU5A: Downloading visionos player API JSON
[youtube] Sleeping 1.0 seconds ...
[youtube] v6WRdywPU5A: Downloading m3u8 information
[info] v6WRdywPU5A: Downloading 1 format(s): 251
[info] Downloading video thumbnail 41 ...
[info] Writing video thumbnail 41 to: /Users/marcelbuian/projects/mb/marcel-vibe/Deepium 2026/MarcelVibe/15/Keanler - Lost Home - 2024.webp
[ThumbnailsConvertor] Converting thumbnail "/Users/marcelbuian/projects/mb/marcel-vibe/Deepium 2026/MarcelVibe/15/Keanler - Lost Home - 2024.webp" to jpg
Deleting original file /Users/marcelbuian/projects/mb/marcel-vibe/Deepium 2026/MarcelVibe/15/Keanler - Lost Home - 2024.webp (pass -k to keep)
[download] Sleeping 2.44 seconds ...
[download] Destination: /Users/marcelbuian/projects/mb/marcel-vibe/Deepium 2026/MarcelVibe/15/Keanler - Lost Home - 2024.webm

[download]   0.0% of    4.57MiB at  108.62KiB/s ETA 00:43
[download]   0.1% of    4.57MiB at  313.03KiB/s ETA 00:14
[download]   0.1% of    4.57MiB at  713.56KiB/s ETA 00:06
[download]   0.3% of    4.57MiB at    1.47MiB/s ETA 00:03
[download]   0.7% of    4.57MiB at    2.99MiB/s ETA 00:01
[download]   1.3% of    4.57MiB at    3.45MiB/s ETA 00:01
[download]   2.7% of    4.57MiB at    3.83MiB/s ETA 00:01
[download]   5.5% of    4.57MiB at    6.64MiB/s ETA 00:00
[download]  10.9% of    4.57MiB at    6.89MiB/s ETA 00:00
[download]  21.9% of    4.57MiB at    6.45MiB/s ETA 00:00
[download]  43.8% of    4.57MiB at    6.28MiB/s ETA 00:00
[download]  87.6% of    4.57MiB at    2.04MiB/s ETA 00:00
[download] 100.0% of    4.57MiB at    1.63MiB/s ETA 00:00
[download] 100% of    4.57MiB in 00:00:03 at 1.35MiB/s   
[ExtractAudio] Destination: /Users/marcelbuian/projects/mb/marcel-vibe/Deepium 2026/MarcelVibe/15/Keanler - Lost Home - 2024.mp3
Deleting original file /Users/marcelbuian/projects/mb/marcel-vibe/Deepium 2026/MarcelVibe/15/Keanler - Lost Home - 2024.webm (pass -k to keep)
[Metadata] Adding metadata to "/Users/marcelbuian/projects/mb/marcel-vibe/Deepium 2026/MarcelVibe/15/Keanler - Lost Home - 2024.mp3"
[EmbedThumbnail] ffmpeg: Adding thumbnail to "/Users/marcelbuian/projects/mb/marcel-vibe/Deepium 2026/MarcelVibe/15/Keanler - Lost Home - 2024.mp3"
[youtube] Extracting URL: https://www.youtube.com/watch?v=E0jS5_YpV5g
[youtube] Sleeping 1.0 seconds ...
[youtube] E0jS5_YpV5g: Downloading webpage
[youtube] Sleeping 1.0 seconds ...
[youtube] E0jS5_YpV5g: Downloading visionos player API JSON
[youtube] Sleeping 1.0 seconds ...
[youtube] E0jS5_YpV5g: Downloading m3u8 information
[info] E0jS5_YpV5g: Downloading 1 format(s): 251
[info] Downloading video thumbnail 44 ...
[info] Writing video thumbnail 44 to: /Users/marcelbuian/projects/mb/marcel-vibe/Deepium 2026/MarcelVibe/15/Kasper Koman - Fruit (Original Mix) - 2022.webp
[ThumbnailsConvertor] Converting thumbnail "/Users/marcelbuian/projects/mb/marcel-vibe/Deepium 2026/MarcelVibe/15/Kasper Koman - Fruit (Original Mix) - 2022.webp" to jpg
Deleting original file /Users/marcelbuian/projects/mb/marcel-vibe/Deepium 2026/MarcelVibe/15/Kasper Koman - Fruit (Original Mix) - 2022.webp (pass -k to keep)
[download] Sleeping 2.46 seconds ...
[download] Destination: /Users/marcelbuian/projects/mb/marcel-vibe/Deepium 2026/MarcelVibe/15/Kasper Koman - Fruit (Original Mix) - 2022.webm

[download]   0.0% of    7.77MiB at  260.95KiB/s ETA 00:30
[download]   0.0% of    7.77MiB at  713.92KiB/s ETA 00:11
[download]   0.1% of    7.77MiB at    1.54MiB/s ETA 00:05
[download]   0.2% of    7.77MiB at    3.10MiB/s ETA 00:02
[download]   0.4% of    7.77MiB at    4.07MiB/s ETA 00:01
[download]   0.8% of    7.77MiB at    4.54MiB/s ETA 00:01
[download]   1.6% of    7.77MiB at    7.37MiB/s ETA 00:01
[download]   3.2% of    7.77MiB at    9.06MiB/s ETA 00:00
[download]   6.4% of    7.77MiB at   13.91MiB/s ETA 00:00
[download]  12.9% of    7.77MiB at   21.39MiB/s ETA 00:00
[download]  25.7% of    7.77MiB at   29.20MiB/s ETA 00:00
[download]  51.5% of    7.77MiB at   26.32MiB/s ETA 00:00
[download] 100.0% of    7.77MiB at   25.01MiB/s ETA 00:00
[download] 100% of    7.77MiB in 00:00:00 at 18.90MiB/s  
[ExtractAudio] Destination: /Users/marcelbuian/projects/mb/marcel-vibe/Deepium 2026/MarcelVibe/15/Kasper Koman - Fruit (Original Mix) - 2022.mp3
Deleting original file /Users/marcelbuian/projects/mb/marcel-vibe/Deepium 2026/MarcelVibe/15/Kasper Koman - Fruit (Original Mix) - 2022.webm (pass -k to keep)
[Metadata] Adding metadata to "/Users/marcelbuian/projects/mb/marcel-vibe/Deepium 2026/MarcelVibe/15/Kasper Koman - Fruit (Original Mix) - 2022.mp3"
[EmbedThumbnail] ffmpeg: Adding thumbnail to "/Users/marcelbuian/projects/mb/marcel-vibe/Deepium 2026/MarcelVibe/15/Kasper Koman - Fruit (Original Mix) - 2022.mp3"
[youtube] Extracting URL: https://www.youtube.com/watch?v=WWSg1kyLeoI
[youtube] Sleeping 1.0 seconds ...
[youtube] WWSg1kyLeoI: Downloading webpage
[youtube] Sleeping 1.0 seconds ...
[youtube] WWSg1kyLeoI: Downloading visionos player API JSON
[youtube] Sleeping 1.0 seconds ...
[youtube] WWSg1kyLeoI: Downloading m3u8 information
[info] WWSg1kyLeoI: Downloading 1 format(s): 251
[info] Downloading video thumbnail 41 ...
[info] Writing video thumbnail 41 to: /Users/marcelbuian/projects/mb/marcel-vibe/Deepium 2026/MarcelVibe/15/Volen Sentir - Na Dvore Dozhd' - 2018.webp
[ThumbnailsConvertor] Converting thumbnail "/Users/marcelbuian/projects/mb/marcel-vibe/Deepium 2026/MarcelVibe/15/Volen Sentir - Na Dvore Dozhd' - 2018.webp" to jpg
Deleting original file /Users/marcelbuian/projects/mb/marcel-vibe/Deepium 2026/MarcelVibe/15/Volen Sentir - Na Dvore Dozhd' - 2018.webp (pass -k to keep)
[download] Sleeping 2.50 seconds ...
[download] Destination: /Users/marcelbuian/projects/mb/marcel-vibe/Deepium 2026/MarcelVibe/15/Volen Sentir - Na Dvore Dozhd' - 2018.webm

[download]   0.0% of    8.50MiB at  Unknown B/s ETA Unknown
[download]   0.0% of    8.50MiB at    2.02MiB/s ETA 00:04  
[download]   0.1% of    8.50MiB at    4.11MiB/s ETA 00:02
[download]   0.2% of    8.50MiB at    8.02MiB/s ETA 00:01
[download]   0.4% of    8.50MiB at    5.95MiB/s ETA 00:01
[download]   0.7% of    8.50MiB at    5.83MiB/s ETA 00:01
[download]   1.5% of    8.50MiB at    8.02MiB/s ETA 00:01
[download]   2.9% of    8.50MiB at   12.32MiB/s ETA 00:00
[download]   5.9% of    8.50MiB at   15.52MiB/s ETA 00:00
[download]  11.8% of    8.50MiB at   15.01MiB/s ETA 00:00
[download]  23.5% of    8.50MiB at   14.89MiB/s ETA 00:00
[download]  47.1% of    8.50MiB at    7.29MiB/s ETA 00:00
[download]  94.2% of    8.50MiB at    9.97MiB/s ETA 00:00
[download] 100.0% of    8.50MiB at   10.40MiB/s ETA 00:00
[download] 100% of    8.50MiB in 00:00:00 at 8.90MiB/s   
[ExtractAudio] Destination: /Users/marcelbuian/projects/mb/marcel-vibe/Deepium 2026/MarcelVibe/15/Volen Sentir - Na Dvore Dozhd' - 2018.mp3
Deleting original file /Users/marcelbuian/projects/mb/marcel-vibe/Deepium 2026/MarcelVibe/15/Volen Sentir - Na Dvore Dozhd' - 2018.webm (pass -k to keep)
[Metadata] Adding metadata to "/Users/marcelbuian/projects/mb/marcel-vibe/Deepium 2026/MarcelVibe/15/Volen Sentir - Na Dvore Dozhd' - 2018.mp3"
[EmbedThumbnail] ffmpeg: Adding thumbnail to "/Users/marcelbuian/projects/mb/marcel-vibe/Deepium 2026/MarcelVibe/15/Volen Sentir - Na Dvore Dozhd' - 2018.mp3"
[youtube] Extracting URL: https://www.youtube.com/watch?v=ZM3nsxw-8EQ
[youtube] Sleeping 1.0 seconds ...
[youtube] ZM3nsxw-8EQ: Downloading webpage
[youtube] Sleeping 1.0 seconds ...
[youtube] ZM3nsxw-8EQ: Downloading visionos player API JSON
[youtube] Sleeping 1.0 seconds ...
[youtube] ZM3nsxw-8EQ: Downloading m3u8 information
[info] ZM3nsxw-8EQ: Downloading 1 format(s): 251
[info] Downloading video thumbnail 41 ...
[info] Writing video thumbnail 41 to: /Users/marcelbuian/projects/mb/marcel-vibe/Deepium 2026/MarcelVibe/15/Fred Again.., The Blessed Madonna X Shakedown - (We've Lost Dancing) X At Night (SWITCH DISCO EDIT) - 2023.webp
[ThumbnailsConvertor] Converting thumbnail "/Users/marcelbuian/projects/mb/marcel-vibe/Deepium 2026/MarcelVibe/15/Fred Again.., The Blessed Madonna X Shakedown - (We've Lost Dancing) X At Night (SWITCH DISCO EDIT) - 2023.webp" to jpg
Deleting original file /Users/marcelbuian/projects/mb/marcel-vibe/Deepium 2026/MarcelVibe/15/Fred Again.., The Blessed Madonna X Shakedown - (We've Lost Dancing) X At Night (SWITCH DISCO EDIT) - 2023.webp (pass -k to keep)
[download] Sleeping 2.38 seconds ...
[download] Destination: /Users/marcelbuian/projects/mb/marcel-vibe/Deepium 2026/MarcelVibe/15/Fred Again.., The Blessed Madonna X Shakedown - (We've Lost Dancing) X At Night (SWITCH DISCO EDIT) - 2023.webm

[download]   0.0% of    3.94MiB at  116.96KiB/s ETA 00:34
[download]   0.1% of    3.94MiB at  335.09KiB/s ETA 00:12
[download]   0.2% of    3.94MiB at  763.79KiB/s ETA 00:05
[download]   0.4% of    3.94MiB at    1.57MiB/s ETA 00:02
[download]   0.8% of    3.94MiB at    2.04MiB/s ETA 00:01
[download]   1.6% of    3.94MiB at    1.18MiB/s ETA 00:03
[download]   3.1% of    3.94MiB at    2.35MiB/s ETA 00:01
[download]   6.3% of    3.94MiB at    4.67MiB/s ETA 00:00
[download]  12.7% of    3.94MiB at    4.61MiB/s ETA 00:00
[download]  25.3% of    3.94MiB at    3.46MiB/s ETA 00:00
[download]  50.7% of    3.94MiB at    1.06MiB/s ETA 00:01
[download]  66.6% of    3.94MiB at    1.05MiB/s ETA 00:01
[download]  92.5% of    3.94MiB at  798.73KiB/s ETA 00:00
[download] 100.0% of    3.94MiB at  775.81KiB/s ETA 00:00
[download] 100% of    3.94MiB in 00:00:05 at 762.55KiB/s 
[ExtractAudio] Destination: /Users/marcelbuian/projects/mb/marcel-vibe/Deepium 2026/MarcelVibe/15/Fred Again.., The Blessed Madonna X Shakedown - (We've Lost Dancing) X At Night (SWITCH DISCO EDIT) - 2023.mp3
Deleting original file /Users/marcelbuian/projects/mb/marcel-vibe/Deepium 2026/MarcelVibe/15/Fred Again.., The Blessed Madonna X Shakedown - (We've Lost Dancing) X At Night (SWITCH DISCO EDIT) - 2023.webm (pass -k to keep)
[Metadata] Adding metadata to "/Users/marcelbuian/projects/mb/marcel-vibe/Deepium 2026/MarcelVibe/15/Fred Again.., The Blessed Madonna X Shakedown - (We've Lost Dancing) X At Night (SWITCH DISCO EDIT) - 2023.mp3"
[EmbedThumbnail] ffmpeg: Adding thumbnail to "/Users/marcelbuian/projects/mb/marcel-vibe/Deepium 2026/MarcelVibe/15/Fred Again.., The Blessed Madonna X Shakedown - (We've Lost Dancing) X At Night (SWITCH DISCO EDIT) - 2023.mp3"
[youtube] Extracting URL: https://www.youtube.com/watch?v=p5mPm6p1f2w
[youtube] Sleeping 1.0 seconds ...
[youtube] p5mPm6p1f2w: Downloading webpage
[youtube] Sleeping 1.0 seconds ...
[youtube] p5mPm6p1f2w: Downloading visionos player API JSON
[youtube] Sleeping 1.0 seconds ...
[youtube] p5mPm6p1f2w: Downloading m3u8 information
[info] p5mPm6p1f2w: Downloading 1 format(s): 251
[info] Downloading video thumbnail 41 ...
[info] Writing video thumbnail 41 to: /Users/marcelbuian/projects/mb/marcel-vibe/Deepium 2026/MarcelVibe/15/Yotto - Just Over (ABGT513) - 2023.webp
[ThumbnailsConvertor] Converting thumbnail "/Users/marcelbuian/projects/mb/marcel-vibe/Deepium 2026/MarcelVibe/15/Yotto - Just Over (ABGT513) - 2023.webp" to jpg
Deleting original file /Users/marcelbuian/projects/mb/marcel-vibe/Deepium 2026/MarcelVibe/15/Yotto - Just Over (ABGT513) - 2023.webp (pass -k to keep)
[download] Sleeping 1.44 seconds ...
[download] Destination: /Users/marcelbuian/projects/mb/marcel-vibe/Deepium 2026/MarcelVibe/15/Yotto - Just Over (ABGT513) - 2023.webm

[download]   0.0% of    5.22MiB at  Unknown B/s ETA Unknown
[download]   0.1% of    5.22MiB at    2.46MiB/s ETA 00:02  
[download]   0.1% of    5.22MiB at    4.89MiB/s ETA 00:01
[download]   0.3% of    5.22MiB at    9.18MiB/s ETA 00:00
[download]   0.6% of    5.22MiB at   11.70MiB/s ETA 00:00
[download]   1.2% of    5.22MiB at   20.49MiB/s ETA 00:00
[download]   2.4% of    5.22MiB at   25.40MiB/s ETA 00:00
[download]   4.8% of    5.22MiB at   15.32MiB/s ETA 00:00
[download]   9.6% of    5.22MiB at   15.43MiB/s ETA 00:00
[download]  19.1% of    5.22MiB at   14.93MiB/s ETA 00:00
[download]  38.3% of    5.22MiB at   14.95MiB/s ETA 00:00
[download]  76.6% of    5.22MiB at    7.31MiB/s ETA 00:00
[download] 100.0% of    5.22MiB at    8.95MiB/s ETA 00:00
[download] 100% of    5.22MiB in 00:00:00 at 7.34MiB/s   
[ExtractAudio] Destination: /Users/marcelbuian/projects/mb/marcel-vibe/Deepium 2026/MarcelVibe/15/Yotto - Just Over (ABGT513) - 2023.mp3
Deleting original file /Users/marcelbuian/projects/mb/marcel-vibe/Deepium 2026/MarcelVibe/15/Yotto - Just Over (ABGT513) - 2023.webm (pass -k to keep)
[Metadata] Adding metadata to "/Users/marcelbuian/projects/mb/marcel-vibe/Deepium 2026/MarcelVibe/15/Yotto - Just Over (ABGT513) - 2023.mp3"
[EmbedThumbnail] ffmpeg: Adding thumbnail to "/Users/marcelbuian/projects/mb/marcel-vibe/Deepium 2026/MarcelVibe/15/Yotto - Just Over (ABGT513) - 2023.mp3"
Reading URLs from STDIN - EOF (Ctrl+D) to end:

===== 16 (#16 - 2025-09-14 Golden Bay, Malta) 15:30:18
[youtube] Extracting URL: https://www.youtube.com/watch?v=fF_DK9OtgBs
[youtube] fF_DK9OtgBs: Downloading webpage
[youtube] Sleeping 1.0 seconds ...
[youtube] fF_DK9OtgBs: Downloading visionos player API JSON
[youtube] Sleeping 1.0 seconds ...
[youtube] fF_DK9OtgBs: Downloading m3u8 information
[info] fF_DK9OtgBs: Downloading 1 format(s): 251
[info] Downloading video thumbnail 41 ...
[info] Writing video thumbnail 41 to: /Users/marcelbuian/projects/mb/marcel-vibe/Deepium 2026/MarcelVibe/16/EMOTIONAL - Be With You - 2024.webp
[ThumbnailsConvertor] Converting thumbnail "/Users/marcelbuian/projects/mb/marcel-vibe/Deepium 2026/MarcelVibe/16/EMOTIONAL - Be With You - 2024.webp" to jpg
Deleting original file /Users/marcelbuian/projects/mb/marcel-vibe/Deepium 2026/MarcelVibe/16/EMOTIONAL - Be With You - 2024.webp (pass -k to keep)
[download] Sleeping 2.78 seconds ...
[download] Destination: /Users/marcelbuian/projects/mb/marcel-vibe/Deepium 2026/MarcelVibe/16/EMOTIONAL - Be With You - 2024.webm

[download]   0.0% of    4.62MiB at  522.72KiB/s ETA 00:09
[download]   0.1% of    4.62MiB at    1.05MiB/s ETA 00:04
[download]   0.1% of    4.62MiB at    2.11MiB/s ETA 00:02
[download]   0.3% of    4.62MiB at    4.19MiB/s ETA 00:01
[download]   0.7% of    4.62MiB at    4.65MiB/s ETA 00:00
[download]   1.3% of    4.62MiB at    4.80MiB/s ETA 00:00
[download]   2.7% of    4.62MiB at    8.10MiB/s ETA 00:00
[download]   5.4% of    4.62MiB at   10.52MiB/s ETA 00:00
[download]  10.8% of    4.62MiB at   15.93MiB/s ETA 00:00
[download]  21.6% of    4.62MiB at   15.53MiB/s ETA 00:00
[download]  43.3% of    4.62MiB at   15.08MiB/s ETA 00:00
[download]  86.6% of    4.62MiB at   12.46MiB/s ETA 00:00
[download] 100.0% of    4.62MiB at   13.78MiB/s ETA 00:00
[download] 100% of    4.62MiB in 00:00:00 at 10.08MiB/s  
[ExtractAudio] Destination: /Users/marcelbuian/projects/mb/marcel-vibe/Deepium 2026/MarcelVibe/16/EMOTIONAL - Be With You - 2024.mp3
Deleting original file /Users/marcelbuian/projects/mb/marcel-vibe/Deepium 2026/MarcelVibe/16/EMOTIONAL - Be With You - 2024.webm (pass -k to keep)
[Metadata] Adding metadata to "/Users/marcelbuian/projects/mb/marcel-vibe/Deepium 2026/MarcelVibe/16/EMOTIONAL - Be With You - 2024.mp3"
[EmbedThumbnail] ffmpeg: Adding thumbnail to "/Users/marcelbuian/projects/mb/marcel-vibe/Deepium 2026/MarcelVibe/16/EMOTIONAL - Be With You - 2024.mp3"
[youtube] Extracting URL: https://www.youtube.com/watch?v=-T5JVEljvoo
[youtube] Sleeping 1.0 seconds ...
[youtube] -T5JVEljvoo: Downloading webpage
[youtube] Sleeping 1.0 seconds ...
[youtube] -T5JVEljvoo: Downloading visionos player API JSON
[youtube] Sleeping 1.0 seconds ...
[youtube] -T5JVEljvoo: Downloading m3u8 information
[info] -T5JVEljvoo: Downloading 1 format(s): 251
[info] Downloading video thumbnail 44 ...
[info] Writing video thumbnail 44 to: /Users/marcelbuian/projects/mb/marcel-vibe/Deepium 2026/MarcelVibe/16/Moeaike - Everyone Else (Original Mix) [Impressum] - 2023.webp
[ThumbnailsConvertor] Converting thumbnail "/Users/marcelbuian/projects/mb/marcel-vibe/Deepium 2026/MarcelVibe/16/Moeaike - Everyone Else (Original Mix) [Impressum] - 2023.webp" to jpg
Deleting original file /Users/marcelbuian/projects/mb/marcel-vibe/Deepium 2026/MarcelVibe/16/Moeaike - Everyone Else (Original Mix) [Impressum] - 2023.webp (pass -k to keep)
[download] Sleeping 1.70 seconds ...
[download] Destination: /Users/marcelbuian/projects/mb/marcel-vibe/Deepium 2026/MarcelVibe/16/Moeaike - Everyone Else (Original Mix) [Impressum] - 2023.webm

[download]   0.0% of    7.13MiB at  485.96KiB/s ETA 00:15
[download]   0.0% of    7.13MiB at    1.11MiB/s ETA 00:06
[download]   0.1% of    7.13MiB at    2.23MiB/s ETA 00:03
[download]   0.2% of    7.13MiB at    4.17MiB/s ETA 00:01
[download]   0.4% of    7.13MiB at    4.58MiB/s ETA 00:01
[download]   0.9% of    7.13MiB at    5.08MiB/s ETA 00:01
[download]   1.7% of    7.13MiB at    7.54MiB/s ETA 00:00
[download]   3.5% of    7.13MiB at    9.77MiB/s ETA 00:00
[download]   7.0% of    7.13MiB at   14.36MiB/s ETA 00:00
[download]  14.0% of    7.13MiB at    9.67MiB/s ETA 00:00
[download]  28.1% of    7.13MiB at    8.35MiB/s ETA 00:00
[download]  56.1% of    7.13MiB at   14.30MiB/s ETA 00:00
[download] 100.0% of    7.13MiB at   13.93MiB/s ETA 00:00
[download] 100% of    7.13MiB in 00:00:00 at 10.85MiB/s  
[ExtractAudio] Destination: /Users/marcelbuian/projects/mb/marcel-vibe/Deepium 2026/MarcelVibe/16/Moeaike - Everyone Else (Original Mix) [Impressum] - 2023.mp3
Deleting original file /Users/marcelbuian/projects/mb/marcel-vibe/Deepium 2026/MarcelVibe/16/Moeaike - Everyone Else (Original Mix) [Impressum] - 2023.webm (pass -k to keep)
[Metadata] Adding metadata to "/Users/marcelbuian/projects/mb/marcel-vibe/Deepium 2026/MarcelVibe/16/Moeaike - Everyone Else (Original Mix) [Impressum] - 2023.mp3"
[EmbedThumbnail] ffmpeg: Adding thumbnail to "/Users/marcelbuian/projects/mb/marcel-vibe/Deepium 2026/MarcelVibe/16/Moeaike - Everyone Else (Original Mix) [Impressum] - 2023.mp3"
[youtube] Extracting URL: https://www.youtube.com/watch?v=w6a7BC1I_1o
[youtube] Sleeping 1.0 seconds ...
[youtube] w6a7BC1I_1o: Downloading webpage
[youtube] Sleeping 1.0 seconds ...
[youtube] w6a7BC1I_1o: Downloading visionos player API JSON
[youtube] Sleeping 1.0 seconds ...
[youtube] w6a7BC1I_1o: Downloading m3u8 information
[info] w6a7BC1I_1o: Downloading 1 format(s): 251
[info] Downloading video thumbnail 44 ...
[info] Writing video thumbnail 44 to: /Users/marcelbuian/projects/mb/marcel-vibe/Deepium 2026/MarcelVibe/16/Demayä ft. Aleksandra Krstic --- Shadows (Samm (BE) ReMix) - 2026.webp
[ThumbnailsConvertor] Converting thumbnail "/Users/marcelbuian/projects/mb/marcel-vibe/Deepium 2026/MarcelVibe/16/Demayä ft. Aleksandra Krstic --- Shadows (Samm (BE) ReMix) - 2026.webp" to jpg
Deleting original file /Users/marcelbuian/projects/mb/marcel-vibe/Deepium 2026/MarcelVibe/16/Demayä ft. Aleksandra Krstic --- Shadows (Samm (BE) ReMix) - 2026.webp (pass -k to keep)
[download] Sleeping 1.46 seconds ...
[download] Destination: /Users/marcelbuian/projects/mb/marcel-vibe/Deepium 2026/MarcelVibe/16/Demayä ft. Aleksandra Krstic --- Shadows (Samm (BE) ReMix) - 2026.webm

[download]   0.0% of    6.68MiB at  953.25KiB/s ETA 00:07
[download]   0.0% of    6.68MiB at    1.68MiB/s ETA 00:03
[download]   0.1% of    6.68MiB at    3.50MiB/s ETA 00:01
[download]   0.2% of    6.68MiB at    7.06MiB/s ETA 00:00
[download]   0.5% of    6.68MiB at   13.09MiB/s ETA 00:00
[download]   0.9% of    6.68MiB at   18.06MiB/s ETA 00:00
[download]   1.9% of    6.68MiB at    3.22MiB/s ETA 00:02
[download]   3.7% of    6.68MiB at    3.18MiB/s ETA 00:02
[download]   7.5% of    6.68MiB at    4.10MiB/s ETA 00:01
[download]  15.0% of    6.68MiB at    6.07MiB/s ETA 00:00
[download]  29.9% of    6.68MiB at    8.70MiB/s ETA 00:00
[download]  59.9% of    6.68MiB at   14.87MiB/s ETA 00:00
[download] 100.0% of    6.68MiB at    7.35MiB/s ETA 00:00
[download] 100% of    6.68MiB in 00:00:01 at 4.74MiB/s   
[ExtractAudio] Destination: /Users/marcelbuian/projects/mb/marcel-vibe/Deepium 2026/MarcelVibe/16/Demayä ft. Aleksandra Krstic --- Shadows (Samm (BE) ReMix) - 2026.mp3
Deleting original file /Users/marcelbuian/projects/mb/marcel-vibe/Deepium 2026/MarcelVibe/16/Demayä ft. Aleksandra Krstic --- Shadows (Samm (BE) ReMix) - 2026.webm (pass -k to keep)
[Metadata] Adding metadata to "/Users/marcelbuian/projects/mb/marcel-vibe/Deepium 2026/MarcelVibe/16/Demayä ft. Aleksandra Krstic --- Shadows (Samm (BE) ReMix) - 2026.mp3"
[EmbedThumbnail] ffmpeg: Adding thumbnail to "/Users/marcelbuian/projects/mb/marcel-vibe/Deepium 2026/MarcelVibe/16/Demayä ft. Aleksandra Krstic --- Shadows (Samm (BE) ReMix) - 2026.mp3"
[youtube] Extracting URL: https://www.youtube.com/watch?v=CNUnzNLEkKA
[youtube] Sleeping 1.0 seconds ...
[youtube] CNUnzNLEkKA: Downloading webpage
[youtube] Sleeping 1.0 seconds ...
[youtube] CNUnzNLEkKA: Downloading visionos player API JSON
[youtube] Sleeping 1.0 seconds ...
[youtube] CNUnzNLEkKA: Downloading m3u8 information
[info] CNUnzNLEkKA: Downloading 1 format(s): 251
[info] Downloading video thumbnail 43 ...
[info] Writing video thumbnail 43 to: /Users/marcelbuian/projects/mb/marcel-vibe/Deepium 2026/MarcelVibe/16/Zakes Bantwini, Kasango - Osama (Official Music Video) - 2021.webp
[ThumbnailsConvertor] Converting thumbnail "/Users/marcelbuian/projects/mb/marcel-vibe/Deepium 2026/MarcelVibe/16/Zakes Bantwini, Kasango - Osama (Official Music Video) - 2021.webp" to jpg
Deleting original file /Users/marcelbuian/projects/mb/marcel-vibe/Deepium 2026/MarcelVibe/16/Zakes Bantwini, Kasango - Osama (Official Music Video) - 2021.webp (pass -k to keep)
[download] Sleeping 2.05 seconds ...
[download] Destination: /Users/marcelbuian/projects/mb/marcel-vibe/Deepium 2026/MarcelVibe/16/Zakes Bantwini, Kasango - Osama (Official Music Video) - 2021.webm

[download]   0.0% of    5.44MiB at  151.81KiB/s ETA 00:36
[download]   0.1% of    5.44MiB at  435.29KiB/s ETA 00:12
[download]   0.1% of    5.44MiB at  992.63KiB/s ETA 00:05
[download]   0.3% of    5.44MiB at    2.04MiB/s ETA 00:02
[download]   0.6% of    5.44MiB at    1.08MiB/s ETA 00:05
[download]   1.1% of    5.44MiB at    2.17MiB/s ETA 00:02
[download]   2.3% of    5.44MiB at    3.82MiB/s ETA 00:01
[download]   4.6% of    5.44MiB at    4.61MiB/s ETA 00:01
[download]   9.2% of    5.44MiB at    6.51MiB/s ETA 00:00
[download]  18.4% of    5.44MiB at    5.88MiB/s ETA 00:00
[download]  36.8% of    5.44MiB at    3.04MiB/s ETA 00:01
[download]  73.5% of    5.44MiB at    1.27MiB/s ETA 00:01
[download]  91.9% of    5.44MiB at    1.07MiB/s ETA 00:00
[download] 100.0% of    5.44MiB at    1.04MiB/s ETA 00:00
[download] 100% of    5.44MiB in 00:00:05 at 1009.41KiB/s
[ExtractAudio] Destination: /Users/marcelbuian/projects/mb/marcel-vibe/Deepium 2026/MarcelVibe/16/Zakes Bantwini, Kasango - Osama (Official Music Video) - 2021.mp3
Deleting original file /Users/marcelbuian/projects/mb/marcel-vibe/Deepium 2026/MarcelVibe/16/Zakes Bantwini, Kasango - Osama (Official Music Video) - 2021.webm (pass -k to keep)
[Metadata] Adding metadata to "/Users/marcelbuian/projects/mb/marcel-vibe/Deepium 2026/MarcelVibe/16/Zakes Bantwini, Kasango - Osama (Official Music Video) - 2021.mp3"
[EmbedThumbnail] ffmpeg: Adding thumbnail to "/Users/marcelbuian/projects/mb/marcel-vibe/Deepium 2026/MarcelVibe/16/Zakes Bantwini, Kasango - Osama (Official Music Video) - 2021.mp3"
[youtube] Extracting URL: https://www.youtube.com/watch?v=-KoGl9WGoNg
[youtube] Sleeping 1.0 seconds ...
[youtube] -KoGl9WGoNg: Downloading webpage
[youtube] Sleeping 1.0 seconds ...
[youtube] -KoGl9WGoNg: Downloading visionos player API JSON
[youtube] Sleeping 1.0 seconds ...
[youtube] -KoGl9WGoNg: Downloading m3u8 information
[info] -KoGl9WGoNg: Downloading 1 format(s): 251
[info] Downloading video thumbnail 44 ...
[info] Writing video thumbnail 44 to: /Users/marcelbuian/projects/mb/marcel-vibe/Deepium 2026/MarcelVibe/16/Soulroots & Soul Star - Sala Papa Ye (Extended Mix) - 2025.webp
[ThumbnailsConvertor] Converting thumbnail "/Users/marcelbuian/projects/mb/marcel-vibe/Deepium 2026/MarcelVibe/16/Soulroots & Soul Star - Sala Papa Ye (Extended Mix) - 2025.webp" to jpg
Deleting original file /Users/marcelbuian/projects/mb/marcel-vibe/Deepium 2026/MarcelVibe/16/Soulroots & Soul Star - Sala Papa Ye (Extended Mix) - 2025.webp (pass -k to keep)
[download] Sleeping 1.68 seconds ...
[download] Destination: /Users/marcelbuian/projects/mb/marcel-vibe/Deepium 2026/MarcelVibe/16/Soulroots & Soul Star - Sala Papa Ye (Extended Mix) - 2025.webm

[download]   0.0% of    6.31MiB at  454.13KiB/s ETA 00:14
[download]   0.0% of    6.31MiB at    1.05MiB/s ETA 00:06
[download]   0.1% of    6.31MiB at    2.10MiB/s ETA 00:03
[download]   0.2% of    6.31MiB at    3.98MiB/s ETA 00:01
[download]   0.5% of    6.31MiB at    4.92MiB/s ETA 00:01
[download]   1.0% of    6.31MiB at    4.77MiB/s ETA 00:01
[download]   2.0% of    6.31MiB at    6.49MiB/s ETA 00:00
[download]   3.9% of    6.31MiB at    8.66MiB/s ETA 00:00
[download]   7.9% of    6.31MiB at   12.38MiB/s ETA 00:00
[download]  15.8% of    6.31MiB at   14.82MiB/s ETA 00:00
[download]  31.7% of    6.31MiB at   14.93MiB/s ETA 00:00
[download]  63.3% of    6.31MiB at    7.41MiB/s ETA 00:00
[download] 100.0% of    6.31MiB at    1.13MiB/s ETA 00:00
[download] 100% of    6.31MiB in 00:00:05 at 1.09MiB/s   
[ExtractAudio] Destination: /Users/marcelbuian/projects/mb/marcel-vibe/Deepium 2026/MarcelVibe/16/Soulroots & Soul Star - Sala Papa Ye (Extended Mix) - 2025.mp3
Deleting original file /Users/marcelbuian/projects/mb/marcel-vibe/Deepium 2026/MarcelVibe/16/Soulroots & Soul Star - Sala Papa Ye (Extended Mix) - 2025.webm (pass -k to keep)
[Metadata] Adding metadata to "/Users/marcelbuian/projects/mb/marcel-vibe/Deepium 2026/MarcelVibe/16/Soulroots & Soul Star - Sala Papa Ye (Extended Mix) - 2025.mp3"
[EmbedThumbnail] ffmpeg: Adding thumbnail to "/Users/marcelbuian/projects/mb/marcel-vibe/Deepium 2026/MarcelVibe/16/Soulroots & Soul Star - Sala Papa Ye (Extended Mix) - 2025.mp3"
[youtube] Extracting URL: https://www.youtube.com/watch?v=EyqQGwi5jmQ
[youtube] Sleeping 1.0 seconds ...
[youtube] EyqQGwi5jmQ: Downloading webpage
[youtube] Sleeping 1.0 seconds ...
[youtube] EyqQGwi5jmQ: Downloading visionos player API JSON
[youtube] Sleeping 1.0 seconds ...
[youtube] EyqQGwi5jmQ: Downloading m3u8 information
[info] EyqQGwi5jmQ: Downloading 1 format(s): 251
[info] Downloading video thumbnail 41 ...
[info] Writing video thumbnail 41 to: /Users/marcelbuian/projects/mb/marcel-vibe/Deepium 2026/MarcelVibe/16/Black Circle, Bobbi Fallon - Reasons (Extended Mix) - 2022.webp
[ThumbnailsConvertor] Converting thumbnail "/Users/marcelbuian/projects/mb/marcel-vibe/Deepium 2026/MarcelVibe/16/Black Circle, Bobbi Fallon - Reasons (Extended Mix) - 2022.webp" to jpg
Deleting original file /Users/marcelbuian/projects/mb/marcel-vibe/Deepium 2026/MarcelVibe/16/Black Circle, Bobbi Fallon - Reasons (Extended Mix) - 2022.webp (pass -k to keep)
[download] Sleeping 1.65 seconds ...
[download] Destination: /Users/marcelbuian/projects/mb/marcel-vibe/Deepium 2026/MarcelVibe/16/Black Circle, Bobbi Fallon - Reasons (Extended Mix) - 2022.webm

[download]   0.0% of    6.67MiB at  Unknown B/s ETA Unknown
[download]   0.0% of    6.67MiB at  Unknown B/s ETA Unknown
[download]   0.1% of    6.67MiB at  Unknown B/s ETA Unknown
[download]   0.2% of    6.67MiB at  Unknown B/s ETA Unknown
[download]   0.5% of    6.67MiB at    5.25MiB/s ETA 00:01  
[download]   0.9% of    6.67MiB at    5.37MiB/s ETA 00:01
[download]   1.9% of    6.67MiB at    9.08MiB/s ETA 00:00
[download]   3.7% of    6.67MiB at   10.51MiB/s ETA 00:00
[download]   7.5% of    6.67MiB at   14.44MiB/s ETA 00:00
[download]  15.0% of    6.67MiB at   15.23MiB/s ETA 00:00
[download]  30.0% of    6.67MiB at   15.20MiB/s ETA 00:00
[download]  60.0% of    6.67MiB at   23.35MiB/s ETA 00:00
[download] 100.0% of    6.67MiB at   13.03MiB/s ETA 00:00
[download] 100% of    6.67MiB in 00:00:00 at 9.44MiB/s   
[ExtractAudio] Destination: /Users/marcelbuian/projects/mb/marcel-vibe/Deepium 2026/MarcelVibe/16/Black Circle, Bobbi Fallon - Reasons (Extended Mix) - 2022.mp3
Deleting original file /Users/marcelbuian/projects/mb/marcel-vibe/Deepium 2026/MarcelVibe/16/Black Circle, Bobbi Fallon - Reasons (Extended Mix) - 2022.webm (pass -k to keep)
[Metadata] Adding metadata to "/Users/marcelbuian/projects/mb/marcel-vibe/Deepium 2026/MarcelVibe/16/Black Circle, Bobbi Fallon - Reasons (Extended Mix) - 2022.mp3"
[EmbedThumbnail] ffmpeg: Adding thumbnail to "/Users/marcelbuian/projects/mb/marcel-vibe/Deepium 2026/MarcelVibe/16/Black Circle, Bobbi Fallon - Reasons (Extended Mix) - 2022.mp3"
[youtube] Extracting URL: https://www.youtube.com/watch?v=bAjqCTzRO64
[youtube] Sleeping 1.0 seconds ...
[youtube] bAjqCTzRO64: Downloading webpage
[youtube] Sleeping 1.0 seconds ...
[youtube] bAjqCTzRO64: Downloading visionos player API JSON
[youtube] Sleeping 1.0 seconds ...
[youtube] bAjqCTzRO64: Downloading m3u8 information
[info] bAjqCTzRO64: Downloading 1 format(s): 251
[info] Downloading video thumbnail 41 ...
[info] Writing video thumbnail 41 to: /Users/marcelbuian/projects/mb/marcel-vibe/Deepium 2026/MarcelVibe/16/Joan Sebastian & Sinego - Sentimental (Sombras) - Visualizador Oficial - 2025.webp
[ThumbnailsConvertor] Converting thumbnail "/Users/marcelbuian/projects/mb/marcel-vibe/Deepium 2026/MarcelVibe/16/Joan Sebastian & Sinego - Sentimental (Sombras) - Visualizador Oficial - 2025.webp" to jpg
Deleting original file /Users/marcelbuian/projects/mb/marcel-vibe/Deepium 2026/MarcelVibe/16/Joan Sebastian & Sinego - Sentimental (Sombras) - Visualizador Oficial - 2025.webp (pass -k to keep)
[download] Sleeping 2.16 seconds ...
[download] Destination: /Users/marcelbuian/projects/mb/marcel-vibe/Deepium 2026/MarcelVibe/16/Joan Sebastian & Sinego - Sentimental (Sombras) - Visualizador Oficial - 2025.webm

[download]   0.0% of    3.51MiB at  154.44KiB/s ETA 00:23
[download]   0.1% of    3.51MiB at  435.21KiB/s ETA 00:08
[download]   0.2% of    3.51MiB at  973.00KiB/s ETA 00:03
[download]   0.4% of    3.51MiB at    1.98MiB/s ETA 00:01
[download]   0.9% of    3.51MiB at  605.88KiB/s ETA 00:05
[download]   1.8% of    3.51MiB at  705.12KiB/s ETA 00:05
[download]   3.5% of    3.51MiB at  967.27KiB/s ETA 00:03
[download]   7.1% of    3.51MiB at    1.38MiB/s ETA 00:02
[download]  14.2% of    3.51MiB at    2.20MiB/s ETA 00:01
[download]  28.5% of    3.51MiB at    3.67MiB/s ETA 00:00
[download]  57.0% of    3.51MiB at    6.27MiB/s ETA 00:00
[download] 100.0% of    3.51MiB at    9.81MiB/s ETA 00:00
[download] 100% of    3.51MiB in 00:00:00 at 5.52MiB/s   
[ExtractAudio] Destination: /Users/marcelbuian/projects/mb/marcel-vibe/Deepium 2026/MarcelVibe/16/Joan Sebastian & Sinego - Sentimental (Sombras) - Visualizador Oficial - 2025.mp3
Deleting original file /Users/marcelbuian/projects/mb/marcel-vibe/Deepium 2026/MarcelVibe/16/Joan Sebastian & Sinego - Sentimental (Sombras) - Visualizador Oficial - 2025.webm (pass -k to keep)
[Metadata] Adding metadata to "/Users/marcelbuian/projects/mb/marcel-vibe/Deepium 2026/MarcelVibe/16/Joan Sebastian & Sinego - Sentimental (Sombras) - Visualizador Oficial - 2025.mp3"
[EmbedThumbnail] ffmpeg: Adding thumbnail to "/Users/marcelbuian/projects/mb/marcel-vibe/Deepium 2026/MarcelVibe/16/Joan Sebastian & Sinego - Sentimental (Sombras) - Visualizador Oficial - 2025.mp3"
[youtube] Extracting URL: https://www.youtube.com/watch?v=EMo8IhdI3kg
[youtube] Sleeping 1.0 seconds ...
[youtube] EMo8IhdI3kg: Downloading webpage
[youtube] Sleeping 1.0 seconds ...
[youtube] EMo8IhdI3kg: Downloading visionos player API JSON
[youtube] Sleeping 1.0 seconds ...
[youtube] EMo8IhdI3kg: Downloading m3u8 information
[info] EMo8IhdI3kg: Downloading 1 format(s): 251
[info] Downloading video thumbnail 44 ...
[info] Writing video thumbnail 44 to: /Users/marcelbuian/projects/mb/marcel-vibe/Deepium 2026/MarcelVibe/16/D I N - Parakata [MICR007] - 2023.webp
[ThumbnailsConvertor] Converting thumbnail "/Users/marcelbuian/projects/mb/marcel-vibe/Deepium 2026/MarcelVibe/16/D I N - Parakata [MICR007] - 2023.webp" to jpg
Deleting original file /Users/marcelbuian/projects/mb/marcel-vibe/Deepium 2026/MarcelVibe/16/D I N - Parakata [MICR007] - 2023.webp (pass -k to keep)
[download] Sleeping 2.81 seconds ...
[download] Destination: /Users/marcelbuian/projects/mb/marcel-vibe/Deepium 2026/MarcelVibe/16/D I N - Parakata [MICR007] - 2023.webm

[download]   0.0% of    7.13MiB at  462.54KiB/s ETA 00:15
[download]   0.0% of    7.13MiB at    1.23MiB/s ETA 00:05
[download]   0.1% of    7.13MiB at    2.78MiB/s ETA 00:02
[download]   0.2% of    7.13MiB at    5.77MiB/s ETA 00:01
[download]   0.4% of    7.13MiB at    4.26MiB/s ETA 00:01
[download]   0.9% of    7.13MiB at    4.56MiB/s ETA 00:01
[download]   1.7% of    7.13MiB at    7.92MiB/s ETA 00:00
[download]   3.5% of    7.13MiB at   10.80MiB/s ETA 00:00
[download]   7.0% of    7.13MiB at   14.51MiB/s ETA 00:00
[download]  14.0% of    7.13MiB at   14.74MiB/s ETA 00:00
[download]  28.0% of    7.13MiB at   14.87MiB/s ETA 00:00
[download]  56.1% of    7.13MiB at    6.50MiB/s ETA 00:00
[download] 100.0% of    7.13MiB at    8.68MiB/s ETA 00:00
[download] 100% of    7.13MiB in 00:00:01 at 7.13MiB/s   
[ExtractAudio] Destination: /Users/marcelbuian/projects/mb/marcel-vibe/Deepium 2026/MarcelVibe/16/D I N - Parakata [MICR007] - 2023.mp3
Deleting original file /Users/marcelbuian/projects/mb/marcel-vibe/Deepium 2026/MarcelVibe/16/D I N - Parakata [MICR007] - 2023.webm (pass -k to keep)
[Metadata] Adding metadata to "/Users/marcelbuian/projects/mb/marcel-vibe/Deepium 2026/MarcelVibe/16/D I N - Parakata [MICR007] - 2023.mp3"
[EmbedThumbnail] ffmpeg: Adding thumbnail to "/Users/marcelbuian/projects/mb/marcel-vibe/Deepium 2026/MarcelVibe/16/D I N - Parakata [MICR007] - 2023.mp3"
[youtube] Extracting URL: https://www.youtube.com/watch?v=tsgZ0DYCs3Y
[youtube] Sleeping 1.0 seconds ...
[youtube] tsgZ0DYCs3Y: Downloading webpage
[youtube] Sleeping 1.0 seconds ...
[youtube] tsgZ0DYCs3Y: Downloading visionos player API JSON
[youtube] Sleeping 1.0 seconds ...
[youtube] tsgZ0DYCs3Y: Downloading m3u8 information
[info] tsgZ0DYCs3Y: Downloading 1 format(s): 251
[info] Downloading video thumbnail 41 ...
[info] Writing video thumbnail 41 to: /Users/marcelbuian/projects/mb/marcel-vibe/Deepium 2026/MarcelVibe/16/DARNO, Georgo, Beard2Beard, Sham.m.am - Bollywood (Original Mix) - 2024.webp
[ThumbnailsConvertor] Converting thumbnail "/Users/marcelbuian/projects/mb/marcel-vibe/Deepium 2026/MarcelVibe/16/DARNO, Georgo, Beard2Beard, Sham.m.am - Bollywood (Original Mix) - 2024.webp" to jpg
Deleting original file /Users/marcelbuian/projects/mb/marcel-vibe/Deepium 2026/MarcelVibe/16/DARNO, Georgo, Beard2Beard, Sham.m.am - Bollywood (Original Mix) - 2024.webp (pass -k to keep)
[download] Sleeping 1.42 seconds ...
[download] Destination: /Users/marcelbuian/projects/mb/marcel-vibe/Deepium 2026/MarcelVibe/16/DARNO, Georgo, Beard2Beard, Sham.m.am - Bollywood (Original Mix) - 2024.webm

[download]   0.0% of    4.77MiB at   42.52KiB/s ETA 01:54
[download]   0.1% of    4.77MiB at  125.40KiB/s ETA 00:38
[download]   0.1% of    4.77MiB at  289.54KiB/s ETA 00:16
[download]   0.3% of    4.77MiB at  611.22KiB/s ETA 00:07
[download]   0.6% of    4.77MiB at    1.22MiB/s ETA 00:03
[download]   1.3% of    4.77MiB at    1.57MiB/s ETA 00:02
[download]   2.6% of    4.77MiB at    1.45MiB/s ETA 00:03
[download]   5.2% of    4.77MiB at    1.21MiB/s ETA 00:03
[download]  10.5% of    4.77MiB at    1.04MiB/s ETA 00:04
[download]  20.9% of    4.77MiB at    1.05MiB/s ETA 00:03
[download]  41.9% of    4.77MiB at  861.64KiB/s ETA 00:03
[download]  56.6% of    4.77MiB at  614.32KiB/s ETA 00:03
[download]  64.0% of    4.77MiB at  639.97KiB/s ETA 00:02
[download]  78.7% of    4.77MiB at  637.69KiB/s ETA 00:01
[download]  91.6% of    4.77MiB at  635.95KiB/s ETA 00:00
[download] 100.0% of    4.77MiB at  632.16KiB/s ETA 00:00
[download] 100% of    4.77MiB in 00:00:08 at 574.41KiB/s 
[ExtractAudio] Destination: /Users/marcelbuian/projects/mb/marcel-vibe/Deepium 2026/MarcelVibe/16/DARNO, Georgo, Beard2Beard, Sham.m.am - Bollywood (Original Mix) - 2024.mp3
Deleting original file /Users/marcelbuian/projects/mb/marcel-vibe/Deepium 2026/MarcelVibe/16/DARNO, Georgo, Beard2Beard, Sham.m.am - Bollywood (Original Mix) - 2024.webm (pass -k to keep)
[Metadata] Adding metadata to "/Users/marcelbuian/projects/mb/marcel-vibe/Deepium 2026/MarcelVibe/16/DARNO, Georgo, Beard2Beard, Sham.m.am - Bollywood (Original Mix) - 2024.mp3"
[EmbedThumbnail] ffmpeg: Adding thumbnail to "/Users/marcelbuian/projects/mb/marcel-vibe/Deepium 2026/MarcelVibe/16/DARNO, Georgo, Beard2Beard, Sham.m.am - Bollywood (Original Mix) - 2024.mp3"
[youtube] Extracting URL: https://www.youtube.com/watch?v=GNNv_HQTb6I
[youtube] Sleeping 1.0 seconds ...
[youtube] GNNv_HQTb6I: Downloading webpage
[youtube] Sleeping 1.0 seconds ...
[youtube] GNNv_HQTb6I: Downloading visionos player API JSON
[youtube] Sleeping 1.0 seconds ...
[youtube] GNNv_HQTb6I: Downloading m3u8 information
[info] GNNv_HQTb6I: Downloading 1 format(s): 251
[info] Downloading video thumbnail 44 ...
[info] Writing video thumbnail 44 to: /Users/marcelbuian/projects/mb/marcel-vibe/Deepium 2026/MarcelVibe/16/Maxim Zatonski & Ivor Zegra - Welcome To Qatar - 2025.webp
[ThumbnailsConvertor] Converting thumbnail "/Users/marcelbuian/projects/mb/marcel-vibe/Deepium 2026/MarcelVibe/16/Maxim Zatonski & Ivor Zegra - Welcome To Qatar - 2025.webp" to jpg
Deleting original file /Users/marcelbuian/projects/mb/marcel-vibe/Deepium 2026/MarcelVibe/16/Maxim Zatonski & Ivor Zegra - Welcome To Qatar - 2025.webp (pass -k to keep)
[download] Sleeping 1.97 seconds ...
[download] Destination: /Users/marcelbuian/projects/mb/marcel-vibe/Deepium 2026/MarcelVibe/16/Maxim Zatonski & Ivor Zegra - Welcome To Qatar - 2025.webm

[download]   0.0% of    7.92MiB at  538.49KiB/s ETA 00:15
[download]   0.0% of    7.92MiB at    1.19MiB/s ETA 00:06
[download]   0.1% of    7.92MiB at    2.45MiB/s ETA 00:03
[download]   0.2% of    7.92MiB at    4.40MiB/s ETA 00:01
[download]   0.4% of    7.92MiB at    4.84MiB/s ETA 00:01
[download]   0.8% of    7.92MiB at    5.79MiB/s ETA 00:01
[download]   1.6% of    7.92MiB at    7.17MiB/s ETA 00:01
[download]   3.1% of    7.92MiB at   10.48MiB/s ETA 00:00
[download]   6.3% of    7.92MiB at   15.32MiB/s ETA 00:00
[download]  12.6% of    7.92MiB at    9.76MiB/s ETA 00:00
[download]  25.2% of    7.92MiB at    7.34MiB/s ETA 00:00
[download]  50.5% of    7.92MiB at    7.79MiB/s ETA 00:00
[download] 100.0% of    7.92MiB at   10.23MiB/s ETA 00:00
[download] 100% of    7.92MiB in 00:00:01 at 7.52MiB/s   
[ExtractAudio] Destination: /Users/marcelbuian/projects/mb/marcel-vibe/Deepium 2026/MarcelVibe/16/Maxim Zatonski & Ivor Zegra - Welcome To Qatar - 2025.mp3
Deleting original file /Users/marcelbuian/projects/mb/marcel-vibe/Deepium 2026/MarcelVibe/16/Maxim Zatonski & Ivor Zegra - Welcome To Qatar - 2025.webm (pass -k to keep)
[Metadata] Adding metadata to "/Users/marcelbuian/projects/mb/marcel-vibe/Deepium 2026/MarcelVibe/16/Maxim Zatonski & Ivor Zegra - Welcome To Qatar - 2025.mp3"
[EmbedThumbnail] ffmpeg: Adding thumbnail to "/Users/marcelbuian/projects/mb/marcel-vibe/Deepium 2026/MarcelVibe/16/Maxim Zatonski & Ivor Zegra - Welcome To Qatar - 2025.mp3"
[youtube] Extracting URL: https://www.youtube.com/watch?v=QcW2vstWjqU
[youtube] Sleeping 1.0 seconds ...
[youtube] QcW2vstWjqU: Downloading webpage
[youtube] Sleeping 1.0 seconds ...
[youtube] QcW2vstWjqU: Downloading visionos player API JSON
[youtube] Sleeping 1.0 seconds ...
[youtube] QcW2vstWjqU: Downloading m3u8 information
[info] QcW2vstWjqU: Downloading 1 format(s): 251
[info] Downloading video thumbnail 44 ...
[info] Writing video thumbnail 44 to: /Users/marcelbuian/projects/mb/marcel-vibe/Deepium 2026/MarcelVibe/16/Backeer & Elline - Nikotam (Original Mix) - 2023.webp
[ThumbnailsConvertor] Converting thumbnail "/Users/marcelbuian/projects/mb/marcel-vibe/Deepium 2026/MarcelVibe/16/Backeer & Elline - Nikotam (Original Mix) - 2023.webp" to jpg
Deleting original file /Users/marcelbuian/projects/mb/marcel-vibe/Deepium 2026/MarcelVibe/16/Backeer & Elline - Nikotam (Original Mix) - 2023.webp (pass -k to keep)
[download] Sleeping 2.55 seconds ...
[download] Destination: /Users/marcelbuian/projects/mb/marcel-vibe/Deepium 2026/MarcelVibe/16/Backeer & Elline - Nikotam (Original Mix) - 2023.webm

[download]   0.0% of    4.95MiB at  491.14KiB/s ETA 00:10
[download]   0.1% of    4.95MiB at    1.30MiB/s ETA 00:03
[download]   0.1% of    4.95MiB at    2.91MiB/s ETA 00:01
[download]   0.3% of    4.95MiB at    6.00MiB/s ETA 00:00
[download]   0.6% of    4.95MiB at    4.83MiB/s ETA 00:01
[download]   1.2% of    4.95MiB at    5.83MiB/s ETA 00:00
[download]   2.5% of    4.95MiB at    7.26MiB/s ETA 00:00
[download]   5.0% of    4.95MiB at   10.13MiB/s ETA 00:00
[download]  10.1% of    4.95MiB at   15.73MiB/s ETA 00:00
[download]  20.2% of    4.95MiB at   14.73MiB/s ETA 00:00
[download]  40.4% of    4.95MiB at   14.97MiB/s ETA 00:00
[download]  80.8% of    4.95MiB at    7.12MiB/s ETA 00:00
[download] 100.0% of    4.95MiB at    8.47MiB/s ETA 00:00
[download] 100% of    4.95MiB in 00:00:00 at 6.53MiB/s   
[ExtractAudio] Destination: /Users/marcelbuian/projects/mb/marcel-vibe/Deepium 2026/MarcelVibe/16/Backeer & Elline - Nikotam (Original Mix) - 2023.mp3
Deleting original file /Users/marcelbuian/projects/mb/marcel-vibe/Deepium 2026/MarcelVibe/16/Backeer & Elline - Nikotam (Original Mix) - 2023.webm (pass -k to keep)
[Metadata] Adding metadata to "/Users/marcelbuian/projects/mb/marcel-vibe/Deepium 2026/MarcelVibe/16/Backeer & Elline - Nikotam (Original Mix) - 2023.mp3"
[EmbedThumbnail] ffmpeg: Adding thumbnail to "/Users/marcelbuian/projects/mb/marcel-vibe/Deepium 2026/MarcelVibe/16/Backeer & Elline - Nikotam (Original Mix) - 2023.mp3"
[youtube] Extracting URL: https://www.youtube.com/watch?v=K3pewBbC7qc
[youtube] Sleeping 1.0 seconds ...
[youtube] K3pewBbC7qc: Downloading webpage
[youtube] Sleeping 1.0 seconds ...
[youtube] K3pewBbC7qc: Downloading visionos player API JSON
[youtube] Sleeping 1.0 seconds ...
[youtube] K3pewBbC7qc: Downloading m3u8 information
[info] K3pewBbC7qc: Downloading 1 format(s): 251
[info] Downloading video thumbnail 43 ...
[info] Video Thumbnail 43 does not exist
[info] Downloading video thumbnail 42 ...
[info] Video Thumbnail 42 does not exist
[info] Downloading video thumbnail 41 ...
[info] Video Thumbnail 41 does not exist
[info] Downloading video thumbnail 40 ...
[info] Video Thumbnail 40 does not exist
[info] Downloading video thumbnail 39 ...
[info] Writing video thumbnail 39 to: /Users/marcelbuian/projects/mb/marcel-vibe/Deepium 2026/MarcelVibe/16/AMÉMÉ - TORERO (Extended Mix) [BLACK BOOK RECORDS] - 2024.webp
[ThumbnailsConvertor] Converting thumbnail "/Users/marcelbuian/projects/mb/marcel-vibe/Deepium 2026/MarcelVibe/16/AMÉMÉ - TORERO (Extended Mix) [BLACK BOOK RECORDS] - 2024.webp" to jpg
Deleting original file /Users/marcelbuian/projects/mb/marcel-vibe/Deepium 2026/MarcelVibe/16/AMÉMÉ - TORERO (Extended Mix) [BLACK BOOK RECORDS] - 2024.webp (pass -k to keep)
[download] Sleeping 1.12 seconds ...
[download] Destination: /Users/marcelbuian/projects/mb/marcel-vibe/Deepium 2026/MarcelVibe/16/AMÉMÉ - TORERO (Extended Mix) [BLACK BOOK RECORDS] - 2024.webm

[download]   0.0% of    6.32MiB at  122.83KiB/s ETA 00:52
[download]   0.0% of    6.32MiB at  343.99KiB/s ETA 00:18
[download]   0.1% of    6.32MiB at  781.50KiB/s ETA 00:08
[download]   0.2% of    6.32MiB at    1.57MiB/s ETA 00:04
[download]   0.5% of    6.32MiB at  690.68KiB/s ETA 00:09
[download]   1.0% of    6.32MiB at  739.62KiB/s ETA 00:08
[download]   2.0% of    6.32MiB at 1022.22KiB/s ETA 00:06
[download]   3.9% of    6.32MiB at    1.43MiB/s ETA 00:04
[download]   7.9% of    6.32MiB at    2.27MiB/s ETA 00:02
[download]  15.8% of    6.32MiB at    3.78MiB/s ETA 00:01
[download]  31.6% of    6.32MiB at    6.45MiB/s ETA 00:00
[download]  63.3% of    6.32MiB at   10.97MiB/s ETA 00:00
[download] 100.0% of    6.32MiB at   13.41MiB/s ETA 00:00
[download] 100% of    6.32MiB in 00:00:00 at 9.80MiB/s   
[ExtractAudio] Destination: /Users/marcelbuian/projects/mb/marcel-vibe/Deepium 2026/MarcelVibe/16/AMÉMÉ - TORERO (Extended Mix) [BLACK BOOK RECORDS] - 2024.mp3
Deleting original file /Users/marcelbuian/projects/mb/marcel-vibe/Deepium 2026/MarcelVibe/16/AMÉMÉ - TORERO (Extended Mix) [BLACK BOOK RECORDS] - 2024.webm (pass -k to keep)
[Metadata] Adding metadata to "/Users/marcelbuian/projects/mb/marcel-vibe/Deepium 2026/MarcelVibe/16/AMÉMÉ - TORERO (Extended Mix) [BLACK BOOK RECORDS] - 2024.mp3"
[EmbedThumbnail] ffmpeg: Adding thumbnail to "/Users/marcelbuian/projects/mb/marcel-vibe/Deepium 2026/MarcelVibe/16/AMÉMÉ - TORERO (Extended Mix) [BLACK BOOK RECORDS] - 2024.mp3"
[youtube] Extracting URL: https://www.youtube.com/watch?v=bW_es4-uLto
[youtube] Sleeping 1.0 seconds ...
[youtube] bW_es4-uLto: Downloading webpage
[youtube] Sleeping 1.0 seconds ...
[youtube] bW_es4-uLto: Downloading visionos player API JSON
[youtube] Sleeping 1.0 seconds ...
[youtube] bW_es4-uLto: Downloading m3u8 information
[info] bW_es4-uLto: Downloading 1 format(s): 251
[info] Downloading video thumbnail 41 ...
[info] Writing video thumbnail 41 to: /Users/marcelbuian/projects/mb/marcel-vibe/Deepium 2026/MarcelVibe/16/Neil Amarey - La Tromba (Edit) @beatport2.0 - 2023.webp
[ThumbnailsConvertor] Converting thumbnail "/Users/marcelbuian/projects/mb/marcel-vibe/Deepium 2026/MarcelVibe/16/Neil Amarey - La Tromba (Edit) @beatport2.0 - 2023.webp" to jpg
Deleting original file /Users/marcelbuian/projects/mb/marcel-vibe/Deepium 2026/MarcelVibe/16/Neil Amarey - La Tromba (Edit) @beatport2.0 - 2023.webp (pass -k to keep)
[download] Sleeping 1.98 seconds ...
[download] Destination: /Users/marcelbuian/projects/mb/marcel-vibe/Deepium 2026/MarcelVibe/16/Neil Amarey - La Tromba (Edit) @beatport2.0 - 2023.webm

[download]   0.0% of    2.44MiB at  446.44KiB/s ETA 00:05
[download]   0.1% of    2.44MiB at    1.21MiB/s ETA 00:02
[download]   0.3% of    2.44MiB at    2.72MiB/s ETA 00:00
[download]   0.6% of    2.44MiB at    5.68MiB/s ETA 00:00
[download]   1.2% of    2.44MiB at    4.17MiB/s ETA 00:00
[download]   2.5% of    2.44MiB at    4.61MiB/s ETA 00:00
[download]   5.1% of    2.44MiB at    7.08MiB/s ETA 00:00
[download]  10.2% of    2.44MiB at    9.02MiB/s ETA 00:00
[download]  20.5% of    2.44MiB at   14.07MiB/s ETA 00:00
[download]  41.0% of    2.44MiB at   14.92MiB/s ETA 00:00
[download]  82.1% of    2.44MiB at    3.81MiB/s ETA 00:00
[download] 100.0% of    2.44MiB at    4.41MiB/s ETA 00:00
[download] 100% of    2.44MiB in 00:00:01 at 2.35MiB/s   
[ExtractAudio] Destination: /Users/marcelbuian/projects/mb/marcel-vibe/Deepium 2026/MarcelVibe/16/Neil Amarey - La Tromba (Edit) @beatport2.0 - 2023.mp3
Deleting original file /Users/marcelbuian/projects/mb/marcel-vibe/Deepium 2026/MarcelVibe/16/Neil Amarey - La Tromba (Edit) @beatport2.0 - 2023.webm (pass -k to keep)
[Metadata] Adding metadata to "/Users/marcelbuian/projects/mb/marcel-vibe/Deepium 2026/MarcelVibe/16/Neil Amarey - La Tromba (Edit) @beatport2.0 - 2023.mp3"
[EmbedThumbnail] ffmpeg: Adding thumbnail to "/Users/marcelbuian/projects/mb/marcel-vibe/Deepium 2026/MarcelVibe/16/Neil Amarey - La Tromba (Edit) @beatport2.0 - 2023.mp3"
[youtube] Extracting URL: https://www.youtube.com/watch?v=hb6ejrqhaGY
[youtube] Sleeping 1.0 seconds ...
[youtube] hb6ejrqhaGY: Downloading webpage
[youtube] Sleeping 1.0 seconds ...
[youtube] hb6ejrqhaGY: Downloading visionos player API JSON
[youtube] Sleeping 1.0 seconds ...
[youtube] hb6ejrqhaGY: Downloading m3u8 information
[info] hb6ejrqhaGY: Downloading 1 format(s): 251
[info] Downloading video thumbnail 41 ...
[info] Writing video thumbnail 41 to: /Users/marcelbuian/projects/mb/marcel-vibe/Deepium 2026/MarcelVibe/16/Dj Dark, Mentol - Zorba's Dance (Sirtaki) (Extended) - 2025.webp
[ThumbnailsConvertor] Converting thumbnail "/Users/marcelbuian/projects/mb/marcel-vibe/Deepium 2026/MarcelVibe/16/Dj Dark, Mentol - Zorba's Dance (Sirtaki) (Extended) - 2025.webp" to jpg
Deleting original file /Users/marcelbuian/projects/mb/marcel-vibe/Deepium 2026/MarcelVibe/16/Dj Dark, Mentol - Zorba's Dance (Sirtaki) (Extended) - 2025.webp (pass -k to keep)
[download] Sleeping 1.62 seconds ...
[download] Destination: /Users/marcelbuian/projects/mb/marcel-vibe/Deepium 2026/MarcelVibe/16/Dj Dark, Mentol - Zorba's Dance (Sirtaki) (Extended) - 2025.webm

[download]   0.0% of    6.58MiB at  441.88KiB/s ETA 00:15
[download]   0.0% of    6.58MiB at    1.11MiB/s ETA 00:05
[download]   0.1% of    6.58MiB at    2.40MiB/s ETA 00:02
[download]   0.2% of    6.58MiB at    4.86MiB/s ETA 00:01
[download]   0.5% of    6.58MiB at    3.77MiB/s ETA 00:01
[download]   0.9% of    6.58MiB at    5.35MiB/s ETA 00:01
[download]   1.9% of    6.58MiB at    7.32MiB/s ETA 00:00
[download]   3.8% of    6.58MiB at   10.59MiB/s ETA 00:00
[download]   7.6% of    6.58MiB at   14.41MiB/s ETA 00:00
[download]  15.2% of    6.58MiB at   15.49MiB/s ETA 00:00
[download]  30.4% of    6.58MiB at   15.15MiB/s ETA 00:00
[download]  60.7% of    6.58MiB at   22.03MiB/s ETA 00:00
[download] 100.0% of    6.58MiB at   14.63MiB/s ETA 00:00
[download] 100% of    6.58MiB in 00:00:00 at 9.88MiB/s   
[ExtractAudio] Destination: /Users/marcelbuian/projects/mb/marcel-vibe/Deepium 2026/MarcelVibe/16/Dj Dark, Mentol - Zorba's Dance (Sirtaki) (Extended) - 2025.mp3
Deleting original file /Users/marcelbuian/projects/mb/marcel-vibe/Deepium 2026/MarcelVibe/16/Dj Dark, Mentol - Zorba's Dance (Sirtaki) (Extended) - 2025.webm (pass -k to keep)
[Metadata] Adding metadata to "/Users/marcelbuian/projects/mb/marcel-vibe/Deepium 2026/MarcelVibe/16/Dj Dark, Mentol - Zorba's Dance (Sirtaki) (Extended) - 2025.mp3"
[EmbedThumbnail] ffmpeg: Adding thumbnail to "/Users/marcelbuian/projects/mb/marcel-vibe/Deepium 2026/MarcelVibe/16/Dj Dark, Mentol - Zorba's Dance (Sirtaki) (Extended) - 2025.mp3"
[youtube] Extracting URL: https://www.youtube.com/watch?v=l1m3n-N-xvA
[youtube] Sleeping 1.0 seconds ...
[youtube] l1m3n-N-xvA: Downloading webpage
[youtube] Sleeping 1.0 seconds ...
[youtube] l1m3n-N-xvA: Downloading visionos player API JSON
[youtube] Sleeping 1.0 seconds ...
[youtube] l1m3n-N-xvA: Downloading m3u8 information
[info] l1m3n-N-xvA: Downloading 1 format(s): 251
[info] Downloading video thumbnail 44 ...
[info] Writing video thumbnail 44 to: /Users/marcelbuian/projects/mb/marcel-vibe/Deepium 2026/MarcelVibe/16/No Parachute, Dan Tanev ft. Lizwi - Inxeba (Original Mix) [Scandalosa Records] - 2025.webp
[ThumbnailsConvertor] Converting thumbnail "/Users/marcelbuian/projects/mb/marcel-vibe/Deepium 2026/MarcelVibe/16/No Parachute, Dan Tanev ft. Lizwi - Inxeba (Original Mix) [Scandalosa Records] - 2025.webp" to jpg
Deleting original file /Users/marcelbuian/projects/mb/marcel-vibe/Deepium 2026/MarcelVibe/16/No Parachute, Dan Tanev ft. Lizwi - Inxeba (Original Mix) [Scandalosa Records] - 2025.webp (pass -k to keep)
[download] Sleeping 1.70 seconds ...
[download] Destination: /Users/marcelbuian/projects/mb/marcel-vibe/Deepium 2026/MarcelVibe/16/No Parachute, Dan Tanev ft. Lizwi - Inxeba (Original Mix) [Scandalosa Records] - 2025.webm

[download]   0.0% of    5.96MiB at  132.75KiB/s ETA 00:46
[download]   0.0% of    5.96MiB at  374.80KiB/s ETA 00:16
[download]   0.1% of    5.96MiB at  846.53KiB/s ETA 00:07
[download]   0.2% of    5.96MiB at    1.73MiB/s ETA 00:03
[download]   0.5% of    5.96MiB at    1.98MiB/s ETA 00:03
[download]   1.0% of    5.96MiB at    3.36MiB/s ETA 00:01
[download]   2.1% of    5.96MiB at    4.38MiB/s ETA 00:01
[download]   4.2% of    5.96MiB at    6.06MiB/s ETA 00:00
[download]   8.4% of    5.96MiB at    6.17MiB/s ETA 00:00
[download]  16.8% of    5.96MiB at    6.53MiB/s ETA 00:00
[download]  33.5% of    5.96MiB at    4.88MiB/s ETA 00:00
[download]  67.1% of    5.96MiB at    1.09MiB/s ETA 00:01
[download]  83.9% of    5.96MiB at    1.04MiB/s ETA 00:00
[download]  98.2% of    5.96MiB at  870.77KiB/s ETA 00:00
[download] 100.0% of    5.96MiB at  864.44KiB/s ETA 00:00
[download] 100% of    5.96MiB in 00:00:07 at 846.76KiB/s 
[ExtractAudio] Destination: /Users/marcelbuian/projects/mb/marcel-vibe/Deepium 2026/MarcelVibe/16/No Parachute, Dan Tanev ft. Lizwi - Inxeba (Original Mix) [Scandalosa Records] - 2025.mp3
Deleting original file /Users/marcelbuian/projects/mb/marcel-vibe/Deepium 2026/MarcelVibe/16/No Parachute, Dan Tanev ft. Lizwi - Inxeba (Original Mix) [Scandalosa Records] - 2025.webm (pass -k to keep)
[Metadata] Adding metadata to "/Users/marcelbuian/projects/mb/marcel-vibe/Deepium 2026/MarcelVibe/16/No Parachute, Dan Tanev ft. Lizwi - Inxeba (Original Mix) [Scandalosa Records] - 2025.mp3"
[EmbedThumbnail] ffmpeg: Adding thumbnail to "/Users/marcelbuian/projects/mb/marcel-vibe/Deepium 2026/MarcelVibe/16/No Parachute, Dan Tanev ft. Lizwi - Inxeba (Original Mix) [Scandalosa Records] - 2025.mp3"
[youtube] Extracting URL: https://www.youtube.com/watch?v=G0Am4508bvI
[youtube] Sleeping 1.0 seconds ...
[youtube] G0Am4508bvI: Downloading webpage
[youtube] Sleeping 1.0 seconds ...
[youtube] G0Am4508bvI: Downloading visionos player API JSON
[youtube] Sleeping 1.0 seconds ...
[youtube] G0Am4508bvI: Downloading m3u8 information
[info] G0Am4508bvI: Downloading 1 format(s): 251
[info] Downloading video thumbnail 44 ...
[info] Writing video thumbnail 44 to: /Users/marcelbuian/projects/mb/marcel-vibe/Deepium 2026/MarcelVibe/16/Danny Slim - Haide - 2022.webp
[ThumbnailsConvertor] Converting thumbnail "/Users/marcelbuian/projects/mb/marcel-vibe/Deepium 2026/MarcelVibe/16/Danny Slim - Haide - 2022.webp" to jpg
Deleting original file /Users/marcelbuian/projects/mb/marcel-vibe/Deepium 2026/MarcelVibe/16/Danny Slim - Haide - 2022.webp (pass -k to keep)
[download] Sleeping 1.58 seconds ...
[download] Destination: /Users/marcelbuian/projects/mb/marcel-vibe/Deepium 2026/MarcelVibe/16/Danny Slim - Haide - 2022.webm

[download]   0.0% of    3.52MiB at  528.65KiB/s ETA 00:06
[download]   0.1% of    3.52MiB at    1.21MiB/s ETA 00:02
[download]   0.2% of    3.52MiB at    2.54MiB/s ETA 00:01
[download]   0.4% of    3.52MiB at    5.07MiB/s ETA 00:00
[download]   0.9% of    3.52MiB at    4.94MiB/s ETA 00:00
[download]   1.7% of    3.52MiB at    5.85MiB/s ETA 00:00
[download]   3.5% of    3.52MiB at    7.35MiB/s ETA 00:00
[download]   7.1% of    3.52MiB at    9.70MiB/s ETA 00:00
[download]  14.2% of    3.52MiB at   14.32MiB/s ETA 00:00
[download]  28.4% of    3.52MiB at   14.82MiB/s ETA 00:00
[download]  56.8% of    3.52MiB at   14.82MiB/s ETA 00:00
[download] 100.0% of    3.52MiB at   21.35MiB/s ETA 00:00
[download] 100% of    3.52MiB in 00:00:01 at 2.15MiB/s   
[ExtractAudio] Destination: /Users/marcelbuian/projects/mb/marcel-vibe/Deepium 2026/MarcelVibe/16/Danny Slim - Haide - 2022.mp3
Deleting original file /Users/marcelbuian/projects/mb/marcel-vibe/Deepium 2026/MarcelVibe/16/Danny Slim - Haide - 2022.webm (pass -k to keep)
[Metadata] Adding metadata to "/Users/marcelbuian/projects/mb/marcel-vibe/Deepium 2026/MarcelVibe/16/Danny Slim - Haide - 2022.mp3"
[EmbedThumbnail] ffmpeg: Adding thumbnail to "/Users/marcelbuian/projects/mb/marcel-vibe/Deepium 2026/MarcelVibe/16/Danny Slim - Haide - 2022.mp3"
[youtube] Extracting URL: https://www.youtube.com/watch?v=QbJl15odj2o
[youtube] Sleeping 1.0 seconds ...
[youtube] QbJl15odj2o: Downloading webpage
[youtube] Sleeping 1.0 seconds ...
[youtube] QbJl15odj2o: Downloading visionos player API JSON
[youtube] Sleeping 1.0 seconds ...
[youtube] QbJl15odj2o: Downloading m3u8 information
[info] QbJl15odj2o: Downloading 1 format(s): 251
[info] Downloading video thumbnail 44 ...
[info] Writing video thumbnail 44 to: /Users/marcelbuian/projects/mb/marcel-vibe/Deepium 2026/MarcelVibe/16/Tebra - Aberdar (Original Mix) - #afrohouse - 2025.webp
[ThumbnailsConvertor] Converting thumbnail "/Users/marcelbuian/projects/mb/marcel-vibe/Deepium 2026/MarcelVibe/16/Tebra - Aberdar (Original Mix) - #afrohouse - 2025.webp" to jpg
Deleting original file /Users/marcelbuian/projects/mb/marcel-vibe/Deepium 2026/MarcelVibe/16/Tebra - Aberdar (Original Mix) - #afrohouse - 2025.webp (pass -k to keep)
[download] Sleeping 1.16 seconds ...
[download] Destination: /Users/marcelbuian/projects/mb/marcel-vibe/Deepium 2026/MarcelVibe/16/Tebra - Aberdar (Original Mix) - #afrohouse - 2025.webm

[download]   0.0% of    5.22MiB at  768.61KiB/s ETA 00:07
[download]   0.1% of    5.22MiB at    1.93MiB/s ETA 00:02
[download]   0.1% of    5.22MiB at    4.26MiB/s ETA 00:01
[download]   0.3% of    5.22MiB at    8.74MiB/s ETA 00:00
[download]   0.6% of    5.22MiB at   17.20MiB/s ETA 00:00
[download]   1.2% of    5.22MiB at   32.67MiB/s ETA 00:00
[download]   2.4% of    5.22MiB at   15.02MiB/s ETA 00:00
[download]   4.8% of    5.22MiB at   14.28MiB/s ETA 00:00
[download]   9.6% of    5.22MiB at   14.77MiB/s ETA 00:00
[download]  19.1% of    5.22MiB at   14.69MiB/s ETA 00:00
[download]  38.3% of    5.22MiB at   14.74MiB/s ETA 00:00
[download]  76.6% of    5.22MiB at    9.47MiB/s ETA 00:00
[download] 100.0% of    5.22MiB at   11.74MiB/s ETA 00:00
[download] 100% of    5.22MiB in 00:00:00 at 7.42MiB/s   
[ExtractAudio] Destination: /Users/marcelbuian/projects/mb/marcel-vibe/Deepium 2026/MarcelVibe/16/Tebra - Aberdar (Original Mix) - #afrohouse - 2025.mp3
Deleting original file /Users/marcelbuian/projects/mb/marcel-vibe/Deepium 2026/MarcelVibe/16/Tebra - Aberdar (Original Mix) - #afrohouse - 2025.webm (pass -k to keep)
[Metadata] Adding metadata to "/Users/marcelbuian/projects/mb/marcel-vibe/Deepium 2026/MarcelVibe/16/Tebra - Aberdar (Original Mix) - #afrohouse - 2025.mp3"
[EmbedThumbnail] ffmpeg: Adding thumbnail to "/Users/marcelbuian/projects/mb/marcel-vibe/Deepium 2026/MarcelVibe/16/Tebra - Aberdar (Original Mix) - #afrohouse - 2025.mp3"
[youtube] Extracting URL: https://www.youtube.com/watch?v=eVqEKeH5qdc
[youtube] Sleeping 1.0 seconds ...
[youtube] eVqEKeH5qdc: Downloading webpage
[youtube] Sleeping 1.0 seconds ...
[youtube] eVqEKeH5qdc: Downloading visionos player API JSON
[youtube] Sleeping 1.0 seconds ...
[youtube] eVqEKeH5qdc: Downloading m3u8 information
[info] eVqEKeH5qdc: Downloading 1 format(s): 251
[info] Downloading video thumbnail 41 ...
[info] Writing video thumbnail 41 to: /Users/marcelbuian/projects/mb/marcel-vibe/Deepium 2026/MarcelVibe/16/Felipe Puertes - Dope Shit [Make The Girls Dance Records] - 2025.webp
[ThumbnailsConvertor] Converting thumbnail "/Users/marcelbuian/projects/mb/marcel-vibe/Deepium 2026/MarcelVibe/16/Felipe Puertes - Dope Shit [Make The Girls Dance Records] - 2025.webp" to jpg
Deleting original file /Users/marcelbuian/projects/mb/marcel-vibe/Deepium 2026/MarcelVibe/16/Felipe Puertes - Dope Shit [Make The Girls Dance Records] - 2025.webp (pass -k to keep)
[download] Sleeping 1.03 seconds ...
[download] Destination: /Users/marcelbuian/projects/mb/marcel-vibe/Deepium 2026/MarcelVibe/16/Felipe Puertes - Dope Shit [Make The Girls Dance Records] - 2025.webm

[download]   0.0% of    3.13MiB at  485.17KiB/s ETA 00:06
[download]   0.1% of    3.13MiB at    1.19MiB/s ETA 00:02
[download]   0.2% of    3.13MiB at    2.61MiB/s ETA 00:01
[download]   0.5% of    3.13MiB at    5.31MiB/s ETA 00:00
[download]   1.0% of    3.13MiB at    2.93MiB/s ETA 00:01
[download]   2.0% of    3.13MiB at    5.46MiB/s ETA 00:00
[download]   4.0% of    3.13MiB at    6.18MiB/s ETA 00:00
[download]   7.9% of    3.13MiB at    9.29MiB/s ETA 00:00
[download]  15.9% of    3.13MiB at   13.23MiB/s ETA 00:00
[download]  31.9% of    3.13MiB at   15.07MiB/s ETA 00:00
[download]  63.8% of    3.13MiB at    6.36MiB/s ETA 00:00
[download] 100.0% of    3.13MiB at    7.89MiB/s ETA 00:00
[download] 100% of    3.13MiB in 00:00:00 at 4.54MiB/s   
[ExtractAudio] Destination: /Users/marcelbuian/projects/mb/marcel-vibe/Deepium 2026/MarcelVibe/16/Felipe Puertes - Dope Shit [Make The Girls Dance Records] - 2025.mp3
Deleting original file /Users/marcelbuian/projects/mb/marcel-vibe/Deepium 2026/MarcelVibe/16/Felipe Puertes - Dope Shit [Make The Girls Dance Records] - 2025.webm (pass -k to keep)
[Metadata] Adding metadata to "/Users/marcelbuian/projects/mb/marcel-vibe/Deepium 2026/MarcelVibe/16/Felipe Puertes - Dope Shit [Make The Girls Dance Records] - 2025.mp3"
[EmbedThumbnail] ffmpeg: Adding thumbnail to "/Users/marcelbuian/projects/mb/marcel-vibe/Deepium 2026/MarcelVibe/16/Felipe Puertes - Dope Shit [Make The Girls Dance Records] - 2025.mp3"
Reading URLs from STDIN - EOF (Ctrl+D) to end:

===== 17 (#17 - 2025-09-27 Blue Hole, Gozo) 15:33:38
[youtube] Extracting URL: https://www.youtube.com/watch?v=bUhnnI4Umno
[youtube] bUhnnI4Umno: Downloading webpage
[youtube] Sleeping 1.0 seconds ...
[youtube] bUhnnI4Umno: Downloading visionos player API JSON
[youtube] Sleeping 1.0 seconds ...
[youtube] bUhnnI4Umno: Downloading m3u8 information
[info] bUhnnI4Umno: Downloading 1 format(s): 251
[info] Downloading video thumbnail 43 ...
[info] Video Thumbnail 43 does not exist
[info] Downloading video thumbnail 42 ...
[info] Video Thumbnail 42 does not exist
[info] Downloading video thumbnail 41 ...
[info] Video Thumbnail 41 does not exist
[info] Downloading video thumbnail 40 ...
[info] Video Thumbnail 40 does not exist
[info] Downloading video thumbnail 39 ...
[info] Writing video thumbnail 39 to: /Users/marcelbuian/projects/mb/marcel-vibe/Deepium 2026/MarcelVibe/17/Safar (FR) - Voodoo People - 2022.webp
[ThumbnailsConvertor] Converting thumbnail "/Users/marcelbuian/projects/mb/marcel-vibe/Deepium 2026/MarcelVibe/17/Safar (FR) - Voodoo People - 2022.webp" to jpg
Deleting original file /Users/marcelbuian/projects/mb/marcel-vibe/Deepium 2026/MarcelVibe/17/Safar (FR) - Voodoo People - 2022.webp (pass -k to keep)
[download] Sleeping 1.59 seconds ...
[download] Destination: /Users/marcelbuian/projects/mb/marcel-vibe/Deepium 2026/MarcelVibe/17/Safar (FR) - Voodoo People - 2022.webm

[download]   0.0% of    6.97MiB at  366.83KiB/s ETA 00:19
[download]   0.0% of    6.97MiB at    1.00MiB/s ETA 00:06
[download]   0.1% of    6.97MiB at    2.27MiB/s ETA 00:03
[download]   0.2% of    6.97MiB at    4.74MiB/s ETA 00:01
[download]   0.4% of    6.97MiB at    4.42MiB/s ETA 00:01
[download]   0.9% of    6.97MiB at    4.40MiB/s ETA 00:01
[download]   1.8% of    6.97MiB at    5.59MiB/s ETA 00:01
[download]   3.6% of    6.97MiB at    8.12MiB/s ETA 00:00
[download]   7.2% of    6.97MiB at   11.00MiB/s ETA 00:00
[download]  14.3% of    6.97MiB at   15.13MiB/s ETA 00:00
[download]  28.7% of    6.97MiB at   11.66MiB/s ETA 00:00
[download]  57.4% of    6.97MiB at   18.17MiB/s ETA 00:00
[download] 100.0% of    6.97MiB at   16.40MiB/s ETA 00:00
[download] 100% of    6.97MiB in 00:00:00 at 10.43MiB/s  
[ExtractAudio] Destination: /Users/marcelbuian/projects/mb/marcel-vibe/Deepium 2026/MarcelVibe/17/Safar (FR) - Voodoo People - 2022.mp3
Deleting original file /Users/marcelbuian/projects/mb/marcel-vibe/Deepium 2026/MarcelVibe/17/Safar (FR) - Voodoo People - 2022.webm (pass -k to keep)
[Metadata] Adding metadata to "/Users/marcelbuian/projects/mb/marcel-vibe/Deepium 2026/MarcelVibe/17/Safar (FR) - Voodoo People - 2022.mp3"
[EmbedThumbnail] ffmpeg: Adding thumbnail to "/Users/marcelbuian/projects/mb/marcel-vibe/Deepium 2026/MarcelVibe/17/Safar (FR) - Voodoo People - 2022.mp3"
[youtube] Extracting URL: https://www.youtube.com/watch?v=QrkziFWrZ04
[youtube] Sleeping 1.0 seconds ...
[youtube] QrkziFWrZ04: Downloading webpage
[youtube] Sleeping 1.0 seconds ...
[youtube] QrkziFWrZ04: Downloading visionos player API JSON
[youtube] Sleeping 1.0 seconds ...
[youtube] QrkziFWrZ04: Downloading m3u8 information
[info] QrkziFWrZ04: Downloading 1 format(s): 251
[info] Downloading video thumbnail 44 ...
[info] Writing video thumbnail 44 to: /Users/marcelbuian/projects/mb/marcel-vibe/Deepium 2026/MarcelVibe/17/Simone Vitullo, Tanit _ Rorogwela (Original Mix) - 2021.webp
[ThumbnailsConvertor] Converting thumbnail "/Users/marcelbuian/projects/mb/marcel-vibe/Deepium 2026/MarcelVibe/17/Simone Vitullo, Tanit _ Rorogwela (Original Mix) - 2021.webp" to jpg
Deleting original file /Users/marcelbuian/projects/mb/marcel-vibe/Deepium 2026/MarcelVibe/17/Simone Vitullo, Tanit _ Rorogwela (Original Mix) - 2021.webp (pass -k to keep)
[download] Sleeping 1.85 seconds ...
[download] Destination: /Users/marcelbuian/projects/mb/marcel-vibe/Deepium 2026/MarcelVibe/17/Simone Vitullo, Tanit _ Rorogwela (Original Mix) - 2021.webm

[download]   0.0% of    7.39MiB at  103.43KiB/s ETA 01:13
[download]   0.0% of    7.39MiB at  287.88KiB/s ETA 00:26
[download]   0.1% of    7.39MiB at  648.89KiB/s ETA 00:11
[download]   0.2% of    7.39MiB at    1.31MiB/s ETA 00:05
[download]   0.4% of    7.39MiB at    2.62MiB/s ETA 00:02
[download]   0.8% of    7.39MiB at    4.05MiB/s ETA 00:01
[download]   1.7% of    7.39MiB at    6.33MiB/s ETA 00:01
[download]   3.4% of    7.39MiB at    8.28MiB/s ETA 00:00
[download]   6.8% of    7.39MiB at   12.80MiB/s ETA 00:00
[download]  13.5% of    7.39MiB at   14.73MiB/s ETA 00:00
[download]  27.1% of    7.39MiB at   14.73MiB/s ETA 00:00
[download]  54.1% of    7.39MiB at    7.32MiB/s ETA 00:00
[download] 100.0% of    7.39MiB at    4.59MiB/s ETA 00:00
[download] 100% of    7.39MiB in 00:00:01 at 4.28MiB/s   
[ExtractAudio] Destination: /Users/marcelbuian/projects/mb/marcel-vibe/Deepium 2026/MarcelVibe/17/Simone Vitullo, Tanit _ Rorogwela (Original Mix) - 2021.mp3
Deleting original file /Users/marcelbuian/projects/mb/marcel-vibe/Deepium 2026/MarcelVibe/17/Simone Vitullo, Tanit _ Rorogwela (Original Mix) - 2021.webm (pass -k to keep)
[Metadata] Adding metadata to "/Users/marcelbuian/projects/mb/marcel-vibe/Deepium 2026/MarcelVibe/17/Simone Vitullo, Tanit _ Rorogwela (Original Mix) - 2021.mp3"
[EmbedThumbnail] ffmpeg: Adding thumbnail to "/Users/marcelbuian/projects/mb/marcel-vibe/Deepium 2026/MarcelVibe/17/Simone Vitullo, Tanit _ Rorogwela (Original Mix) - 2021.mp3"
[youtube] Extracting URL: https://www.youtube.com/watch?v=ksvnpjiiEh8
[youtube] Sleeping 1.0 seconds ...
[youtube] ksvnpjiiEh8: Downloading webpage
[youtube] Sleeping 1.0 seconds ...
[youtube] ksvnpjiiEh8: Downloading visionos player API JSON
[youtube] Sleeping 1.0 seconds ...
[youtube] ksvnpjiiEh8: Downloading m3u8 information
[info] ksvnpjiiEh8: Downloading 1 format(s): 251
[info] Downloading video thumbnail 41 ...
[info] Writing video thumbnail 41 to: /Users/marcelbuian/projects/mb/marcel-vibe/Deepium 2026/MarcelVibe/17/Khen - Yellow - 2022.webp
[ThumbnailsConvertor] Converting thumbnail "/Users/marcelbuian/projects/mb/marcel-vibe/Deepium 2026/MarcelVibe/17/Khen - Yellow - 2022.webp" to jpg
Deleting original file /Users/marcelbuian/projects/mb/marcel-vibe/Deepium 2026/MarcelVibe/17/Khen - Yellow - 2022.webp (pass -k to keep)
[download] Sleeping 1.10 seconds ...
[download] Destination: /Users/marcelbuian/projects/mb/marcel-vibe/Deepium 2026/MarcelVibe/17/Khen - Yellow - 2022.webm

[download]   0.0% of    3.91MiB at  467.70KiB/s ETA 00:08
[download]   0.1% of    3.91MiB at    1.26MiB/s ETA 00:03
[download]   0.2% of    3.91MiB at    2.84MiB/s ETA 00:01
[download]   0.4% of    3.91MiB at    5.89MiB/s ETA 00:00
[download]   0.8% of    3.91MiB at    3.84MiB/s ETA 00:01
[download]   1.6% of    3.91MiB at    5.03MiB/s ETA 00:00
[download]   3.2% of    3.91MiB at    7.00MiB/s ETA 00:00
[download]   6.4% of    3.91MiB at   10.68MiB/s ETA 00:00
[download]  12.8% of    3.91MiB at   14.16MiB/s ETA 00:00
[download]  25.6% of    3.91MiB at   14.81MiB/s ETA 00:00
[download]  51.1% of    3.91MiB at   15.08MiB/s ETA 00:00
[download] 100.0% of    3.91MiB at   22.81MiB/s ETA 00:00
[download] 100% of    3.91MiB in 00:00:00 at 12.89MiB/s  
[ExtractAudio] Destination: /Users/marcelbuian/projects/mb/marcel-vibe/Deepium 2026/MarcelVibe/17/Khen - Yellow - 2022.mp3
Deleting original file /Users/marcelbuian/projects/mb/marcel-vibe/Deepium 2026/MarcelVibe/17/Khen - Yellow - 2022.webm (pass -k to keep)
[Metadata] Adding metadata to "/Users/marcelbuian/projects/mb/marcel-vibe/Deepium 2026/MarcelVibe/17/Khen - Yellow - 2022.mp3"
[EmbedThumbnail] ffmpeg: Adding thumbnail to "/Users/marcelbuian/projects/mb/marcel-vibe/Deepium 2026/MarcelVibe/17/Khen - Yellow - 2022.mp3"
[youtube] Extracting URL: https://www.youtube.com/watch?v=hoIDX_jlZ6A
[youtube] Sleeping 1.0 seconds ...
[youtube] hoIDX_jlZ6A: Downloading webpage
[youtube] Sleeping 1.0 seconds ...
[youtube] hoIDX_jlZ6A: Downloading visionos player API JSON
[youtube] Sleeping 1.0 seconds ...
[youtube] hoIDX_jlZ6A: Downloading m3u8 information
[info] hoIDX_jlZ6A: Downloading 1 format(s): 251
[info] Downloading video thumbnail 44 ...
[info] Writing video thumbnail 44 to: /Users/marcelbuian/projects/mb/marcel-vibe/Deepium 2026/MarcelVibe/17/Premiere： Nico Morano & MeWhy - Everything I Own (Gorje Hewek Remix) [Ontourage Music] - 2024.webp
[ThumbnailsConvertor] Converting thumbnail "/Users/marcelbuian/projects/mb/marcel-vibe/Deepium 2026/MarcelVibe/17/Premiere： Nico Morano & MeWhy - Everything I Own (Gorje Hewek Remix) [Ontourage Music] - 2024.webp" to jpg
Deleting original file /Users/marcelbuian/projects/mb/marcel-vibe/Deepium 2026/MarcelVibe/17/Premiere： Nico Morano & MeWhy - Everything I Own (Gorje Hewek Remix) [Ontourage Music] - 2024.webp (pass -k to keep)
[download] Sleeping 2.50 seconds ...
[download] Destination: /Users/marcelbuian/projects/mb/marcel-vibe/Deepium 2026/MarcelVibe/17/Premiere： Nico Morano & MeWhy - Everything I Own (Gorje Hewek Remix) [Ontourage Music] - 2024.webm

[download]   0.0% of    5.58MiB at  Unknown B/s ETA Unknown
[download]   0.1% of    5.58MiB at    2.38MiB/s ETA 00:02  
[download]   0.1% of    5.58MiB at    5.10MiB/s ETA 00:01
[download]   0.3% of    5.58MiB at   10.17MiB/s ETA 00:00
[download]   0.5% of    5.58MiB at   19.43MiB/s ETA 00:00
[download]   1.1% of    5.58MiB at   36.34MiB/s ETA 00:00
[download]   2.2% of    5.58MiB at   68.72MiB/s ETA 00:00
[download]   4.5% of    5.58MiB at   64.00MiB/s ETA 00:00
[download]   8.9% of    5.58MiB at   59.97MiB/s ETA 00:00
[download]  17.9% of    5.58MiB at   56.21MiB/s ETA 00:00
[download]  35.8% of    5.58MiB at   54.49MiB/s ETA 00:00
[download]  71.7% of    5.58MiB at   10.69MiB/s ETA 00:00
[download] 100.0% of    5.58MiB at   13.76MiB/s ETA 00:00
[download] 100% of    5.58MiB in 00:00:00 at 12.67MiB/s  
[ExtractAudio] Destination: /Users/marcelbuian/projects/mb/marcel-vibe/Deepium 2026/MarcelVibe/17/Premiere： Nico Morano & MeWhy - Everything I Own (Gorje Hewek Remix) [Ontourage Music] - 2024.mp3
Deleting original file /Users/marcelbuian/projects/mb/marcel-vibe/Deepium 2026/MarcelVibe/17/Premiere： Nico Morano & MeWhy - Everything I Own (Gorje Hewek Remix) [Ontourage Music] - 2024.webm (pass -k to keep)
[Metadata] Adding metadata to "/Users/marcelbuian/projects/mb/marcel-vibe/Deepium 2026/MarcelVibe/17/Premiere： Nico Morano & MeWhy - Everything I Own (Gorje Hewek Remix) [Ontourage Music] - 2024.mp3"
[EmbedThumbnail] ffmpeg: Adding thumbnail to "/Users/marcelbuian/projects/mb/marcel-vibe/Deepium 2026/MarcelVibe/17/Premiere： Nico Morano & MeWhy - Everything I Own (Gorje Hewek Remix) [Ontourage Music] - 2024.mp3"
[youtube] Extracting URL: https://www.youtube.com/watch?v=2rbdShh8c4o
[youtube] Sleeping 1.0 seconds ...
[youtube] 2rbdShh8c4o: Downloading webpage
[youtube] Sleeping 1.0 seconds ...
[youtube] 2rbdShh8c4o: Downloading visionos player API JSON
[youtube] Sleeping 1.0 seconds ...
[youtube] 2rbdShh8c4o: Downloading m3u8 information
[info] 2rbdShh8c4o: Downloading 1 format(s): 251
[info] Downloading video thumbnail 44 ...
[info] Writing video thumbnail 44 to: /Users/marcelbuian/projects/mb/marcel-vibe/Deepium 2026/MarcelVibe/17/Arkadyan - Tulila (Safar FR Remix) {Sol Selectas} - 2022.webp
[ThumbnailsConvertor] Converting thumbnail "/Users/marcelbuian/projects/mb/marcel-vibe/Deepium 2026/MarcelVibe/17/Arkadyan - Tulila (Safar FR Remix) {Sol Selectas} - 2022.webp" to jpg
Deleting original file /Users/marcelbuian/projects/mb/marcel-vibe/Deepium 2026/MarcelVibe/17/Arkadyan - Tulila (Safar FR Remix) {Sol Selectas} - 2022.webp (pass -k to keep)
[download] Sleeping 2.23 seconds ...
[download] Destination: /Users/marcelbuian/projects/mb/marcel-vibe/Deepium 2026/MarcelVibe/17/Arkadyan - Tulila (Safar FR Remix) {Sol Selectas} - 2022.webm

[download]   0.0% of    7.75MiB at  476.63KiB/s ETA 00:16
[download]   0.0% of    7.75MiB at    1.20MiB/s ETA 00:06
[download]   0.1% of    7.75MiB at    2.62MiB/s ETA 00:02
[download]   0.2% of    7.75MiB at    5.22MiB/s ETA 00:01
[download]   0.4% of    7.75MiB at    4.43MiB/s ETA 00:01
[download]   0.8% of    7.75MiB at    5.09MiB/s ETA 00:01
[download]   1.6% of    7.75MiB at    7.50MiB/s ETA 00:01
[download]   3.2% of    7.75MiB at    9.17MiB/s ETA 00:00
[download]   6.4% of    7.75MiB at   12.29MiB/s ETA 00:00
[download]  12.9% of    7.75MiB at   14.88MiB/s ETA 00:00
[download]  25.8% of    7.75MiB at    6.33MiB/s ETA 00:00
[download]  51.6% of    7.75MiB at    8.90MiB/s ETA 00:00
[download] 100.0% of    7.75MiB at   10.11MiB/s ETA 00:00
[download] 100% of    7.75MiB in 00:00:00 at 8.47MiB/s   
[ExtractAudio] Destination: /Users/marcelbuian/projects/mb/marcel-vibe/Deepium 2026/MarcelVibe/17/Arkadyan - Tulila (Safar FR Remix) {Sol Selectas} - 2022.mp3
Deleting original file /Users/marcelbuian/projects/mb/marcel-vibe/Deepium 2026/MarcelVibe/17/Arkadyan - Tulila (Safar FR Remix) {Sol Selectas} - 2022.webm (pass -k to keep)
[Metadata] Adding metadata to "/Users/marcelbuian/projects/mb/marcel-vibe/Deepium 2026/MarcelVibe/17/Arkadyan - Tulila (Safar FR Remix) {Sol Selectas} - 2022.mp3"
[EmbedThumbnail] ffmpeg: Adding thumbnail to "/Users/marcelbuian/projects/mb/marcel-vibe/Deepium 2026/MarcelVibe/17/Arkadyan - Tulila (Safar FR Remix) {Sol Selectas} - 2022.mp3"
[youtube] Extracting URL: https://www.youtube.com/watch?v=BMzjoYPR1HA
[youtube] Sleeping 1.0 seconds ...
[youtube] BMzjoYPR1HA: Downloading webpage
[youtube] Sleeping 1.0 seconds ...
[youtube] BMzjoYPR1HA: Downloading visionos player API JSON
[youtube] Sleeping 1.0 seconds ...
[youtube] BMzjoYPR1HA: Downloading m3u8 information
[info] BMzjoYPR1HA: Downloading 1 format(s): 251
[info] Downloading video thumbnail 41 ...
[info] Video Thumbnail 41 does not exist
[info] Downloading video thumbnail 40 ...
[info] Writing video thumbnail 40 to: /Users/marcelbuian/projects/mb/marcel-vibe/Deepium 2026/MarcelVibe/17/Booka Shade - Love Inc (Official Music Video) - 2013.jpg
[ThumbnailsConvertor] Not converting thumbnail "/Users/marcelbuian/projects/mb/marcel-vibe/Deepium 2026/MarcelVibe/17/Booka Shade - Love Inc (Official Music Video) - 2013.jpg"; already is in target format jpg
[download] Sleeping 2.57 seconds ...
[download] Destination: /Users/marcelbuian/projects/mb/marcel-vibe/Deepium 2026/MarcelVibe/17/Booka Shade - Love Inc (Official Music Video) - 2013.webm

[download]   0.0% of    3.86MiB at  999.12KiB/s ETA 00:04
[download]   0.1% of    3.86MiB at    2.07MiB/s ETA 00:01
[download]   0.2% of    3.86MiB at    4.16MiB/s ETA 00:00
[download]   0.4% of    3.86MiB at    7.94MiB/s ETA 00:00
[download]   0.8% of    3.86MiB at   14.73MiB/s ETA 00:00
[download]   1.6% of    3.86MiB at   26.60MiB/s ETA 00:00
[download]   3.2% of    3.86MiB at   24.39MiB/s ETA 00:00
[download]   6.5% of    3.86MiB at   15.35MiB/s ETA 00:00
[download]  12.9% of    3.86MiB at   14.93MiB/s ETA 00:00
[download]  25.9% of    3.86MiB at    9.82MiB/s ETA 00:00
[download]  51.8% of    3.86MiB at    8.38MiB/s ETA 00:00
[download] 100.0% of    3.86MiB at   13.87MiB/s ETA 00:00
[download] 100% of    3.86MiB in 00:00:00 at 9.54MiB/s   
[ExtractAudio] Destination: /Users/marcelbuian/projects/mb/marcel-vibe/Deepium 2026/MarcelVibe/17/Booka Shade - Love Inc (Official Music Video) - 2013.mp3
Deleting original file /Users/marcelbuian/projects/mb/marcel-vibe/Deepium 2026/MarcelVibe/17/Booka Shade - Love Inc (Official Music Video) - 2013.webm (pass -k to keep)
[Metadata] Adding metadata to "/Users/marcelbuian/projects/mb/marcel-vibe/Deepium 2026/MarcelVibe/17/Booka Shade - Love Inc (Official Music Video) - 2013.mp3"
[EmbedThumbnail] ffmpeg: Adding thumbnail to "/Users/marcelbuian/projects/mb/marcel-vibe/Deepium 2026/MarcelVibe/17/Booka Shade - Love Inc (Official Music Video) - 2013.mp3"
[youtube] Extracting URL: https://www.youtube.com/watch?v=Z4Je5WFYio4
[youtube] Sleeping 1.0 seconds ...
[youtube] Z4Je5WFYio4: Downloading webpage
[youtube] Sleeping 1.0 seconds ...
[youtube] Z4Je5WFYio4: Downloading visionos player API JSON
[youtube] Sleeping 1.0 seconds ...
[youtube] Z4Je5WFYio4: Downloading m3u8 information
[info] Z4Je5WFYio4: Downloading 1 format(s): 251
[info] Downloading video thumbnail 44 ...
[info] Writing video thumbnail 44 to: /Users/marcelbuian/projects/mb/marcel-vibe/Deepium 2026/MarcelVibe/17/You and I Paradise - Maga, Sean Doron, Tim Engelhardt ft DUDHA - 2022.webp
[ThumbnailsConvertor] Converting thumbnail "/Users/marcelbuian/projects/mb/marcel-vibe/Deepium 2026/MarcelVibe/17/You and I Paradise - Maga, Sean Doron, Tim Engelhardt ft DUDHA - 2022.webp" to jpg
Deleting original file /Users/marcelbuian/projects/mb/marcel-vibe/Deepium 2026/MarcelVibe/17/You and I Paradise - Maga, Sean Doron, Tim Engelhardt ft DUDHA - 2022.webp (pass -k to keep)
[download] Sleeping 1.32 seconds ...
[download] Destination: /Users/marcelbuian/projects/mb/marcel-vibe/Deepium 2026/MarcelVibe/17/You and I Paradise - Maga, Sean Doron, Tim Engelhardt ft DUDHA - 2022.webm

[download]   0.0% of    6.40MiB at  Unknown B/s ETA Unknown
[download]   0.0% of    6.40MiB at    2.45MiB/s ETA 00:02  
[download]   0.1% of    6.40MiB at    5.26MiB/s ETA 00:01
[download]   0.2% of    6.40MiB at   10.59MiB/s ETA 00:00
[download]   0.5% of    6.40MiB at    3.98MiB/s ETA 00:01
[download]   1.0% of    6.40MiB at    2.01MiB/s ETA 00:03
[download]   1.9% of    6.40MiB at    3.16MiB/s ETA 00:01
[download]   3.9% of    6.40MiB at    2.27MiB/s ETA 00:02
[download]   7.8% of    6.40MiB at    1.56MiB/s ETA 00:03
[download]  15.6% of    6.40MiB at  306.61KiB/s ETA 00:18
[download]  19.5% of    6.40MiB at  283.36KiB/s ETA 00:18
[download]  22.8% of    6.40MiB at  270.81KiB/s ETA 00:18
[download]  26.1% of    6.40MiB at  256.51KiB/s ETA 00:18
[download]  29.0% of    6.40MiB at  264.06KiB/s ETA 00:17
[download]  34.5% of    6.40MiB at  236.16KiB/s ETA 00:18
[download]  37.2% of    6.40MiB at  241.84KiB/s ETA 00:17
[download]  42.5% of    6.40MiB at  213.43KiB/s ETA 00:17
[download]  45.2% of    6.40MiB at  223.01KiB/s ETA 00:16
[download]  50.4% of    6.40MiB at  228.20KiB/s ETA 00:14
[download]  54.8% of    6.40MiB at  237.12KiB/s ETA 00:12
[download]  61.4% of    6.40MiB at  248.31KiB/s ETA 00:10
[download]  67.6% of    6.40MiB at  263.32KiB/s ETA 00:08
[download]  77.6% of    6.40MiB at  277.53KiB/s ETA 00:05
[download]  84.3% of    6.40MiB at  260.88KiB/s ETA 00:03
[download]  87.6% of    6.40MiB at  266.00KiB/s ETA 00:03
[download]  94.3% of    6.40MiB at  265.76KiB/s ETA 00:01
[download]  98.3% of    6.40MiB at  237.69KiB/s ETA 00:00
[download] 100.0% of    6.40MiB at  239.38KiB/s ETA 00:00
[download] 100% of    6.40MiB in 00:00:28 at 232.11KiB/s 
[ExtractAudio] Destination: /Users/marcelbuian/projects/mb/marcel-vibe/Deepium 2026/MarcelVibe/17/You and I Paradise - Maga, Sean Doron, Tim Engelhardt ft DUDHA - 2022.mp3
Deleting original file /Users/marcelbuian/projects/mb/marcel-vibe/Deepium 2026/MarcelVibe/17/You and I Paradise - Maga, Sean Doron, Tim Engelhardt ft DUDHA - 2022.webm (pass -k to keep)
[Metadata] Adding metadata to "/Users/marcelbuian/projects/mb/marcel-vibe/Deepium 2026/MarcelVibe/17/You and I Paradise - Maga, Sean Doron, Tim Engelhardt ft DUDHA - 2022.mp3"
[EmbedThumbnail] ffmpeg: Adding thumbnail to "/Users/marcelbuian/projects/mb/marcel-vibe/Deepium 2026/MarcelVibe/17/You and I Paradise - Maga, Sean Doron, Tim Engelhardt ft DUDHA - 2022.mp3"
[youtube] Extracting URL: https://www.youtube.com/watch?v=dt_huiLGrSs
[youtube] Sleeping 1.0 seconds ...
[youtube] dt_huiLGrSs: Downloading webpage
[youtube] Sleeping 1.0 seconds ...
[youtube] dt_huiLGrSs: Downloading visionos player API JSON
[youtube] Sleeping 1.0 seconds ...
[youtube] dt_huiLGrSs: Downloading m3u8 information
[info] dt_huiLGrSs: Downloading 1 format(s): 251
[info] Downloading video thumbnail 41 ...
[info] Writing video thumbnail 41 to: /Users/marcelbuian/projects/mb/marcel-vibe/Deepium 2026/MarcelVibe/17/M.A.N.D.Y. vs Booka Shade feat. Laurie Anderson - O Superman (SIS Remix) - 2020.webp
[ThumbnailsConvertor] Converting thumbnail "/Users/marcelbuian/projects/mb/marcel-vibe/Deepium 2026/MarcelVibe/17/M.A.N.D.Y. vs Booka Shade feat. Laurie Anderson - O Superman (SIS Remix) - 2020.webp" to jpg
Deleting original file /Users/marcelbuian/projects/mb/marcel-vibe/Deepium 2026/MarcelVibe/17/M.A.N.D.Y. vs Booka Shade feat. Laurie Anderson - O Superman (SIS Remix) - 2020.webp (pass -k to keep)
[download] Sleeping 1.50 seconds ...
[download] Destination: /Users/marcelbuian/projects/mb/marcel-vibe/Deepium 2026/MarcelVibe/17/M.A.N.D.Y. vs Booka Shade feat. Laurie Anderson - O Superman (SIS Remix) - 2020.webm

[download]   0.0% of    9.66MiB at  856.16KiB/s ETA 00:11
[download]   0.0% of    9.66MiB at    1.99MiB/s ETA 00:04
[download]   0.1% of    9.66MiB at    4.35MiB/s ETA 00:02
[download]   0.2% of    9.66MiB at    8.81MiB/s ETA 00:01
[download]   0.3% of    9.66MiB at   17.23MiB/s ETA 00:00
[download]   0.6% of    9.66MiB at   32.55MiB/s ETA 00:00
[download]   1.3% of    9.66MiB at   26.57MiB/s ETA 00:00
[download]   2.6% of    9.66MiB at   14.42MiB/s ETA 00:00
[download]   5.2% of    9.66MiB at   15.07MiB/s ETA 00:00
[download]  10.3% of    9.66MiB at   15.60MiB/s ETA 00:00
[download]  20.7% of    9.66MiB at   14.91MiB/s ETA 00:00
[download]  41.4% of    9.66MiB at    8.18MiB/s ETA 00:00
[download]  82.8% of    9.66MiB at   10.13MiB/s ETA 00:00
[download]  98.3% of    9.66MiB at   10.04MiB/s ETA 00:00
[download]  98.3% of    9.66MiB at  336.14KiB/s ETA 00:00
[download]  98.4% of    9.66MiB at  846.54KiB/s ETA 00:00
[download]  98.4% of    9.66MiB at    1.73MiB/s ETA 00:00
[download]  98.5% of    9.66MiB at    3.39MiB/s ETA 00:00
[download]  98.6% of    9.66MiB at    6.53MiB/s ETA 00:00
[download]  99.0% of    9.66MiB at   12.47MiB/s ETA 00:00
[download]  99.6% of    9.66MiB at   24.09MiB/s ETA 00:00
[download] 100.0% of    9.66MiB at   29.61MiB/s ETA 00:00
[download] 100% of    9.66MiB in 00:00:01 at 8.80MiB/s   
[ExtractAudio] Destination: /Users/marcelbuian/projects/mb/marcel-vibe/Deepium 2026/MarcelVibe/17/M.A.N.D.Y. vs Booka Shade feat. Laurie Anderson - O Superman (SIS Remix) - 2020.mp3
Deleting original file /Users/marcelbuian/projects/mb/marcel-vibe/Deepium 2026/MarcelVibe/17/M.A.N.D.Y. vs Booka Shade feat. Laurie Anderson - O Superman (SIS Remix) - 2020.webm (pass -k to keep)
[Metadata] Adding metadata to "/Users/marcelbuian/projects/mb/marcel-vibe/Deepium 2026/MarcelVibe/17/M.A.N.D.Y. vs Booka Shade feat. Laurie Anderson - O Superman (SIS Remix) - 2020.mp3"
[EmbedThumbnail] ffmpeg: Adding thumbnail to "/Users/marcelbuian/projects/mb/marcel-vibe/Deepium 2026/MarcelVibe/17/M.A.N.D.Y. vs Booka Shade feat. Laurie Anderson - O Superman (SIS Remix) - 2020.mp3"
[youtube] Extracting URL: https://www.youtube.com/watch?v=CNUKtwj7nds
[youtube] Sleeping 1.0 seconds ...
[youtube] CNUKtwj7nds: Downloading webpage
[youtube] Sleeping 1.0 seconds ...
[youtube] CNUKtwj7nds: Downloading visionos player API JSON
[youtube] Sleeping 1.0 seconds ...
[youtube] CNUKtwj7nds: Downloading m3u8 information
[info] CNUKtwj7nds: Downloading 1 format(s): 251
[info] Downloading video thumbnail 44 ...
[info] Writing video thumbnail 44 to: /Users/marcelbuian/projects/mb/marcel-vibe/Deepium 2026/MarcelVibe/17/Above & Beyond, anamē - Gratitude feat. Marty Longstaff (Sébastien Léger Remix) - 2022.webp
[ThumbnailsConvertor] Converting thumbnail "/Users/marcelbuian/projects/mb/marcel-vibe/Deepium 2026/MarcelVibe/17/Above & Beyond, anamē - Gratitude feat. Marty Longstaff (Sébastien Léger Remix) - 2022.webp" to jpg
Deleting original file /Users/marcelbuian/projects/mb/marcel-vibe/Deepium 2026/MarcelVibe/17/Above & Beyond, anamē - Gratitude feat. Marty Longstaff (Sébastien Léger Remix) - 2022.webp (pass -k to keep)
[download] Sleeping 1.33 seconds ...
[download] Destination: /Users/marcelbuian/projects/mb/marcel-vibe/Deepium 2026/MarcelVibe/17/Above & Beyond, anamē - Gratitude feat. Marty Longstaff (Sébastien Léger Remix) - 2022.webm

[download]   0.0% of   11.04MiB at  Unknown B/s ETA Unknown
[download]   0.0% of   11.04MiB at    1.97MiB/s ETA 00:05  
[download]   0.1% of   11.04MiB at    3.70MiB/s ETA 00:02
[download]   0.1% of   11.04MiB at    6.81MiB/s ETA 00:01
[download]   0.3% of   11.04MiB at   12.03MiB/s ETA 00:00
[download]   0.6% of   11.04MiB at   19.46MiB/s ETA 00:00
[download]   1.1% of   11.04MiB at   22.22MiB/s ETA 00:00
[download]   2.3% of   11.04MiB at   14.43MiB/s ETA 00:00
[download]   4.5% of   11.04MiB at   16.50MiB/s ETA 00:00
[download]   9.1% of   11.04MiB at   15.28MiB/s ETA 00:00
[download]  18.1% of   11.04MiB at   15.07MiB/s ETA 00:00
[download]  36.2% of   11.04MiB at   22.59MiB/s ETA 00:00
[download]  72.5% of   11.04MiB at   19.79MiB/s ETA 00:00
[download]  86.6% of   11.04MiB at   13.20MiB/s ETA 00:00
[download]  86.6% of   11.04MiB at  Unknown B/s ETA Unknown
[download]  86.6% of   11.04MiB at  Unknown B/s ETA Unknown
[download]  86.6% of   11.04MiB at  Unknown B/s ETA Unknown
[download]  86.7% of   11.04MiB at   14.03MiB/s ETA 00:00  
[download]  86.8% of   11.04MiB at   24.07MiB/s ETA 00:00
[download]  87.1% of   11.04MiB at   42.46MiB/s ETA 00:00
[download]  87.7% of   11.04MiB at   74.31MiB/s ETA 00:00
[download]  88.8% of   11.04MiB at   85.84MiB/s ETA 00:00
[download]  91.1% of   11.04MiB at    6.44MiB/s ETA 00:00
[download]  95.6% of   11.04MiB at    8.91MiB/s ETA 00:00
[download] 100.0% of   11.04MiB at   10.48MiB/s ETA 00:00
[download] 100% of   11.04MiB in 00:00:01 at 6.85MiB/s   
[ExtractAudio] Destination: /Users/marcelbuian/projects/mb/marcel-vibe/Deepium 2026/MarcelVibe/17/Above & Beyond, anamē - Gratitude feat. Marty Longstaff (Sébastien Léger Remix) - 2022.mp3
Deleting original file /Users/marcelbuian/projects/mb/marcel-vibe/Deepium 2026/MarcelVibe/17/Above & Beyond, anamē - Gratitude feat. Marty Longstaff (Sébastien Léger Remix) - 2022.webm (pass -k to keep)
[Metadata] Adding metadata to "/Users/marcelbuian/projects/mb/marcel-vibe/Deepium 2026/MarcelVibe/17/Above & Beyond, anamē - Gratitude feat. Marty Longstaff (Sébastien Léger Remix) - 2022.mp3"
[EmbedThumbnail] ffmpeg: Adding thumbnail to "/Users/marcelbuian/projects/mb/marcel-vibe/Deepium 2026/MarcelVibe/17/Above & Beyond, anamē - Gratitude feat. Marty Longstaff (Sébastien Léger Remix) - 2022.mp3"
[youtube] Extracting URL: https://www.youtube.com/watch?v=E0jS5_YpV5g
[youtube] Sleeping 1.0 seconds ...
[youtube] E0jS5_YpV5g: Downloading webpage
[youtube] Sleeping 1.0 seconds ...
[youtube] E0jS5_YpV5g: Downloading visionos player API JSON
[youtube] Sleeping 1.0 seconds ...
[youtube] E0jS5_YpV5g: Downloading m3u8 information
[info] E0jS5_YpV5g: Downloading 1 format(s): 251
[info] Downloading video thumbnail 44 ...
[info] Writing video thumbnail 44 to: /Users/marcelbuian/projects/mb/marcel-vibe/Deepium 2026/MarcelVibe/17/Kasper Koman - Fruit (Original Mix) - 2022.webp
[ThumbnailsConvertor] Converting thumbnail "/Users/marcelbuian/projects/mb/marcel-vibe/Deepium 2026/MarcelVibe/17/Kasper Koman - Fruit (Original Mix) - 2022.webp" to jpg
Deleting original file /Users/marcelbuian/projects/mb/marcel-vibe/Deepium 2026/MarcelVibe/17/Kasper Koman - Fruit (Original Mix) - 2022.webp (pass -k to keep)
[download] Sleeping 2.46 seconds ...
[download] Destination: /Users/marcelbuian/projects/mb/marcel-vibe/Deepium 2026/MarcelVibe/17/Kasper Koman - Fruit (Original Mix) - 2022.webm

[download]   0.0% of    7.77MiB at  Unknown B/s ETA Unknown
[download]   0.0% of    7.77MiB at    1.64MiB/s ETA 00:04  
[download]   0.1% of    7.77MiB at    2.93MiB/s ETA 00:02
[download]   0.2% of    7.77MiB at    5.35MiB/s ETA 00:01
[download]   0.4% of    7.77MiB at    9.71MiB/s ETA 00:00
[download]   0.8% of    7.77MiB at   17.77MiB/s ETA 00:00
[download]   1.6% of    7.77MiB at   31.52MiB/s ETA 00:00
[download]   3.2% of    7.77MiB at   52.15MiB/s ETA 00:00
[download]   6.4% of    7.77MiB at   49.62MiB/s ETA 00:00
[download]  12.9% of    7.77MiB at   52.96MiB/s ETA 00:00
[download]  25.7% of    7.77MiB at   51.88MiB/s ETA 00:00
[download]  51.5% of    7.77MiB at   54.16MiB/s ETA 00:00
[download] 100.0% of    7.77MiB at   42.50MiB/s ETA 00:00
[download] 100% of    7.77MiB in 00:00:00 at 29.92MiB/s  
[ExtractAudio] Destination: /Users/marcelbuian/projects/mb/marcel-vibe/Deepium 2026/MarcelVibe/17/Kasper Koman - Fruit (Original Mix) - 2022.mp3
Deleting original file /Users/marcelbuian/projects/mb/marcel-vibe/Deepium 2026/MarcelVibe/17/Kasper Koman - Fruit (Original Mix) - 2022.webm (pass -k to keep)
[Metadata] Adding metadata to "/Users/marcelbuian/projects/mb/marcel-vibe/Deepium 2026/MarcelVibe/17/Kasper Koman - Fruit (Original Mix) - 2022.mp3"
[EmbedThumbnail] ffmpeg: Adding thumbnail to "/Users/marcelbuian/projects/mb/marcel-vibe/Deepium 2026/MarcelVibe/17/Kasper Koman - Fruit (Original Mix) - 2022.mp3"
[youtube] Extracting URL: https://www.youtube.com/watch?v=AYOMukwFfMM
[youtube] Sleeping 1.0 seconds ...
[youtube] AYOMukwFfMM: Downloading webpage
[youtube] Sleeping 1.0 seconds ...
[youtube] AYOMukwFfMM: Downloading visionos player API JSON
[youtube] Sleeping 1.0 seconds ...
[youtube] AYOMukwFfMM: Downloading m3u8 information
[info] AYOMukwFfMM: Downloading 1 format(s): 251
[info] Downloading video thumbnail 44 ...
[info] Writing video thumbnail 44 to: /Users/marcelbuian/projects/mb/marcel-vibe/Deepium 2026/MarcelVibe/17/Tim Engelhardt： Follow - 2022.webp
[ThumbnailsConvertor] Converting thumbnail "/Users/marcelbuian/projects/mb/marcel-vibe/Deepium 2026/MarcelVibe/17/Tim Engelhardt： Follow - 2022.webp" to jpg
Deleting original file /Users/marcelbuian/projects/mb/marcel-vibe/Deepium 2026/MarcelVibe/17/Tim Engelhardt： Follow - 2022.webp (pass -k to keep)
[download] Sleeping 1.05 seconds ...
[download] Destination: /Users/marcelbuian/projects/mb/marcel-vibe/Deepium 2026/MarcelVibe/17/Tim Engelhardt： Follow - 2022.webm

[download]   0.0% of    6.95MiB at  243.32KiB/s ETA 00:29
[download]   0.0% of    6.95MiB at  632.12KiB/s ETA 00:11
[download]   0.1% of    6.95MiB at    1.35MiB/s ETA 00:05
[download]   0.2% of    6.95MiB at    2.72MiB/s ETA 00:02
[download]   0.4% of    6.95MiB at    2.65MiB/s ETA 00:02
[download]   0.9% of    6.95MiB at    3.30MiB/s ETA 00:02
[download]   1.8% of    6.95MiB at    3.03MiB/s ETA 00:02
[download]   3.6% of    6.95MiB at    3.12MiB/s ETA 00:02
[download]   7.2% of    6.95MiB at    4.18MiB/s ETA 00:01
[download]  14.4% of    6.95MiB at    4.29MiB/s ETA 00:01
[download]  28.8% of    6.95MiB at    7.70MiB/s ETA 00:00
[download]  57.6% of    6.95MiB at    7.13MiB/s ETA 00:00
[download] 100.0% of    6.95MiB at    9.70MiB/s ETA 00:00
[download] 100% of    6.95MiB in 00:00:01 at 6.86MiB/s   
[ExtractAudio] Destination: /Users/marcelbuian/projects/mb/marcel-vibe/Deepium 2026/MarcelVibe/17/Tim Engelhardt： Follow - 2022.mp3
Deleting original file /Users/marcelbuian/projects/mb/marcel-vibe/Deepium 2026/MarcelVibe/17/Tim Engelhardt： Follow - 2022.webm (pass -k to keep)
[Metadata] Adding metadata to "/Users/marcelbuian/projects/mb/marcel-vibe/Deepium 2026/MarcelVibe/17/Tim Engelhardt： Follow - 2022.mp3"
[EmbedThumbnail] ffmpeg: Adding thumbnail to "/Users/marcelbuian/projects/mb/marcel-vibe/Deepium 2026/MarcelVibe/17/Tim Engelhardt： Follow - 2022.mp3"
[youtube] Extracting URL: https://www.youtube.com/watch?v=y45c48Eq7aw
[youtube] Sleeping 1.0 seconds ...
[youtube] y45c48Eq7aw: Downloading webpage
[youtube] Sleeping 1.0 seconds ...
[youtube] y45c48Eq7aw: Downloading visionos player API JSON
[youtube] Sleeping 1.0 seconds ...
[youtube] y45c48Eq7aw: Downloading m3u8 information
[info] y45c48Eq7aw: Downloading 1 format(s): 251
[info] Downloading video thumbnail 41 ...
[info] Writing video thumbnail 41 to: /Users/marcelbuian/projects/mb/marcel-vibe/Deepium 2026/MarcelVibe/17/Above & Beyond feat. Zoë Johnston - Crazy Love (ANUQRAM Extended Mix) - 2024.webp
[ThumbnailsConvertor] Converting thumbnail "/Users/marcelbuian/projects/mb/marcel-vibe/Deepium 2026/MarcelVibe/17/Above & Beyond feat. Zoë Johnston - Crazy Love (ANUQRAM Extended Mix) - 2024.webp" to jpg
Deleting original file /Users/marcelbuian/projects/mb/marcel-vibe/Deepium 2026/MarcelVibe/17/Above & Beyond feat. Zoë Johnston - Crazy Love (ANUQRAM Extended Mix) - 2024.webp (pass -k to keep)
[download] Sleeping 2.71 seconds ...
[download] Destination: /Users/marcelbuian/projects/mb/marcel-vibe/Deepium 2026/MarcelVibe/17/Above & Beyond feat. Zoë Johnston - Crazy Love (ANUQRAM Extended Mix) - 2024.webm

[download]   0.0% of    6.09MiB at  Unknown B/s ETA Unknown
[download]   0.0% of    6.09MiB at    2.14MiB/s ETA 00:02  
[download]   0.1% of    6.09MiB at    3.95MiB/s ETA 00:01
[download]   0.2% of    6.09MiB at    7.22MiB/s ETA 00:00
[download]   0.5% of    6.09MiB at   13.54MiB/s ETA 00:00
[download]   1.0% of    6.09MiB at   24.64MiB/s ETA 00:00
[download]   2.0% of    6.09MiB at   24.02MiB/s ETA 00:00
[download]   4.1% of    6.09MiB at   14.68MiB/s ETA 00:00
[download]   8.2% of    6.09MiB at   15.91MiB/s ETA 00:00
[download]  16.4% of    6.09MiB at    9.74MiB/s ETA 00:00
[download]  32.8% of    6.09MiB at    8.29MiB/s ETA 00:00
[download]  65.7% of    6.09MiB at   14.04MiB/s ETA 00:00
[download] 100.0% of    6.09MiB at   13.53MiB/s ETA 00:00
[download] 100% of    6.09MiB in 00:00:01 at 5.10MiB/s   
[ExtractAudio] Destination: /Users/marcelbuian/projects/mb/marcel-vibe/Deepium 2026/MarcelVibe/17/Above & Beyond feat. Zoë Johnston - Crazy Love (ANUQRAM Extended Mix) - 2024.mp3
Deleting original file /Users/marcelbuian/projects/mb/marcel-vibe/Deepium 2026/MarcelVibe/17/Above & Beyond feat. Zoë Johnston - Crazy Love (ANUQRAM Extended Mix) - 2024.webm (pass -k to keep)
[Metadata] Adding metadata to "/Users/marcelbuian/projects/mb/marcel-vibe/Deepium 2026/MarcelVibe/17/Above & Beyond feat. Zoë Johnston - Crazy Love (ANUQRAM Extended Mix) - 2024.mp3"
[EmbedThumbnail] ffmpeg: Adding thumbnail to "/Users/marcelbuian/projects/mb/marcel-vibe/Deepium 2026/MarcelVibe/17/Above & Beyond feat. Zoë Johnston - Crazy Love (ANUQRAM Extended Mix) - 2024.mp3"
[youtube] Extracting URL: https://www.youtube.com/watch?v=EgBJmlPo8Xw
[youtube] Sleeping 1.0 seconds ...
[youtube] EgBJmlPo8Xw: Downloading webpage
[youtube] Sleeping 1.0 seconds ...
[youtube] EgBJmlPo8Xw: Downloading visionos player API JSON
[youtube] Sleeping 1.0 seconds ...
[youtube] EgBJmlPo8Xw: Downloading m3u8 information
[info] EgBJmlPo8Xw: Downloading 1 format(s): 251
[info] Downloading video thumbnail 41 ...
[info] Writing video thumbnail 41 to: /Users/marcelbuian/projects/mb/marcel-vibe/Deepium 2026/MarcelVibe/17/Billie Eilish - everything i wanted - 2020.webp
[ThumbnailsConvertor] Converting thumbnail "/Users/marcelbuian/projects/mb/marcel-vibe/Deepium 2026/MarcelVibe/17/Billie Eilish - everything i wanted - 2020.webp" to jpg
Deleting original file /Users/marcelbuian/projects/mb/marcel-vibe/Deepium 2026/MarcelVibe/17/Billie Eilish - everything i wanted - 2020.webp (pass -k to keep)
[download] Sleeping 1.96 seconds ...
[download] Destination: /Users/marcelbuian/projects/mb/marcel-vibe/Deepium 2026/MarcelVibe/17/Billie Eilish - everything i wanted - 2020.webm

[download]   0.0% of    4.24MiB at  446.30KiB/s ETA 00:09
[download]   0.1% of    4.24MiB at    1.18MiB/s ETA 00:03
[download]   0.2% of    4.24MiB at    2.67MiB/s ETA 00:01
[download]   0.3% of    4.24MiB at    5.55MiB/s ETA 00:00
[download]   0.7% of    4.24MiB at    3.85MiB/s ETA 00:01
[download]   1.5% of    4.24MiB at    4.99MiB/s ETA 00:00
[download]   2.9% of    4.24MiB at    6.98MiB/s ETA 00:00
[download]   5.9% of    4.24MiB at    9.50MiB/s ETA 00:00
[download]  11.8% of    4.24MiB at   14.54MiB/s ETA 00:00
[download]  23.6% of    4.24MiB at    9.57MiB/s ETA 00:00
[download]  47.2% of    4.24MiB at    8.12MiB/s ETA 00:00
[download]  94.4% of    4.24MiB at   13.48MiB/s ETA 00:00
[download] 100.0% of    4.24MiB at   12.77MiB/s ETA 00:00
[download] 100% of    4.24MiB in 00:00:00 at 10.39MiB/s  
[ExtractAudio] Destination: /Users/marcelbuian/projects/mb/marcel-vibe/Deepium 2026/MarcelVibe/17/Billie Eilish - everything i wanted - 2020.mp3
Deleting original file /Users/marcelbuian/projects/mb/marcel-vibe/Deepium 2026/MarcelVibe/17/Billie Eilish - everything i wanted - 2020.webm (pass -k to keep)
[Metadata] Adding metadata to "/Users/marcelbuian/projects/mb/marcel-vibe/Deepium 2026/MarcelVibe/17/Billie Eilish - everything i wanted - 2020.mp3"
[EmbedThumbnail] ffmpeg: Adding thumbnail to "/Users/marcelbuian/projects/mb/marcel-vibe/Deepium 2026/MarcelVibe/17/Billie Eilish - everything i wanted - 2020.mp3"
[youtube] Extracting URL: https://www.youtube.com/watch?v=pY1zLFZdwJA
[youtube] Sleeping 1.0 seconds ...
[youtube] pY1zLFZdwJA: Downloading webpage
[youtube] Sleeping 1.0 seconds ...
[youtube] pY1zLFZdwJA: Downloading visionos player API JSON
[youtube] Sleeping 1.0 seconds ...
[youtube] pY1zLFZdwJA: Downloading m3u8 information
[info] pY1zLFZdwJA: Downloading 1 format(s): 251
[info] Downloading video thumbnail 41 ...
[info] Writing video thumbnail 41 to: /Users/marcelbuian/projects/mb/marcel-vibe/Deepium 2026/MarcelVibe/17/Liyv - Throne (coss & iorie Version) - 2020.webp
[ThumbnailsConvertor] Converting thumbnail "/Users/marcelbuian/projects/mb/marcel-vibe/Deepium 2026/MarcelVibe/17/Liyv - Throne (coss & iorie Version) - 2020.webp" to jpg
Deleting original file /Users/marcelbuian/projects/mb/marcel-vibe/Deepium 2026/MarcelVibe/17/Liyv - Throne (coss & iorie Version) - 2020.webp (pass -k to keep)
[download] Sleeping 1.22 seconds ...
[download] Destination: /Users/marcelbuian/projects/mb/marcel-vibe/Deepium 2026/MarcelVibe/17/Liyv - Throne (coss & iorie Version) - 2020.webm

[download]   0.0% of    6.73MiB at  445.26KiB/s ETA 00:15
[download]   0.0% of    6.73MiB at    1.03MiB/s ETA 00:06
[download]   0.1% of    6.73MiB at    2.17MiB/s ETA 00:03
[download]   0.2% of    6.73MiB at    4.30MiB/s ETA 00:01
[download]   0.4% of    6.73MiB at    4.45MiB/s ETA 00:01
[download]   0.9% of    6.73MiB at    4.72MiB/s ETA 00:01
[download]   1.8% of    6.73MiB at    7.61MiB/s ETA 00:00
[download]   3.7% of    6.73MiB at   10.70MiB/s ETA 00:00
[download]   7.4% of    6.73MiB at   15.04MiB/s ETA 00:00
[download]  14.8% of    6.73MiB at    9.85MiB/s ETA 00:00
[download]  29.7% of    6.73MiB at    8.20MiB/s ETA 00:00
[download]  59.4% of    6.73MiB at    7.53MiB/s ETA 00:00
[download] 100.0% of    6.73MiB at    7.83MiB/s ETA 00:00
[download] 100% of    6.73MiB in 00:00:01 at 6.13MiB/s   
[ExtractAudio] Destination: /Users/marcelbuian/projects/mb/marcel-vibe/Deepium 2026/MarcelVibe/17/Liyv - Throne (coss & iorie Version) - 2020.mp3
Deleting original file /Users/marcelbuian/projects/mb/marcel-vibe/Deepium 2026/MarcelVibe/17/Liyv - Throne (coss & iorie Version) - 2020.webm (pass -k to keep)
[Metadata] Adding metadata to "/Users/marcelbuian/projects/mb/marcel-vibe/Deepium 2026/MarcelVibe/17/Liyv - Throne (coss & iorie Version) - 2020.mp3"
[EmbedThumbnail] ffmpeg: Adding thumbnail to "/Users/marcelbuian/projects/mb/marcel-vibe/Deepium 2026/MarcelVibe/17/Liyv - Throne (coss & iorie Version) - 2020.mp3"
Reading URLs from STDIN - EOF (Ctrl+D) to end:

===== 18 (#18 - 2025-09-28 Paradise Bay, Malta) 15:36:03
[youtube] Extracting URL: https://www.youtube.com/watch?v=EZr37d0CMDQ
[youtube] EZr37d0CMDQ: Downloading webpage
[youtube] Sleeping 1.0 seconds ...
[youtube] EZr37d0CMDQ: Downloading visionos player API JSON
[youtube] Sleeping 1.0 seconds ...
[youtube] EZr37d0CMDQ: Downloading m3u8 information
[info] EZr37d0CMDQ: Downloading 1 format(s): 251
[info] Downloading video thumbnail 41 ...
[info] Video Thumbnail 41 does not exist
[info] Downloading video thumbnail 40 ...
[info] Video Thumbnail 40 does not exist
[info] Downloading video thumbnail 39 ...
[info] Video Thumbnail 39 does not exist
[info] Downloading video thumbnail 38 ...
[info] Video Thumbnail 38 does not exist
[info] Downloading video thumbnail 37 ...
[info] Writing video thumbnail 37 to: /Users/marcelbuian/projects/mb/marcel-vibe/Deepium 2026/MarcelVibe/18/Evren Furtuna - Cupid - 2021.webp
[ThumbnailsConvertor] Converting thumbnail "/Users/marcelbuian/projects/mb/marcel-vibe/Deepium 2026/MarcelVibe/18/Evren Furtuna - Cupid - 2021.webp" to jpg
Deleting original file /Users/marcelbuian/projects/mb/marcel-vibe/Deepium 2026/MarcelVibe/18/Evren Furtuna - Cupid - 2021.webp (pass -k to keep)
[download] Sleeping 2.58 seconds ...
[download] Destination: /Users/marcelbuian/projects/mb/marcel-vibe/Deepium 2026/MarcelVibe/18/Evren Furtuna - Cupid - 2021.webm

[download]   0.0% of    7.03MiB at  472.60KiB/s ETA 00:15
[download]   0.0% of    7.03MiB at    1.07MiB/s ETA 00:06
[download]   0.1% of    7.03MiB at    2.30MiB/s ETA 00:03
[download]   0.2% of    7.03MiB at    4.64MiB/s ETA 00:01
[download]   0.4% of    7.03MiB at    4.54MiB/s ETA 00:01
[download]   0.9% of    7.03MiB at    5.31MiB/s ETA 00:01
[download]   1.8% of    7.03MiB at    8.31MiB/s ETA 00:00
[download]   3.5% of    7.03MiB at   10.39MiB/s ETA 00:00
[download]   7.1% of    7.03MiB at   14.38MiB/s ETA 00:00
[download]  14.2% of    7.03MiB at   14.98MiB/s ETA 00:00
[download]  28.5% of    7.03MiB at    6.37MiB/s ETA 00:00
[download]  56.9% of    7.03MiB at    8.93MiB/s ETA 00:00
[download] 100.0% of    7.03MiB at    5.76MiB/s ETA 00:00
[download] 100% of    7.03MiB in 00:00:01 at 5.22MiB/s   
[ExtractAudio] Destination: /Users/marcelbuian/projects/mb/marcel-vibe/Deepium 2026/MarcelVibe/18/Evren Furtuna - Cupid - 2021.mp3
Deleting original file /Users/marcelbuian/projects/mb/marcel-vibe/Deepium 2026/MarcelVibe/18/Evren Furtuna - Cupid - 2021.webm (pass -k to keep)
[Metadata] Adding metadata to "/Users/marcelbuian/projects/mb/marcel-vibe/Deepium 2026/MarcelVibe/18/Evren Furtuna - Cupid - 2021.mp3"
[EmbedThumbnail] ffmpeg: Adding thumbnail to "/Users/marcelbuian/projects/mb/marcel-vibe/Deepium 2026/MarcelVibe/18/Evren Furtuna - Cupid - 2021.mp3"
[youtube] Extracting URL: https://www.youtube.com/watch?v=1Hg7wLWyB3w
[youtube] Sleeping 1.0 seconds ...
[youtube] 1Hg7wLWyB3w: Downloading webpage
[youtube] Sleeping 1.0 seconds ...
[youtube] 1Hg7wLWyB3w: Downloading visionos player API JSON
[youtube] Sleeping 1.0 seconds ...
[youtube] 1Hg7wLWyB3w: Downloading m3u8 information
[info] 1Hg7wLWyB3w: Downloading 1 format(s): 251
[info] Downloading video thumbnail 43 ...
[info] Video Thumbnail 43 does not exist
[info] Downloading video thumbnail 42 ...
[info] Video Thumbnail 42 does not exist
[info] Downloading video thumbnail 41 ...
[info] Video Thumbnail 41 does not exist
[info] Downloading video thumbnail 40 ...
[info] Video Thumbnail 40 does not exist
[info] Downloading video thumbnail 39 ...
[info] Video Thumbnail 39 does not exist
[info] Downloading video thumbnail 38 ...
[info] Video Thumbnail 38 does not exist
[info] Downloading video thumbnail 37 ...
[info] Writing video thumbnail 37 to: /Users/marcelbuian/projects/mb/marcel-vibe/Deepium 2026/MarcelVibe/18/paul roux . hold on ( extended mix ) - 2024.webp
[ThumbnailsConvertor] Converting thumbnail "/Users/marcelbuian/projects/mb/marcel-vibe/Deepium 2026/MarcelVibe/18/paul roux . hold on ( extended mix ) - 2024.webp" to jpg
Deleting original file /Users/marcelbuian/projects/mb/marcel-vibe/Deepium 2026/MarcelVibe/18/paul roux . hold on ( extended mix ) - 2024.webp (pass -k to keep)
[download] Sleeping 1.76 seconds ...
[download] Destination: /Users/marcelbuian/projects/mb/marcel-vibe/Deepium 2026/MarcelVibe/18/paul roux . hold on ( extended mix ) - 2024.webm

[download]   0.0% of    5.37MiB at  518.39KiB/s ETA 00:10
[download]   0.1% of    5.37MiB at    1.22MiB/s ETA 00:04
[download]   0.1% of    5.37MiB at    2.63MiB/s ETA 00:02
[download]   0.3% of    5.37MiB at    5.28MiB/s ETA 00:01
[download]   0.6% of    5.37MiB at    3.67MiB/s ETA 00:01
[download]   1.1% of    5.37MiB at    5.32MiB/s ETA 00:00
[download]   2.3% of    5.37MiB at    6.63MiB/s ETA 00:00
[download]   4.6% of    5.37MiB at    9.33MiB/s ETA 00:00
[download]   9.3% of    5.37MiB at   12.25MiB/s ETA 00:00
[download]  18.6% of    5.37MiB at   15.48MiB/s ETA 00:00
[download]  37.2% of    5.37MiB at   14.94MiB/s ETA 00:00
[download]  74.4% of    5.37MiB at   20.85MiB/s ETA 00:00
[download] 100.0% of    5.37MiB at   12.38MiB/s ETA 00:00
[download] 100% of    5.37MiB in 00:00:00 at 9.08MiB/s   
[ExtractAudio] Destination: /Users/marcelbuian/projects/mb/marcel-vibe/Deepium 2026/MarcelVibe/18/paul roux . hold on ( extended mix ) - 2024.mp3
Deleting original file /Users/marcelbuian/projects/mb/marcel-vibe/Deepium 2026/MarcelVibe/18/paul roux . hold on ( extended mix ) - 2024.webm (pass -k to keep)
[Metadata] Adding metadata to "/Users/marcelbuian/projects/mb/marcel-vibe/Deepium 2026/MarcelVibe/18/paul roux . hold on ( extended mix ) - 2024.mp3"
[EmbedThumbnail] ffmpeg: Adding thumbnail to "/Users/marcelbuian/projects/mb/marcel-vibe/Deepium 2026/MarcelVibe/18/paul roux . hold on ( extended mix ) - 2024.mp3"
[youtube] Extracting URL: https://www.youtube.com/watch?v=dVwiqnoM9sM
[youtube] Sleeping 1.0 seconds ...
[youtube] dVwiqnoM9sM: Downloading webpage
[youtube] Sleeping 1.0 seconds ...
[youtube] dVwiqnoM9sM: Downloading visionos player API JSON
[youtube] Sleeping 1.0 seconds ...
[youtube] dVwiqnoM9sM: Downloading m3u8 information
[info] dVwiqnoM9sM: Downloading 1 format(s): 251
[info] Downloading video thumbnail 41 ...
[info] Writing video thumbnail 41 to: /Users/marcelbuian/projects/mb/marcel-vibe/Deepium 2026/MarcelVibe/18/Ben Samuel - Toscana - 2016.webp
[ThumbnailsConvertor] Converting thumbnail "/Users/marcelbuian/projects/mb/marcel-vibe/Deepium 2026/MarcelVibe/18/Ben Samuel - Toscana - 2016.webp" to jpg
Deleting original file /Users/marcelbuian/projects/mb/marcel-vibe/Deepium 2026/MarcelVibe/18/Ben Samuel - Toscana - 2016.webp (pass -k to keep)
[download] Sleeping 2.36 seconds ...
[download] Destination: /Users/marcelbuian/projects/mb/marcel-vibe/Deepium 2026/MarcelVibe/18/Ben Samuel - Toscana - 2016.webm

[download]   0.0% of    6.46MiB at  550.43KiB/s ETA 00:12
[download]   0.0% of    6.46MiB at    1.20MiB/s ETA 00:05
[download]   0.1% of    6.46MiB at    1.90MiB/s ETA 00:03
[download]   0.2% of    6.46MiB at    3.76MiB/s ETA 00:01
[download]   0.5% of    6.46MiB at    4.85MiB/s ETA 00:01
[download]   1.0% of    6.46MiB at    5.05MiB/s ETA 00:01
[download]   1.9% of    6.46MiB at    6.87MiB/s ETA 00:00
[download]   3.9% of    6.46MiB at   10.05MiB/s ETA 00:00
[download]   7.7% of    6.46MiB at   14.53MiB/s ETA 00:00
[download]  15.5% of    6.46MiB at    9.40MiB/s ETA 00:00
[download]  31.0% of    6.46MiB at    8.70MiB/s ETA 00:00
[download]  61.9% of    6.46MiB at   14.49MiB/s ETA 00:00
[download] 100.0% of    6.46MiB at   11.60MiB/s ETA 00:00
[download] 100% of    6.46MiB in 00:00:01 at 6.16MiB/s   
[ExtractAudio] Destination: /Users/marcelbuian/projects/mb/marcel-vibe/Deepium 2026/MarcelVibe/18/Ben Samuel - Toscana - 2016.mp3
Deleting original file /Users/marcelbuian/projects/mb/marcel-vibe/Deepium 2026/MarcelVibe/18/Ben Samuel - Toscana - 2016.webm (pass -k to keep)
[Metadata] Adding metadata to "/Users/marcelbuian/projects/mb/marcel-vibe/Deepium 2026/MarcelVibe/18/Ben Samuel - Toscana - 2016.mp3"
[EmbedThumbnail] ffmpeg: Adding thumbnail to "/Users/marcelbuian/projects/mb/marcel-vibe/Deepium 2026/MarcelVibe/18/Ben Samuel - Toscana - 2016.mp3"
[youtube] Extracting URL: https://www.youtube.com/watch?v=P-OmccKL2gw
[youtube] Sleeping 1.0 seconds ...
[youtube] P-OmccKL2gw: Downloading webpage
[youtube] Sleeping 1.0 seconds ...
[youtube] P-OmccKL2gw: Downloading visionos player API JSON
[youtube] Sleeping 1.0 seconds ...
[youtube] P-OmccKL2gw: Downloading m3u8 information
[info] P-OmccKL2gw: Downloading 1 format(s): 251
[info] Downloading video thumbnail 44 ...
[info] Writing video thumbnail 44 to: /Users/marcelbuian/projects/mb/marcel-vibe/Deepium 2026/MarcelVibe/18/Four Candles - Inner - 2024.webp
[ThumbnailsConvertor] Converting thumbnail "/Users/marcelbuian/projects/mb/marcel-vibe/Deepium 2026/MarcelVibe/18/Four Candles - Inner - 2024.webp" to jpg
Deleting original file /Users/marcelbuian/projects/mb/marcel-vibe/Deepium 2026/MarcelVibe/18/Four Candles - Inner - 2024.webp (pass -k to keep)
[download] Sleeping 2.97 seconds ...
[download] Destination: /Users/marcelbuian/projects/mb/marcel-vibe/Deepium 2026/MarcelVibe/18/Four Candles - Inner - 2024.webm

[download]   0.0% of    4.43MiB at  529.12KiB/s ETA 00:08
[download]   0.1% of    4.43MiB at    1.38MiB/s ETA 00:03
[download]   0.2% of    4.43MiB at    3.07MiB/s ETA 00:01
[download]   0.3% of    4.43MiB at    6.27MiB/s ETA 00:00
[download]   0.7% of    4.43MiB at   11.31MiB/s ETA 00:00
[download]   1.4% of    4.43MiB at   21.34MiB/s ETA 00:00
[download]   2.8% of    4.43MiB at   18.31MiB/s ETA 00:00
[download]   5.6% of    4.43MiB at   20.23MiB/s ETA 00:00
[download]  11.3% of    4.43MiB at   15.82MiB/s ETA 00:00
[download]  22.5% of    4.43MiB at   15.14MiB/s ETA 00:00
[download]  45.1% of    4.43MiB at   15.06MiB/s ETA 00:00
[download]  90.2% of    4.43MiB at    6.92MiB/s ETA 00:00
[download] 100.0% of    4.43MiB at    7.55MiB/s ETA 00:00
[download] 100% of    4.43MiB in 00:00:00 at 5.71MiB/s   
[ExtractAudio] Destination: /Users/marcelbuian/projects/mb/marcel-vibe/Deepium 2026/MarcelVibe/18/Four Candles - Inner - 2024.mp3
Deleting original file /Users/marcelbuian/projects/mb/marcel-vibe/Deepium 2026/MarcelVibe/18/Four Candles - Inner - 2024.webm (pass -k to keep)
[Metadata] Adding metadata to "/Users/marcelbuian/projects/mb/marcel-vibe/Deepium 2026/MarcelVibe/18/Four Candles - Inner - 2024.mp3"
[EmbedThumbnail] ffmpeg: Adding thumbnail to "/Users/marcelbuian/projects/mb/marcel-vibe/Deepium 2026/MarcelVibe/18/Four Candles - Inner - 2024.mp3"
[youtube] Extracting URL: https://www.youtube.com/watch?v=jwDkPZO3HEg
[youtube] Sleeping 1.0 seconds ...
[youtube] jwDkPZO3HEg: Downloading webpage
[youtube] Sleeping 1.0 seconds ...
[youtube] jwDkPZO3HEg: Downloading visionos player API JSON
[youtube] Sleeping 1.0 seconds ...
[youtube] jwDkPZO3HEg: Downloading m3u8 information
[info] jwDkPZO3HEg: Downloading 1 format(s): 251
[info] Downloading video thumbnail 41 ...
[info] Writing video thumbnail 41 to: /Users/marcelbuian/projects/mb/marcel-vibe/Deepium 2026/MarcelVibe/18/Roy Rosenfeld - The Biggest Heart (Original Mix) [TRYBESof] - 2019.webp
[ThumbnailsConvertor] Converting thumbnail "/Users/marcelbuian/projects/mb/marcel-vibe/Deepium 2026/MarcelVibe/18/Roy Rosenfeld - The Biggest Heart (Original Mix) [TRYBESof] - 2019.webp" to jpg
Deleting original file /Users/marcelbuian/projects/mb/marcel-vibe/Deepium 2026/MarcelVibe/18/Roy Rosenfeld - The Biggest Heart (Original Mix) [TRYBESof] - 2019.webp (pass -k to keep)
[download] Sleeping 2.87 seconds ...
[download] Destination: /Users/marcelbuian/projects/mb/marcel-vibe/Deepium 2026/MarcelVibe/18/Roy Rosenfeld - The Biggest Heart (Original Mix) [TRYBESof] - 2019.webm

[download]   0.0% of    9.25MiB at  Unknown B/s ETA Unknown
[download]   0.0% of    9.25MiB at    2.42MiB/s ETA 00:03  
[download]   0.1% of    9.25MiB at    4.71MiB/s ETA 00:01
[download]   0.2% of    9.25MiB at    8.80MiB/s ETA 00:01
[download]   0.3% of    9.25MiB at   15.88MiB/s ETA 00:00
[download]   0.7% of    9.25MiB at   22.54MiB/s ETA 00:00
[download]   1.3% of    9.25MiB at   17.71MiB/s ETA 00:00
[download]   2.7% of    9.25MiB at   19.78MiB/s ETA 00:00
[download]   5.4% of    9.25MiB at   15.46MiB/s ETA 00:00
[download]  10.8% of    9.25MiB at   15.05MiB/s ETA 00:00
[download]  21.6% of    9.25MiB at   15.00MiB/s ETA 00:00
[download]  43.2% of    9.25MiB at   22.98MiB/s ETA 00:00
[download]  86.5% of    9.25MiB at   16.16MiB/s ETA 00:00
[download] 100.0% of    9.25MiB at   17.24MiB/s ETA 00:00
[download] 100% of    9.25MiB in 00:00:00 at 13.74MiB/s  
[ExtractAudio] Destination: /Users/marcelbuian/projects/mb/marcel-vibe/Deepium 2026/MarcelVibe/18/Roy Rosenfeld - The Biggest Heart (Original Mix) [TRYBESof] - 2019.mp3
Deleting original file /Users/marcelbuian/projects/mb/marcel-vibe/Deepium 2026/MarcelVibe/18/Roy Rosenfeld - The Biggest Heart (Original Mix) [TRYBESof] - 2019.webm (pass -k to keep)
[Metadata] Adding metadata to "/Users/marcelbuian/projects/mb/marcel-vibe/Deepium 2026/MarcelVibe/18/Roy Rosenfeld - The Biggest Heart (Original Mix) [TRYBESof] - 2019.mp3"
[EmbedThumbnail] ffmpeg: Adding thumbnail to "/Users/marcelbuian/projects/mb/marcel-vibe/Deepium 2026/MarcelVibe/18/Roy Rosenfeld - The Biggest Heart (Original Mix) [TRYBESof] - 2019.mp3"
[youtube] Extracting URL: https://www.youtube.com/watch?v=Cb10I9f0SpQ
[youtube] Sleeping 1.0 seconds ...
[youtube] Cb10I9f0SpQ: Downloading webpage
[youtube] Sleeping 1.0 seconds ...
[youtube] Cb10I9f0SpQ: Downloading visionos player API JSON
[youtube] Sleeping 1.0 seconds ...
[youtube] Cb10I9f0SpQ: Downloading m3u8 information
[info] Cb10I9f0SpQ: Downloading 1 format(s): 251
[info] Downloading video thumbnail 44 ...
[info] Writing video thumbnail 44 to: /Users/marcelbuian/projects/mb/marcel-vibe/Deepium 2026/MarcelVibe/18/Deek That - Kupanda Kupumua (Original Mix) - 2022.webp
[ThumbnailsConvertor] Converting thumbnail "/Users/marcelbuian/projects/mb/marcel-vibe/Deepium 2026/MarcelVibe/18/Deek That - Kupanda Kupumua (Original Mix) - 2022.webp" to jpg
Deleting original file /Users/marcelbuian/projects/mb/marcel-vibe/Deepium 2026/MarcelVibe/18/Deek That - Kupanda Kupumua (Original Mix) - 2022.webp (pass -k to keep)
[download] Sleeping 2.84 seconds ...
[download] Destination: /Users/marcelbuian/projects/mb/marcel-vibe/Deepium 2026/MarcelVibe/18/Deek That - Kupanda Kupumua (Original Mix) - 2022.webm

[download]   0.0% of    7.27MiB at  511.25KiB/s ETA 00:14
[download]   0.0% of    7.27MiB at    1.13MiB/s ETA 00:06
[download]   0.1% of    7.27MiB at    2.34MiB/s ETA 00:03
[download]   0.2% of    7.27MiB at    4.48MiB/s ETA 00:01
[download]   0.4% of    7.27MiB at    4.08MiB/s ETA 00:01
[download]   0.8% of    7.27MiB at    5.19MiB/s ETA 00:01
[download]   1.7% of    7.27MiB at    3.24MiB/s ETA 00:02
[download]   3.4% of    7.27MiB at    3.24MiB/s ETA 00:02
[download]   6.9% of    7.27MiB at    4.45MiB/s ETA 00:01
[download]  13.7% of    7.27MiB at    6.61MiB/s ETA 00:00
[download]  27.5% of    7.27MiB at    9.19MiB/s ETA 00:00
[download]  55.0% of    7.27MiB at    8.58MiB/s ETA 00:00
[download] 100.0% of    7.27MiB at    5.08MiB/s ETA 00:00
[download] 100% of    7.27MiB in 00:00:01 at 4.16MiB/s   
[ExtractAudio] Destination: /Users/marcelbuian/projects/mb/marcel-vibe/Deepium 2026/MarcelVibe/18/Deek That - Kupanda Kupumua (Original Mix) - 2022.mp3
Deleting original file /Users/marcelbuian/projects/mb/marcel-vibe/Deepium 2026/MarcelVibe/18/Deek That - Kupanda Kupumua (Original Mix) - 2022.webm (pass -k to keep)
[Metadata] Adding metadata to "/Users/marcelbuian/projects/mb/marcel-vibe/Deepium 2026/MarcelVibe/18/Deek That - Kupanda Kupumua (Original Mix) - 2022.mp3"
[EmbedThumbnail] ffmpeg: Adding thumbnail to "/Users/marcelbuian/projects/mb/marcel-vibe/Deepium 2026/MarcelVibe/18/Deek That - Kupanda Kupumua (Original Mix) - 2022.mp3"
[youtube] Extracting URL: https://www.youtube.com/watch?v=dIjyKiOzkWE
[youtube] Sleeping 1.0 seconds ...
[youtube] dIjyKiOzkWE: Downloading webpage
[youtube] Sleeping 1.0 seconds ...
[youtube] dIjyKiOzkWE: Downloading visionos player API JSON
[youtube] Sleeping 1.0 seconds ...
[youtube] dIjyKiOzkWE: Downloading m3u8 information
[info] dIjyKiOzkWE: Downloading 1 format(s): 251
[info] Downloading video thumbnail 41 ...
[info] Writing video thumbnail 41 to: /Users/marcelbuian/projects/mb/marcel-vibe/Deepium 2026/MarcelVibe/18/Nacho Varela, Cruz Vittor, Nauel - Underworld (Volen Sentir Remix) - 2026.webp
[ThumbnailsConvertor] Converting thumbnail "/Users/marcelbuian/projects/mb/marcel-vibe/Deepium 2026/MarcelVibe/18/Nacho Varela, Cruz Vittor, Nauel - Underworld (Volen Sentir Remix) - 2026.webp" to jpg
Deleting original file /Users/marcelbuian/projects/mb/marcel-vibe/Deepium 2026/MarcelVibe/18/Nacho Varela, Cruz Vittor, Nauel - Underworld (Volen Sentir Remix) - 2026.webp (pass -k to keep)
[download] Sleeping 1.92 seconds ...
[download] Destination: /Users/marcelbuian/projects/mb/marcel-vibe/Deepium 2026/MarcelVibe/18/Nacho Varela, Cruz Vittor, Nauel - Underworld (Volen Sentir Remix) - 2026.webm

[download]   0.0% of    7.86MiB at  131.73KiB/s ETA 01:01
[download]   0.0% of    7.86MiB at  361.71KiB/s ETA 00:22
[download]   0.1% of    7.86MiB at  815.65KiB/s ETA 00:09
[download]   0.2% of    7.86MiB at    1.67MiB/s ETA 00:04
[download]   0.4% of    7.86MiB at  581.08KiB/s ETA 00:13
[download]   0.8% of    7.86MiB at  664.16KiB/s ETA 00:12
[download]   1.6% of    7.86MiB at  903.57KiB/s ETA 00:08
[download]   3.2% of    7.86MiB at    1.28MiB/s ETA 00:05
[download]   6.3% of    7.86MiB at    2.03MiB/s ETA 00:03
[download]  12.7% of    7.86MiB at    3.31MiB/s ETA 00:02
[download]  25.4% of    7.86MiB at    5.57MiB/s ETA 00:01
[download]  50.9% of    7.86MiB at    5.52MiB/s ETA 00:00
[download] 100.0% of    7.86MiB at    7.03MiB/s ETA 00:00
[download] 100% of    7.86MiB in 00:00:01 at 5.42MiB/s   
[ExtractAudio] Destination: /Users/marcelbuian/projects/mb/marcel-vibe/Deepium 2026/MarcelVibe/18/Nacho Varela, Cruz Vittor, Nauel - Underworld (Volen Sentir Remix) - 2026.mp3
Deleting original file /Users/marcelbuian/projects/mb/marcel-vibe/Deepium 2026/MarcelVibe/18/Nacho Varela, Cruz Vittor, Nauel - Underworld (Volen Sentir Remix) - 2026.webm (pass -k to keep)
[Metadata] Adding metadata to "/Users/marcelbuian/projects/mb/marcel-vibe/Deepium 2026/MarcelVibe/18/Nacho Varela, Cruz Vittor, Nauel - Underworld (Volen Sentir Remix) - 2026.mp3"
[EmbedThumbnail] ffmpeg: Adding thumbnail to "/Users/marcelbuian/projects/mb/marcel-vibe/Deepium 2026/MarcelVibe/18/Nacho Varela, Cruz Vittor, Nauel - Underworld (Volen Sentir Remix) - 2026.mp3"
[youtube] Extracting URL: https://www.youtube.com/watch?v=_fxDxtHJbXE
[youtube] Sleeping 1.0 seconds ...
[youtube] _fxDxtHJbXE: Downloading webpage
[youtube] Sleeping 1.0 seconds ...
[youtube] _fxDxtHJbXE: Downloading visionos player API JSON
[youtube] Sleeping 1.0 seconds ...
[youtube] _fxDxtHJbXE: Downloading m3u8 information
[info] _fxDxtHJbXE: Downloading 1 format(s): 251
[info] Downloading video thumbnail 44 ...
[info] Writing video thumbnail 44 to: /Users/marcelbuian/projects/mb/marcel-vibe/Deepium 2026/MarcelVibe/18/DJ Danjer - Green Sky (Original Mix) I Ostowana - 2023.webp
[ThumbnailsConvertor] Converting thumbnail "/Users/marcelbuian/projects/mb/marcel-vibe/Deepium 2026/MarcelVibe/18/DJ Danjer - Green Sky (Original Mix) I Ostowana - 2023.webp" to jpg
Deleting original file /Users/marcelbuian/projects/mb/marcel-vibe/Deepium 2026/MarcelVibe/18/DJ Danjer - Green Sky (Original Mix) I Ostowana - 2023.webp (pass -k to keep)
[download] Sleeping 2.05 seconds ...
[download] Destination: /Users/marcelbuian/projects/mb/marcel-vibe/Deepium 2026/MarcelVibe/18/DJ Danjer - Green Sky (Original Mix) I Ostowana - 2023.webm

[download]   0.0% of    7.73MiB at  Unknown B/s ETA Unknown
[download]   0.0% of    7.73MiB at    2.21MiB/s ETA 00:03  
[download]   0.1% of    7.73MiB at    3.98MiB/s ETA 00:01
[download]   0.2% of    7.73MiB at    7.24MiB/s ETA 00:01
[download]   0.4% of    7.73MiB at   12.54MiB/s ETA 00:00
[download]   0.8% of    7.73MiB at   15.55MiB/s ETA 00:00
[download]   1.6% of    7.73MiB at   17.04MiB/s ETA 00:00
[download]   3.2% of    7.73MiB at   14.78MiB/s ETA 00:00
[download]   6.5% of    7.73MiB at   15.30MiB/s ETA 00:00
[download]  12.9% of    7.73MiB at   14.76MiB/s ETA 00:00
[download]  25.8% of    7.73MiB at   14.84MiB/s ETA 00:00
[download]  51.7% of    7.73MiB at   21.88MiB/s ETA 00:00
[download] 100.0% of    7.73MiB at   14.64MiB/s ETA 00:00
[download] 100% of    7.73MiB in 00:00:00 at 12.23MiB/s  
[ExtractAudio] Destination: /Users/marcelbuian/projects/mb/marcel-vibe/Deepium 2026/MarcelVibe/18/DJ Danjer - Green Sky (Original Mix) I Ostowana - 2023.mp3
Deleting original file /Users/marcelbuian/projects/mb/marcel-vibe/Deepium 2026/MarcelVibe/18/DJ Danjer - Green Sky (Original Mix) I Ostowana - 2023.webm (pass -k to keep)
[Metadata] Adding metadata to "/Users/marcelbuian/projects/mb/marcel-vibe/Deepium 2026/MarcelVibe/18/DJ Danjer - Green Sky (Original Mix) I Ostowana - 2023.mp3"
[EmbedThumbnail] ffmpeg: Adding thumbnail to "/Users/marcelbuian/projects/mb/marcel-vibe/Deepium 2026/MarcelVibe/18/DJ Danjer - Green Sky (Original Mix) I Ostowana - 2023.mp3"
[youtube] Extracting URL: https://www.youtube.com/watch?v=xjvHZnG-tXs
[youtube] Sleeping 1.0 seconds ...
[youtube] xjvHZnG-tXs: Downloading webpage
[youtube] Sleeping 1.0 seconds ...
[youtube] xjvHZnG-tXs: Downloading visionos player API JSON
[youtube] Sleeping 1.0 seconds ...
[youtube] xjvHZnG-tXs: Downloading m3u8 information
[info] xjvHZnG-tXs: Downloading 1 format(s): 251
[info] Downloading video thumbnail 44 ...
[info] Writing video thumbnail 44 to: /Users/marcelbuian/projects/mb/marcel-vibe/Deepium 2026/MarcelVibe/18/Bona Fide & Wassu - Love Sparkles - 2022.webp
[ThumbnailsConvertor] Converting thumbnail "/Users/marcelbuian/projects/mb/marcel-vibe/Deepium 2026/MarcelVibe/18/Bona Fide & Wassu - Love Sparkles - 2022.webp" to jpg
Deleting original file /Users/marcelbuian/projects/mb/marcel-vibe/Deepium 2026/MarcelVibe/18/Bona Fide & Wassu - Love Sparkles - 2022.webp (pass -k to keep)
[download] Sleeping 2.72 seconds ...
[download] Destination: /Users/marcelbuian/projects/mb/marcel-vibe/Deepium 2026/MarcelVibe/18/Bona Fide & Wassu - Love Sparkles - 2022.webm

[download]   0.0% of    6.33MiB at  111.04KiB/s ETA 00:58
[download]   0.0% of    6.33MiB at  320.07KiB/s ETA 00:20
[download]   0.1% of    6.33MiB at  732.90KiB/s ETA 00:08
[download]   0.2% of    6.33MiB at    1.51MiB/s ETA 00:04
[download]   0.5% of    6.33MiB at    2.58MiB/s ETA 00:02
[download]   1.0% of    6.33MiB at    3.25MiB/s ETA 00:01
[download]   2.0% of    6.33MiB at    4.17MiB/s ETA 00:01
[download]   3.9% of    6.33MiB at    6.85MiB/s ETA 00:00
[download]   7.9% of    6.33MiB at   11.28MiB/s ETA 00:00
[download]  15.8% of    6.33MiB at    9.87MiB/s ETA 00:00
[download]  31.6% of    6.33MiB at    6.47MiB/s ETA 00:00
[download]  63.2% of    6.33MiB at    7.79MiB/s ETA 00:00
[download] 100.0% of    6.33MiB at    7.67MiB/s ETA 00:00
[download] 100% of    6.33MiB in 00:00:00 at 6.73MiB/s   
[ExtractAudio] Destination: /Users/marcelbuian/projects/mb/marcel-vibe/Deepium 2026/MarcelVibe/18/Bona Fide & Wassu - Love Sparkles - 2022.mp3
Deleting original file /Users/marcelbuian/projects/mb/marcel-vibe/Deepium 2026/MarcelVibe/18/Bona Fide & Wassu - Love Sparkles - 2022.webm (pass -k to keep)
[Metadata] Adding metadata to "/Users/marcelbuian/projects/mb/marcel-vibe/Deepium 2026/MarcelVibe/18/Bona Fide & Wassu - Love Sparkles - 2022.mp3"
[EmbedThumbnail] ffmpeg: Adding thumbnail to "/Users/marcelbuian/projects/mb/marcel-vibe/Deepium 2026/MarcelVibe/18/Bona Fide & Wassu - Love Sparkles - 2022.mp3"
[youtube] Extracting URL: https://www.youtube.com/watch?v=KqwvZIITsRs
[youtube] Sleeping 1.0 seconds ...
[youtube] KqwvZIITsRs: Downloading webpage
[youtube] Sleeping 1.0 seconds ...
[youtube] KqwvZIITsRs: Downloading visionos player API JSON
[youtube] Sleeping 1.0 seconds ...
[youtube] KqwvZIITsRs: Downloading m3u8 information
[info] KqwvZIITsRs: Downloading 1 format(s): 251
[info] Downloading video thumbnail 44 ...
[info] Writing video thumbnail 44 to: /Users/marcelbuian/projects/mb/marcel-vibe/Deepium 2026/MarcelVibe/18/Andre Rizo & VICTHOR - Sombrita (Original mix) - 2017.webp
[ThumbnailsConvertor] Converting thumbnail "/Users/marcelbuian/projects/mb/marcel-vibe/Deepium 2026/MarcelVibe/18/Andre Rizo & VICTHOR - Sombrita (Original mix) - 2017.webp" to jpg
Deleting original file /Users/marcelbuian/projects/mb/marcel-vibe/Deepium 2026/MarcelVibe/18/Andre Rizo & VICTHOR - Sombrita (Original mix) - 2017.webp (pass -k to keep)
[download] Sleeping 1.67 seconds ...
[download] Destination: /Users/marcelbuian/projects/mb/marcel-vibe/Deepium 2026/MarcelVibe/18/Andre Rizo & VICTHOR - Sombrita (Original mix) - 2017.webm

[download]   0.0% of    4.64MiB at  Unknown B/s ETA Unknown
[download]   0.1% of    4.64MiB at    2.02MiB/s ETA 00:02  
[download]   0.1% of    4.64MiB at    3.84MiB/s ETA 00:01
[download]   0.3% of    4.64MiB at    7.05MiB/s ETA 00:00
[download]   0.7% of    4.64MiB at   12.68MiB/s ETA 00:00
[download]   1.3% of    4.64MiB at   16.89MiB/s ETA 00:00
[download]   2.7% of    4.64MiB at   16.09MiB/s ETA 00:00
[download]   5.4% of    4.64MiB at   19.79MiB/s ETA 00:00
[download]  10.8% of    4.64MiB at   15.35MiB/s ETA 00:00
[download]  21.5% of    4.64MiB at   14.89MiB/s ETA 00:00
[download]  43.1% of    4.64MiB at   15.10MiB/s ETA 00:00
[download]  86.2% of    4.64MiB at   17.60MiB/s ETA 00:00
[download] 100.0% of    4.64MiB at   11.40MiB/s ETA 00:00
[download] 100% of    4.64MiB in 00:00:00 at 8.41MiB/s   
[ExtractAudio] Destination: /Users/marcelbuian/projects/mb/marcel-vibe/Deepium 2026/MarcelVibe/18/Andre Rizo & VICTHOR - Sombrita (Original mix) - 2017.mp3
Deleting original file /Users/marcelbuian/projects/mb/marcel-vibe/Deepium 2026/MarcelVibe/18/Andre Rizo & VICTHOR - Sombrita (Original mix) - 2017.webm (pass -k to keep)
[Metadata] Adding metadata to "/Users/marcelbuian/projects/mb/marcel-vibe/Deepium 2026/MarcelVibe/18/Andre Rizo & VICTHOR - Sombrita (Original mix) - 2017.mp3"
[EmbedThumbnail] ffmpeg: Adding thumbnail to "/Users/marcelbuian/projects/mb/marcel-vibe/Deepium 2026/MarcelVibe/18/Andre Rizo & VICTHOR - Sombrita (Original mix) - 2017.mp3"
[youtube] Extracting URL: https://www.youtube.com/watch?v=g5k8DexrhKg
[youtube] Sleeping 1.0 seconds ...
[youtube] g5k8DexrhKg: Downloading webpage
[youtube] Sleeping 1.0 seconds ...
[youtube] g5k8DexrhKg: Downloading visionos player API JSON
[youtube] Sleeping 1.0 seconds ...
[youtube] g5k8DexrhKg: Downloading m3u8 information
[info] g5k8DexrhKg: Downloading 1 format(s): 251
[info] Downloading video thumbnail 44 ...
[info] Writing video thumbnail 44 to: /Users/marcelbuian/projects/mb/marcel-vibe/Deepium 2026/MarcelVibe/18/Mobb Deep, Nick Morgan - Shook Ones, Pt. III (Extended Mix) - 2024.webp
[ThumbnailsConvertor] Converting thumbnail "/Users/marcelbuian/projects/mb/marcel-vibe/Deepium 2026/MarcelVibe/18/Mobb Deep, Nick Morgan - Shook Ones, Pt. III (Extended Mix) - 2024.webp" to jpg
Deleting original file /Users/marcelbuian/projects/mb/marcel-vibe/Deepium 2026/MarcelVibe/18/Mobb Deep, Nick Morgan - Shook Ones, Pt. III (Extended Mix) - 2024.webp (pass -k to keep)
[download] Sleeping 1.88 seconds ...
[download] Destination: /Users/marcelbuian/projects/mb/marcel-vibe/Deepium 2026/MarcelVibe/18/Mobb Deep, Nick Morgan - Shook Ones, Pt. III (Extended Mix) - 2024.webm

[download]   0.0% of    7.10MiB at  498.49KiB/s ETA 00:14
[download]   0.0% of    7.10MiB at    1.30MiB/s ETA 00:05
[download]   0.1% of    7.10MiB at    2.88MiB/s ETA 00:02
[download]   0.2% of    7.10MiB at    5.98MiB/s ETA 00:01
[download]   0.4% of    7.10MiB at    2.91MiB/s ETA 00:02
[download]   0.9% of    7.10MiB at    4.26MiB/s ETA 00:01
[download]   1.7% of    7.10MiB at    5.77MiB/s ETA 00:01
[download]   3.5% of    7.10MiB at    7.64MiB/s ETA 00:00
[download]   7.0% of    7.10MiB at   11.17MiB/s ETA 00:00
[download]  14.1% of    7.10MiB at    8.78MiB/s ETA 00:00
[download]  28.2% of    7.10MiB at    8.80MiB/s ETA 00:00
[download]  56.3% of    7.10MiB at   14.85MiB/s ETA 00:00
[download] 100.0% of    7.10MiB at   10.46MiB/s ETA 00:00
[download] 100% of    7.10MiB in 00:00:00 at 8.65MiB/s   
[ExtractAudio] Destination: /Users/marcelbuian/projects/mb/marcel-vibe/Deepium 2026/MarcelVibe/18/Mobb Deep, Nick Morgan - Shook Ones, Pt. III (Extended Mix) - 2024.mp3
Deleting original file /Users/marcelbuian/projects/mb/marcel-vibe/Deepium 2026/MarcelVibe/18/Mobb Deep, Nick Morgan - Shook Ones, Pt. III (Extended Mix) - 2024.webm (pass -k to keep)
[Metadata] Adding metadata to "/Users/marcelbuian/projects/mb/marcel-vibe/Deepium 2026/MarcelVibe/18/Mobb Deep, Nick Morgan - Shook Ones, Pt. III (Extended Mix) - 2024.mp3"
[EmbedThumbnail] ffmpeg: Adding thumbnail to "/Users/marcelbuian/projects/mb/marcel-vibe/Deepium 2026/MarcelVibe/18/Mobb Deep, Nick Morgan - Shook Ones, Pt. III (Extended Mix) - 2024.mp3"
Reading URLs from STDIN - EOF (Ctrl+D) to end:

===== 19 (#19 - 2025-10-26 Golden Bay, Malta) 15:37:59
[youtube] Extracting URL: https://www.youtube.com/watch?v=vv9WGXoarXA
[youtube] vv9WGXoarXA: Downloading webpage
[youtube] Sleeping 1.0 seconds ...
[youtube] vv9WGXoarXA: Downloading visionos player API JSON
[youtube] Sleeping 1.0 seconds ...
[youtube] vv9WGXoarXA: Downloading m3u8 information
[info] vv9WGXoarXA: Downloading 1 format(s): 251
[info] Downloading video thumbnail 44 ...
[info] Writing video thumbnail 44 to: /Users/marcelbuian/projects/mb/marcel-vibe/Deepium 2026/MarcelVibe/19/Moby - Why Does My Heart Feel So Bad (Lukas Grinys Edit) - 2016.webp
[ThumbnailsConvertor] Converting thumbnail "/Users/marcelbuian/projects/mb/marcel-vibe/Deepium 2026/MarcelVibe/19/Moby - Why Does My Heart Feel So Bad (Lukas Grinys Edit) - 2016.webp" to jpg
Deleting original file /Users/marcelbuian/projects/mb/marcel-vibe/Deepium 2026/MarcelVibe/19/Moby - Why Does My Heart Feel So Bad (Lukas Grinys Edit) - 2016.webp (pass -k to keep)
[download] Sleeping 2.83 seconds ...
[download] Destination: /Users/marcelbuian/projects/mb/marcel-vibe/Deepium 2026/MarcelVibe/19/Moby - Why Does My Heart Feel So Bad (Lukas Grinys Edit) - 2016.webm

[download]   0.0% of    6.35MiB at  470.79KiB/s ETA 00:13
[download]   0.0% of    6.35MiB at    1.15MiB/s ETA 00:05
[download]   0.1% of    6.35MiB at    2.48MiB/s ETA 00:02
[download]   0.2% of    6.35MiB at    4.98MiB/s ETA 00:01
[download]   0.5% of    6.35MiB at    4.47MiB/s ETA 00:01
[download]   1.0% of    6.35MiB at    4.94MiB/s ETA 00:01
[download]   2.0% of    6.35MiB at    6.97MiB/s ETA 00:00
[download]   3.9% of    6.35MiB at   10.20MiB/s ETA 00:00
[download]   7.9% of    6.35MiB at   15.13MiB/s ETA 00:00
[download]  15.7% of    6.35MiB at   14.86MiB/s ETA 00:00
[download]  31.5% of    6.35MiB at    6.28MiB/s ETA 00:00
[download]  63.0% of    6.35MiB at    8.50MiB/s ETA 00:00
[download] 100.0% of    6.35MiB at    9.75MiB/s ETA 00:00
[download] 100% of    6.35MiB in 00:00:00 at 8.24MiB/s   
[ExtractAudio] Destination: /Users/marcelbuian/projects/mb/marcel-vibe/Deepium 2026/MarcelVibe/19/Moby - Why Does My Heart Feel So Bad (Lukas Grinys Edit) - 2016.mp3
Deleting original file /Users/marcelbuian/projects/mb/marcel-vibe/Deepium 2026/MarcelVibe/19/Moby - Why Does My Heart Feel So Bad (Lukas Grinys Edit) - 2016.webm (pass -k to keep)
[Metadata] Adding metadata to "/Users/marcelbuian/projects/mb/marcel-vibe/Deepium 2026/MarcelVibe/19/Moby - Why Does My Heart Feel So Bad (Lukas Grinys Edit) - 2016.mp3"
[EmbedThumbnail] ffmpeg: Adding thumbnail to "/Users/marcelbuian/projects/mb/marcel-vibe/Deepium 2026/MarcelVibe/19/Moby - Why Does My Heart Feel So Bad (Lukas Grinys Edit) - 2016.mp3"
[youtube] Extracting URL: https://www.youtube.com/watch?v=66I278Bc7Q0
[youtube] Sleeping 1.0 seconds ...
[youtube] 66I278Bc7Q0: Downloading webpage
[youtube] Sleeping 1.0 seconds ...
[youtube] 66I278Bc7Q0: Downloading visionos player API JSON
[youtube] Sleeping 1.0 seconds ...
[youtube] 66I278Bc7Q0: Downloading m3u8 information
[info] 66I278Bc7Q0: Downloading 1 format(s): 251
[info] Downloading video thumbnail 43 ...
[info] Writing video thumbnail 43 to: /Users/marcelbuian/projects/mb/marcel-vibe/Deepium 2026/MarcelVibe/19/Naarly, Sickluv, Thabza De Soul - What I Need (Afro House) (Extended Mix) - 2025.webp
[ThumbnailsConvertor] Converting thumbnail "/Users/marcelbuian/projects/mb/marcel-vibe/Deepium 2026/MarcelVibe/19/Naarly, Sickluv, Thabza De Soul - What I Need (Afro House) (Extended Mix) - 2025.webp" to jpg
Deleting original file /Users/marcelbuian/projects/mb/marcel-vibe/Deepium 2026/MarcelVibe/19/Naarly, Sickluv, Thabza De Soul - What I Need (Afro House) (Extended Mix) - 2025.webp (pass -k to keep)
[download] Sleeping 2.05 seconds ...
[download] Destination: /Users/marcelbuian/projects/mb/marcel-vibe/Deepium 2026/MarcelVibe/19/Naarly, Sickluv, Thabza De Soul - What I Need (Afro House) (Extended Mix) - 2025.webm

[download]   0.0% of    6.03MiB at  500.99KiB/s ETA 00:12
[download]   0.0% of    6.03MiB at    1.20MiB/s ETA 00:05
[download]   0.1% of    6.03MiB at    2.44MiB/s ETA 00:02
[download]   0.2% of    6.03MiB at    4.76MiB/s ETA 00:01
[download]   0.5% of    6.03MiB at    4.77MiB/s ETA 00:01
[download]   1.0% of    6.03MiB at    4.37MiB/s ETA 00:01
[download]   2.1% of    6.03MiB at    6.06MiB/s ETA 00:00
[download]   4.1% of    6.03MiB at    8.23MiB/s ETA 00:00
[download]   8.3% of    6.03MiB at   12.04MiB/s ETA 00:00
[download]  16.6% of    6.03MiB at   15.01MiB/s ETA 00:00
[download]  33.2% of    6.03MiB at   10.51MiB/s ETA 00:00
[download]  66.4% of    6.03MiB at   12.36MiB/s ETA 00:00
[download] 100.0% of    6.03MiB at   14.95MiB/s ETA 00:00
[download] 100% of    6.03MiB in 00:00:00 at 11.36MiB/s  
[ExtractAudio] Destination: /Users/marcelbuian/projects/mb/marcel-vibe/Deepium 2026/MarcelVibe/19/Naarly, Sickluv, Thabza De Soul - What I Need (Afro House) (Extended Mix) - 2025.mp3
Deleting original file /Users/marcelbuian/projects/mb/marcel-vibe/Deepium 2026/MarcelVibe/19/Naarly, Sickluv, Thabza De Soul - What I Need (Afro House) (Extended Mix) - 2025.webm (pass -k to keep)
[Metadata] Adding metadata to "/Users/marcelbuian/projects/mb/marcel-vibe/Deepium 2026/MarcelVibe/19/Naarly, Sickluv, Thabza De Soul - What I Need (Afro House) (Extended Mix) - 2025.mp3"
[EmbedThumbnail] ffmpeg: Adding thumbnail to "/Users/marcelbuian/projects/mb/marcel-vibe/Deepium 2026/MarcelVibe/19/Naarly, Sickluv, Thabza De Soul - What I Need (Afro House) (Extended Mix) - 2025.mp3"
[youtube] Extracting URL: https://www.youtube.com/watch?v=pO6bZNKdmF8
[youtube] Sleeping 1.0 seconds ...
[youtube] pO6bZNKdmF8: Downloading webpage
[youtube] Sleeping 1.0 seconds ...
[youtube] pO6bZNKdmF8: Downloading visionos player API JSON
[youtube] Sleeping 1.0 seconds ...
[youtube] pO6bZNKdmF8: Downloading m3u8 information
[info] pO6bZNKdmF8: Downloading 1 format(s): 251
[info] Downloading video thumbnail 44 ...
[info] Writing video thumbnail 44 to: /Users/marcelbuian/projects/mb/marcel-vibe/Deepium 2026/MarcelVibe/19/Dave Andres - Romanian Identity (Original Mix) - 2023.webp
[ThumbnailsConvertor] Converting thumbnail "/Users/marcelbuian/projects/mb/marcel-vibe/Deepium 2026/MarcelVibe/19/Dave Andres - Romanian Identity (Original Mix) - 2023.webp" to jpg
Deleting original file /Users/marcelbuian/projects/mb/marcel-vibe/Deepium 2026/MarcelVibe/19/Dave Andres - Romanian Identity (Original Mix) - 2023.webp (pass -k to keep)
[download] Sleeping 1.89 seconds ...
[download] Destination: /Users/marcelbuian/projects/mb/marcel-vibe/Deepium 2026/MarcelVibe/19/Dave Andres - Romanian Identity (Original Mix) - 2023.webm

[download]   0.0% of    6.60MiB at  Unknown B/s ETA Unknown
[download]   0.0% of    6.60MiB at  Unknown B/s ETA Unknown
[download]   0.1% of    6.60MiB at  Unknown B/s ETA Unknown
[download]   0.2% of    6.60MiB at  Unknown B/s ETA Unknown
[download]   0.5% of    6.60MiB at    4.36MiB/s ETA 00:01  
[download]   0.9% of    6.60MiB at    4.45MiB/s ETA 00:01
[download]   1.9% of    6.60MiB at    4.28MiB/s ETA 00:01
[download]   3.8% of    6.60MiB at    4.47MiB/s ETA 00:01
[download]   7.6% of    6.60MiB at    4.09MiB/s ETA 00:01
[download]  15.1% of    6.60MiB at    1.73MiB/s ETA 00:03
[download]  30.3% of    6.60MiB at  997.53KiB/s ETA 00:04
[download]  40.6% of    6.60MiB at  889.85KiB/s ETA 00:04
[download]  50.5% of    6.60MiB at  862.45KiB/s ETA 00:03
[download]  61.9% of    6.60MiB at  819.02KiB/s ETA 00:03
[download]  71.8% of    6.60MiB at  831.92KiB/s ETA 00:02
[download]  85.4% of    6.60MiB at  788.81KiB/s ETA 00:01
[download]  94.6% of    6.60MiB at  788.77KiB/s ETA 00:00
[download] 100.0% of    6.60MiB at  781.85KiB/s ETA 00:00
[download] 100% of    6.60MiB in 00:00:08 at 775.15KiB/s 
[ExtractAudio] Destination: /Users/marcelbuian/projects/mb/marcel-vibe/Deepium 2026/MarcelVibe/19/Dave Andres - Romanian Identity (Original Mix) - 2023.mp3
Deleting original file /Users/marcelbuian/projects/mb/marcel-vibe/Deepium 2026/MarcelVibe/19/Dave Andres - Romanian Identity (Original Mix) - 2023.webm (pass -k to keep)
[Metadata] Adding metadata to "/Users/marcelbuian/projects/mb/marcel-vibe/Deepium 2026/MarcelVibe/19/Dave Andres - Romanian Identity (Original Mix) - 2023.mp3"
[EmbedThumbnail] ffmpeg: Adding thumbnail to "/Users/marcelbuian/projects/mb/marcel-vibe/Deepium 2026/MarcelVibe/19/Dave Andres - Romanian Identity (Original Mix) - 2023.mp3"
[youtube] Extracting URL: https://www.youtube.com/watch?v=hrP6acaL7G8
[youtube] Sleeping 1.0 seconds ...
[youtube] hrP6acaL7G8: Downloading webpage
[youtube] Sleeping 1.0 seconds ...
[youtube] hrP6acaL7G8: Downloading visionos player API JSON
[youtube] Sleeping 1.0 seconds ...
[youtube] hrP6acaL7G8: Downloading m3u8 information
[info] hrP6acaL7G8: Downloading 1 format(s): 251
[info] Downloading video thumbnail 41 ...
[info] Writing video thumbnail 41 to: /Users/marcelbuian/projects/mb/marcel-vibe/Deepium 2026/MarcelVibe/19/Ge1t - Happy Days (Radio Edit) - 2022.webp
[ThumbnailsConvertor] Converting thumbnail "/Users/marcelbuian/projects/mb/marcel-vibe/Deepium 2026/MarcelVibe/19/Ge1t - Happy Days (Radio Edit) - 2022.webp" to jpg
Deleting original file /Users/marcelbuian/projects/mb/marcel-vibe/Deepium 2026/MarcelVibe/19/Ge1t - Happy Days (Radio Edit) - 2022.webp (pass -k to keep)
[download] Sleeping 2.86 seconds ...
[download] Destination: /Users/marcelbuian/projects/mb/marcel-vibe/Deepium 2026/MarcelVibe/19/Ge1t - Happy Days (Radio Edit) - 2022.webm

[download]   0.0% of    2.98MiB at  537.39KiB/s ETA 00:05
[download]   0.1% of    2.98MiB at    1.20MiB/s ETA 00:02
[download]   0.2% of    2.98MiB at    2.48MiB/s ETA 00:01
[download]   0.5% of    2.98MiB at    4.78MiB/s ETA 00:00
[download]   1.0% of    2.98MiB at    4.50MiB/s ETA 00:00
[download]   2.1% of    2.98MiB at    3.33MiB/s ETA 00:00
[download]   4.2% of    2.98MiB at    2.47MiB/s ETA 00:01
[download]   8.4% of    2.98MiB at    2.71MiB/s ETA 00:01
[download]  16.8% of    2.98MiB at    3.13MiB/s ETA 00:00
[download]  33.6% of    2.98MiB at    2.97MiB/s ETA 00:00
[download]  67.2% of    2.98MiB at    1.58MiB/s ETA 00:00
[download] 100.0% of    2.98MiB at    1.31MiB/s ETA 00:00
[download] 100% of    2.98MiB in 00:00:03 at 774.04KiB/s 
[ExtractAudio] Destination: /Users/marcelbuian/projects/mb/marcel-vibe/Deepium 2026/MarcelVibe/19/Ge1t - Happy Days (Radio Edit) - 2022.mp3
Deleting original file /Users/marcelbuian/projects/mb/marcel-vibe/Deepium 2026/MarcelVibe/19/Ge1t - Happy Days (Radio Edit) - 2022.webm (pass -k to keep)
[Metadata] Adding metadata to "/Users/marcelbuian/projects/mb/marcel-vibe/Deepium 2026/MarcelVibe/19/Ge1t - Happy Days (Radio Edit) - 2022.mp3"
[EmbedThumbnail] ffmpeg: Adding thumbnail to "/Users/marcelbuian/projects/mb/marcel-vibe/Deepium 2026/MarcelVibe/19/Ge1t - Happy Days (Radio Edit) - 2022.mp3"
[youtube] Extracting URL: https://www.youtube.com/watch?v=CNPLehoqXnU
[youtube] Sleeping 1.0 seconds ...
[youtube] CNPLehoqXnU: Downloading webpage
[youtube] Sleeping 1.0 seconds ...
[youtube] CNPLehoqXnU: Downloading visionos player API JSON
[youtube] Sleeping 1.0 seconds ...
[youtube] CNPLehoqXnU: Downloading m3u8 information
[info] CNPLehoqXnU: Downloading 1 format(s): 251
[info] Downloading video thumbnail 41 ...
[info] Writing video thumbnail 41 to: /Users/marcelbuian/projects/mb/marcel-vibe/Deepium 2026/MarcelVibe/19/Maesic & Marshall Jefferson - Life Is Simple (Move Your Body) feat. Salomé Das (Visualizer) Helix - 2025.webp
[ThumbnailsConvertor] Converting thumbnail "/Users/marcelbuian/projects/mb/marcel-vibe/Deepium 2026/MarcelVibe/19/Maesic & Marshall Jefferson - Life Is Simple (Move Your Body) feat. Salomé Das (Visualizer) Helix - 2025.webp" to jpg
Deleting original file /Users/marcelbuian/projects/mb/marcel-vibe/Deepium 2026/MarcelVibe/19/Maesic & Marshall Jefferson - Life Is Simple (Move Your Body) feat. Salomé Das (Visualizer) Helix - 2025.webp (pass -k to keep)
[download] Sleeping 1.97 seconds ...
[download] Destination: /Users/marcelbuian/projects/mb/marcel-vibe/Deepium 2026/MarcelVibe/19/Maesic & Marshall Jefferson - Life Is Simple (Move Your Body) feat. Salomé Das (Visualizer) Helix - 2025.webm

[download]   0.0% of    2.73MiB at  967.32KiB/s ETA 00:02
[download]   0.1% of    2.73MiB at    1.63MiB/s ETA 00:01
[download]   0.3% of    2.73MiB at    3.40MiB/s ETA 00:00
[download]   0.5% of    2.73MiB at    6.76MiB/s ETA 00:00
[download]   1.1% of    2.73MiB at   12.83MiB/s ETA 00:00
[download]   2.3% of    2.73MiB at   23.31MiB/s ETA 00:00
[download]   4.6% of    2.73MiB at   42.41MiB/s ETA 00:00
[download]   9.1% of    2.73MiB at   47.73MiB/s ETA 00:00
[download]  18.3% of    2.73MiB at   52.42MiB/s ETA 00:00
[download]  36.7% of    2.73MiB at   48.82MiB/s ETA 00:00
[download]  73.4% of    2.73MiB at   50.82MiB/s ETA 00:00
[download] 100.0% of    2.73MiB at   19.55MiB/s ETA 00:00
[download] 100% of    2.73MiB in 00:00:00 at 6.51MiB/s   
[ExtractAudio] Destination: /Users/marcelbuian/projects/mb/marcel-vibe/Deepium 2026/MarcelVibe/19/Maesic & Marshall Jefferson - Life Is Simple (Move Your Body) feat. Salomé Das (Visualizer) Helix - 2025.mp3
Deleting original file /Users/marcelbuian/projects/mb/marcel-vibe/Deepium 2026/MarcelVibe/19/Maesic & Marshall Jefferson - Life Is Simple (Move Your Body) feat. Salomé Das (Visualizer) Helix - 2025.webm (pass -k to keep)
[Metadata] Adding metadata to "/Users/marcelbuian/projects/mb/marcel-vibe/Deepium 2026/MarcelVibe/19/Maesic & Marshall Jefferson - Life Is Simple (Move Your Body) feat. Salomé Das (Visualizer) Helix - 2025.mp3"
[EmbedThumbnail] ffmpeg: Adding thumbnail to "/Users/marcelbuian/projects/mb/marcel-vibe/Deepium 2026/MarcelVibe/19/Maesic & Marshall Jefferson - Life Is Simple (Move Your Body) feat. Salomé Das (Visualizer) Helix - 2025.mp3"
[youtube] Extracting URL: https://www.youtube.com/watch?v=vlSSEboqnDU
[youtube] Sleeping 1.0 seconds ...
[youtube] vlSSEboqnDU: Downloading webpage
[youtube] Sleeping 1.0 seconds ...
[youtube] vlSSEboqnDU: Downloading visionos player API JSON
[youtube] Sleeping 1.0 seconds ...
[youtube] vlSSEboqnDU: Downloading m3u8 information
[info] vlSSEboqnDU: Downloading 1 format(s): 251
[info] Downloading video thumbnail 41 ...
[info] Writing video thumbnail 41 to: /Users/marcelbuian/projects/mb/marcel-vibe/Deepium 2026/MarcelVibe/19/Orkidea - Nana (Jerome Isma-Ae Extended In Search Of Sunrise Remix) - 2010.webp
[ThumbnailsConvertor] Converting thumbnail "/Users/marcelbuian/projects/mb/marcel-vibe/Deepium 2026/MarcelVibe/19/Orkidea - Nana (Jerome Isma-Ae Extended In Search Of Sunrise Remix) - 2010.webp" to jpg
Deleting original file /Users/marcelbuian/projects/mb/marcel-vibe/Deepium 2026/MarcelVibe/19/Orkidea - Nana (Jerome Isma-Ae Extended In Search Of Sunrise Remix) - 2010.webp (pass -k to keep)
[download] Sleeping 2.19 seconds ...
[download] Destination: /Users/marcelbuian/projects/mb/marcel-vibe/Deepium 2026/MarcelVibe/19/Orkidea - Nana (Jerome Isma-Ae Extended In Search Of Sunrise Remix) - 2010.webm

[download]   0.0% of    7.17MiB at  Unknown B/s ETA Unknown
[download]   0.0% of    7.17MiB at    2.31MiB/s ETA 00:03  
[download]   0.1% of    7.17MiB at    4.48MiB/s ETA 00:01
[download]   0.2% of    7.17MiB at    7.80MiB/s ETA 00:00
[download]   0.4% of    7.17MiB at   10.57MiB/s ETA 00:00
[download]   0.9% of    7.17MiB at   19.96MiB/s ETA 00:00
[download]   1.7% of    7.17MiB at   22.82MiB/s ETA 00:00
[download]   3.5% of    7.17MiB at   15.87MiB/s ETA 00:00
[download]   7.0% of    7.17MiB at   15.54MiB/s ETA 00:00
[download]  13.9% of    7.17MiB at   15.73MiB/s ETA 00:00
[download]  27.9% of    7.17MiB at   15.18MiB/s ETA 00:00
[download]  55.8% of    7.17MiB at   21.86MiB/s ETA 00:00
[download] 100.0% of    7.17MiB at   13.92MiB/s ETA 00:00
[download] 100% of    7.17MiB in 00:00:00 at 11.27MiB/s  
[ExtractAudio] Destination: /Users/marcelbuian/projects/mb/marcel-vibe/Deepium 2026/MarcelVibe/19/Orkidea - Nana (Jerome Isma-Ae Extended In Search Of Sunrise Remix) - 2010.mp3
Deleting original file /Users/marcelbuian/projects/mb/marcel-vibe/Deepium 2026/MarcelVibe/19/Orkidea - Nana (Jerome Isma-Ae Extended In Search Of Sunrise Remix) - 2010.webm (pass -k to keep)
[Metadata] Adding metadata to "/Users/marcelbuian/projects/mb/marcel-vibe/Deepium 2026/MarcelVibe/19/Orkidea - Nana (Jerome Isma-Ae Extended In Search Of Sunrise Remix) - 2010.mp3"
[EmbedThumbnail] ffmpeg: Adding thumbnail to "/Users/marcelbuian/projects/mb/marcel-vibe/Deepium 2026/MarcelVibe/19/Orkidea - Nana (Jerome Isma-Ae Extended In Search Of Sunrise Remix) - 2010.mp3"
[youtube] Extracting URL: https://www.youtube.com/watch?v=usLxcLHoGTI
[youtube] Sleeping 1.0 seconds ...
[youtube] usLxcLHoGTI: Downloading webpage
[youtube] Sleeping 1.0 seconds ...
[youtube] usLxcLHoGTI: Downloading visionos player API JSON
[youtube] Sleeping 1.0 seconds ...
[youtube] usLxcLHoGTI: Downloading m3u8 information
[info] usLxcLHoGTI: Downloading 1 format(s): 251
[info] Downloading video thumbnail 44 ...
[info] Video Thumbnail 44 does not exist
[info] Downloading video thumbnail 43 ...
[info] Writing video thumbnail 43 to: /Users/marcelbuian/projects/mb/marcel-vibe/Deepium 2026/MarcelVibe/19/Marc Van Linden ft. Steve Murano - I Like It (Marc Van Linden Radio Remix) - 2011.jpg
[ThumbnailsConvertor] Not converting thumbnail "/Users/marcelbuian/projects/mb/marcel-vibe/Deepium 2026/MarcelVibe/19/Marc Van Linden ft. Steve Murano - I Like It (Marc Van Linden Radio Remix) - 2011.jpg"; already is in target format jpg
[download] Sleeping 2.30 seconds ...
[download] Destination: /Users/marcelbuian/projects/mb/marcel-vibe/Deepium 2026/MarcelVibe/19/Marc Van Linden ft. Steve Murano - I Like It (Marc Van Linden Radio Remix) - 2011.webm

[download]   0.0% of    2.73MiB at  456.20KiB/s ETA 00:06
[download]   0.1% of    2.73MiB at    1.18MiB/s ETA 00:02
[download]   0.3% of    2.73MiB at    2.57MiB/s ETA 00:01
[download]   0.5% of    2.73MiB at    5.11MiB/s ETA 00:00
[download]   1.1% of    2.73MiB at    4.26MiB/s ETA 00:00
[download]   2.3% of    2.73MiB at    4.62MiB/s ETA 00:00
[download]   4.6% of    2.73MiB at    7.04MiB/s ETA 00:00
[download]   9.1% of    2.73MiB at   10.20MiB/s ETA 00:00
[download]  18.3% of    2.73MiB at   14.62MiB/s ETA 00:00
[download]  36.7% of    2.73MiB at   14.67MiB/s ETA 00:00
[download]  73.3% of    2.73MiB at   14.97MiB/s ETA 00:00
[download] 100.0% of    2.73MiB at   18.04MiB/s ETA 00:00
[download] 100% of    2.73MiB in 00:00:00 at 6.97MiB/s   
[ExtractAudio] Destination: /Users/marcelbuian/projects/mb/marcel-vibe/Deepium 2026/MarcelVibe/19/Marc Van Linden ft. Steve Murano - I Like It (Marc Van Linden Radio Remix) - 2011.mp3
Deleting original file /Users/marcelbuian/projects/mb/marcel-vibe/Deepium 2026/MarcelVibe/19/Marc Van Linden ft. Steve Murano - I Like It (Marc Van Linden Radio Remix) - 2011.webm (pass -k to keep)
[Metadata] Adding metadata to "/Users/marcelbuian/projects/mb/marcel-vibe/Deepium 2026/MarcelVibe/19/Marc Van Linden ft. Steve Murano - I Like It (Marc Van Linden Radio Remix) - 2011.mp3"
[EmbedThumbnail] ffmpeg: Adding thumbnail to "/Users/marcelbuian/projects/mb/marcel-vibe/Deepium 2026/MarcelVibe/19/Marc Van Linden ft. Steve Murano - I Like It (Marc Van Linden Radio Remix) - 2011.mp3"
[youtube] Extracting URL: https://www.youtube.com/watch?v=cCpaSGPJQ_Y
[youtube] Sleeping 1.0 seconds ...
[youtube] cCpaSGPJQ_Y: Downloading webpage
[youtube] Sleeping 1.0 seconds ...
[youtube] cCpaSGPJQ_Y: Downloading visionos player API JSON
[youtube] Sleeping 1.0 seconds ...
[youtube] cCpaSGPJQ_Y: Downloading m3u8 information
[info] cCpaSGPJQ_Y: Downloading 1 format(s): 251
[info] Downloading video thumbnail 41 ...
[info] Writing video thumbnail 41 to: /Users/marcelbuian/projects/mb/marcel-vibe/Deepium 2026/MarcelVibe/19/Simon Doty - Have You Ever？ (Extended Mix) - 2023.webp
[ThumbnailsConvertor] Converting thumbnail "/Users/marcelbuian/projects/mb/marcel-vibe/Deepium 2026/MarcelVibe/19/Simon Doty - Have You Ever？ (Extended Mix) - 2023.webp" to jpg
Deleting original file /Users/marcelbuian/projects/mb/marcel-vibe/Deepium 2026/MarcelVibe/19/Simon Doty - Have You Ever？ (Extended Mix) - 2023.webp (pass -k to keep)
[download] Sleeping 2.61 seconds ...
[download] Destination: /Users/marcelbuian/projects/mb/marcel-vibe/Deepium 2026/MarcelVibe/19/Simon Doty - Have You Ever？ (Extended Mix) - 2023.webm

[download]   0.0% of    6.25MiB at  969.11KiB/s ETA 00:06
[download]   0.0% of    6.25MiB at    2.39MiB/s ETA 00:02
[download]   0.1% of    6.25MiB at    5.22MiB/s ETA 00:01
[download]   0.2% of    6.25MiB at   10.62MiB/s ETA 00:00
[download]   0.5% of    6.25MiB at   20.69MiB/s ETA 00:00
[download]   1.0% of    6.25MiB at   39.37MiB/s ETA 00:00
[download]   2.0% of    6.25MiB at   19.53MiB/s ETA 00:00
[download]   4.0% of    6.25MiB at   13.66MiB/s ETA 00:00
[download]   8.0% of    6.25MiB at   14.91MiB/s ETA 00:00
[download]  16.0% of    6.25MiB at   13.83MiB/s ETA 00:00
[download]  32.0% of    6.25MiB at   14.14MiB/s ETA 00:00
[download]  64.0% of    6.25MiB at   11.79MiB/s ETA 00:00
[download] 100.0% of    6.25MiB at   11.20MiB/s ETA 00:00
[download] 100% of    6.25MiB in 00:00:00 at 9.46MiB/s   
[ExtractAudio] Destination: /Users/marcelbuian/projects/mb/marcel-vibe/Deepium 2026/MarcelVibe/19/Simon Doty - Have You Ever？ (Extended Mix) - 2023.mp3
Deleting original file /Users/marcelbuian/projects/mb/marcel-vibe/Deepium 2026/MarcelVibe/19/Simon Doty - Have You Ever？ (Extended Mix) - 2023.webm (pass -k to keep)
[Metadata] Adding metadata to "/Users/marcelbuian/projects/mb/marcel-vibe/Deepium 2026/MarcelVibe/19/Simon Doty - Have You Ever？ (Extended Mix) - 2023.mp3"
[EmbedThumbnail] ffmpeg: Adding thumbnail to "/Users/marcelbuian/projects/mb/marcel-vibe/Deepium 2026/MarcelVibe/19/Simon Doty - Have You Ever？ (Extended Mix) - 2023.mp3"
Reading URLs from STDIN - EOF (Ctrl+D) to end:

===== 20 (#20 - 2025-12-14 Xemxija Hill, Malta) 15:42:19
[youtube] Extracting URL: https://www.youtube.com/watch?v=-4fP5j2BMWw
[youtube] -4fP5j2BMWw: Downloading webpage
[youtube] Sleeping 1.0 seconds ...
[youtube] -4fP5j2BMWw: Downloading visionos player API JSON
[youtube] Sleeping 1.0 seconds ...
[youtube] -4fP5j2BMWw: Downloading m3u8 information
[info] -4fP5j2BMWw: Downloading 1 format(s): 251
[info] Downloading video thumbnail 41 ...
[info] Writing video thumbnail 41 to: /Users/marcelbuian/projects/mb/marcel-vibe/Deepium 2026/MarcelVibe/20/Shingo Nakamura & Stendahl - Time [Monstercat Remake] - 2024.webp
[ThumbnailsConvertor] Converting thumbnail "/Users/marcelbuian/projects/mb/marcel-vibe/Deepium 2026/MarcelVibe/20/Shingo Nakamura & Stendahl - Time [Monstercat Remake] - 2024.webp" to jpg
Deleting original file /Users/marcelbuian/projects/mb/marcel-vibe/Deepium 2026/MarcelVibe/20/Shingo Nakamura & Stendahl - Time [Monstercat Remake] - 2024.webp (pass -k to keep)
[download] Sleeping 1.02 seconds ...
[download] Destination: /Users/marcelbuian/projects/mb/marcel-vibe/Deepium 2026/MarcelVibe/20/Shingo Nakamura & Stendahl - Time [Monstercat Remake] - 2024.webm

[download]   0.0% of    3.29MiB at  577.33KiB/s ETA 00:05
[download]   0.1% of    3.29MiB at    1.49MiB/s ETA 00:02
[download]   0.2% of    3.29MiB at    3.28MiB/s ETA 00:00
[download]   0.4% of    3.29MiB at    6.74MiB/s ETA 00:00
[download]   0.9% of    3.29MiB at    3.77MiB/s ETA 00:00
[download]   1.9% of    3.29MiB at    4.23MiB/s ETA 00:00
[download]   3.8% of    3.29MiB at    6.51MiB/s ETA 00:00
[download]   7.6% of    3.29MiB at    9.22MiB/s ETA 00:00
[download]  15.2% of    3.29MiB at   14.94MiB/s ETA 00:00
[download]  30.4% of    3.29MiB at   15.56MiB/s ETA 00:00
[download]  60.8% of    3.29MiB at   15.16MiB/s ETA 00:00
[download] 100.0% of    3.29MiB at    4.93MiB/s ETA 00:00
[download] 100% of    3.29MiB in 00:00:00 at 3.93MiB/s   
[ExtractAudio] Destination: /Users/marcelbuian/projects/mb/marcel-vibe/Deepium 2026/MarcelVibe/20/Shingo Nakamura & Stendahl - Time [Monstercat Remake] - 2024.mp3
Deleting original file /Users/marcelbuian/projects/mb/marcel-vibe/Deepium 2026/MarcelVibe/20/Shingo Nakamura & Stendahl - Time [Monstercat Remake] - 2024.webm (pass -k to keep)
[Metadata] Adding metadata to "/Users/marcelbuian/projects/mb/marcel-vibe/Deepium 2026/MarcelVibe/20/Shingo Nakamura & Stendahl - Time [Monstercat Remake] - 2024.mp3"
[EmbedThumbnail] ffmpeg: Adding thumbnail to "/Users/marcelbuian/projects/mb/marcel-vibe/Deepium 2026/MarcelVibe/20/Shingo Nakamura & Stendahl - Time [Monstercat Remake] - 2024.mp3"
[youtube] Extracting URL: https://www.youtube.com/watch?v=THnm60-jrrk
[youtube] Sleeping 1.0 seconds ...
[youtube] THnm60-jrrk: Downloading webpage
[youtube] Sleeping 1.0 seconds ...
[youtube] THnm60-jrrk: Downloading visionos player API JSON
[youtube] Sleeping 1.0 seconds ...
[youtube] THnm60-jrrk: Downloading m3u8 information
[info] THnm60-jrrk: Downloading 1 format(s): 251
[info] Downloading video thumbnail 44 ...
[info] Writing video thumbnail 44 to: /Users/marcelbuian/projects/mb/marcel-vibe/Deepium 2026/MarcelVibe/20/Argy & Goom Gum - Pantheon [Extended Mix] - 2023.webp
[ThumbnailsConvertor] Converting thumbnail "/Users/marcelbuian/projects/mb/marcel-vibe/Deepium 2026/MarcelVibe/20/Argy & Goom Gum - Pantheon [Extended Mix] - 2023.webp" to jpg
Deleting original file /Users/marcelbuian/projects/mb/marcel-vibe/Deepium 2026/MarcelVibe/20/Argy & Goom Gum - Pantheon [Extended Mix] - 2023.webp (pass -k to keep)
[download] Sleeping 2.55 seconds ...
[download] Destination: /Users/marcelbuian/projects/mb/marcel-vibe/Deepium 2026/MarcelVibe/20/Argy & Goom Gum - Pantheon [Extended Mix] - 2023.webm

[download]   0.0% of    6.00MiB at  482.88KiB/s ETA 00:12
[download]   0.0% of    6.00MiB at    1.18MiB/s ETA 00:05
[download]   0.1% of    6.00MiB at    2.52MiB/s ETA 00:02
[download]   0.2% of    6.00MiB at    5.05MiB/s ETA 00:01
[download]   0.5% of    6.00MiB at    4.73MiB/s ETA 00:01
[download]   1.0% of    6.00MiB at    5.76MiB/s ETA 00:01
[download]   2.1% of    6.00MiB at    7.61MiB/s ETA 00:00
[download]   4.2% of    6.00MiB at   10.71MiB/s ETA 00:00
[download]   8.3% of    6.00MiB at   12.73MiB/s ETA 00:00
[download]  16.7% of    6.00MiB at   13.08MiB/s ETA 00:00
[download]  33.3% of    6.00MiB at   15.34MiB/s ETA 00:00
[download]  66.7% of    6.00MiB at   15.61MiB/s ETA 00:00
[download] 100.0% of    6.00MiB at   13.52MiB/s ETA 00:00
[download] 100% of    6.00MiB in 00:00:00 at 11.99MiB/s  
[ExtractAudio] Destination: /Users/marcelbuian/projects/mb/marcel-vibe/Deepium 2026/MarcelVibe/20/Argy & Goom Gum - Pantheon [Extended Mix] - 2023.mp3
Deleting original file /Users/marcelbuian/projects/mb/marcel-vibe/Deepium 2026/MarcelVibe/20/Argy & Goom Gum - Pantheon [Extended Mix] - 2023.webm (pass -k to keep)
[Metadata] Adding metadata to "/Users/marcelbuian/projects/mb/marcel-vibe/Deepium 2026/MarcelVibe/20/Argy & Goom Gum - Pantheon [Extended Mix] - 2023.mp3"
[EmbedThumbnail] ffmpeg: Adding thumbnail to "/Users/marcelbuian/projects/mb/marcel-vibe/Deepium 2026/MarcelVibe/20/Argy & Goom Gum - Pantheon [Extended Mix] - 2023.mp3"
[youtube] Extracting URL: https://www.youtube.com/watch?v=-YcY2v-79HU
[youtube] Sleeping 1.0 seconds ...
[youtube] -YcY2v-79HU: Downloading webpage
[youtube] Sleeping 1.0 seconds ...
[youtube] -YcY2v-79HU: Downloading visionos player API JSON
[youtube] Sleeping 1.0 seconds ...
[youtube] -YcY2v-79HU: Downloading m3u8 information
[info] -YcY2v-79HU: Downloading 1 format(s): 251
[info] Downloading video thumbnail 44 ...
[info] Writing video thumbnail 44 to: /Users/marcelbuian/projects/mb/marcel-vibe/Deepium 2026/MarcelVibe/20/MiekeJames, Mr. Mojo (DE) - Senses (Kyotto Extended Remix) [PURRFECTION] - 2025.webp
[ThumbnailsConvertor] Converting thumbnail "/Users/marcelbuian/projects/mb/marcel-vibe/Deepium 2026/MarcelVibe/20/MiekeJames, Mr. Mojo (DE) - Senses (Kyotto Extended Remix) [PURRFECTION] - 2025.webp" to jpg
Deleting original file /Users/marcelbuian/projects/mb/marcel-vibe/Deepium 2026/MarcelVibe/20/MiekeJames, Mr. Mojo (DE) - Senses (Kyotto Extended Remix) [PURRFECTION] - 2025.webp (pass -k to keep)
[download] Sleeping 2.68 seconds ...
[download] Destination: /Users/marcelbuian/projects/mb/marcel-vibe/Deepium 2026/MarcelVibe/20/MiekeJames, Mr. Mojo (DE) - Senses (Kyotto Extended Remix) [PURRFECTION] - 2025.webm

[download]   0.0% of    7.73MiB at  474.09KiB/s ETA 00:17
[download]   0.0% of    7.73MiB at    1.06MiB/s ETA 00:07
[download]   0.1% of    7.73MiB at    2.16MiB/s ETA 00:03
[download]   0.2% of    7.73MiB at    4.16MiB/s ETA 00:01
[download]   0.4% of    7.73MiB at    3.26MiB/s ETA 00:02
[download]   0.8% of    7.73MiB at    4.35MiB/s ETA 00:01
[download]   1.6% of    7.73MiB at    3.18MiB/s ETA 00:02
[download]   3.2% of    7.73MiB at    3.23MiB/s ETA 00:02
[download]   6.5% of    7.73MiB at    4.41MiB/s ETA 00:01
[download]  12.9% of    7.73MiB at    6.44MiB/s ETA 00:01
[download]  25.8% of    7.73MiB at    9.14MiB/s ETA 00:00
[download]  51.7% of    7.73MiB at   15.13MiB/s ETA 00:00
[download] 100.0% of    7.73MiB at   16.42MiB/s ETA 00:00
[download] 100% of    7.73MiB in 00:00:00 at 10.13MiB/s  
[ExtractAudio] Destination: /Users/marcelbuian/projects/mb/marcel-vibe/Deepium 2026/MarcelVibe/20/MiekeJames, Mr. Mojo (DE) - Senses (Kyotto Extended Remix) [PURRFECTION] - 2025.mp3
Deleting original file /Users/marcelbuian/projects/mb/marcel-vibe/Deepium 2026/MarcelVibe/20/MiekeJames, Mr. Mojo (DE) - Senses (Kyotto Extended Remix) [PURRFECTION] - 2025.webm (pass -k to keep)
[Metadata] Adding metadata to "/Users/marcelbuian/projects/mb/marcel-vibe/Deepium 2026/MarcelVibe/20/MiekeJames, Mr. Mojo (DE) - Senses (Kyotto Extended Remix) [PURRFECTION] - 2025.mp3"
[EmbedThumbnail] ffmpeg: Adding thumbnail to "/Users/marcelbuian/projects/mb/marcel-vibe/Deepium 2026/MarcelVibe/20/MiekeJames, Mr. Mojo (DE) - Senses (Kyotto Extended Remix) [PURRFECTION] - 2025.mp3"
[youtube] Extracting URL: https://www.youtube.com/watch?v=n-dUyX5IggI
[youtube] Sleeping 1.0 seconds ...
[youtube] n-dUyX5IggI: Downloading webpage
[youtube] Sleeping 1.0 seconds ...
[youtube] n-dUyX5IggI: Downloading visionos player API JSON
[youtube] Sleeping 1.0 seconds ...
[youtube] n-dUyX5IggI: Downloading m3u8 information
[info] n-dUyX5IggI: Downloading 1 format(s): 251
[info] Downloading video thumbnail 41 ...
[info] Video Thumbnail 41 does not exist
[info] Downloading video thumbnail 40 ...
[info] Video Thumbnail 40 does not exist
[info] Downloading video thumbnail 39 ...
[info] Video Thumbnail 39 does not exist
[info] Downloading video thumbnail 38 ...
[info] Video Thumbnail 38 does not exist
[info] Downloading video thumbnail 37 ...
[info] Writing video thumbnail 37 to: /Users/marcelbuian/projects/mb/marcel-vibe/Deepium 2026/MarcelVibe/20/RIGOONI - Petrichor - 2021.webp
[ThumbnailsConvertor] Converting thumbnail "/Users/marcelbuian/projects/mb/marcel-vibe/Deepium 2026/MarcelVibe/20/RIGOONI - Petrichor - 2021.webp" to jpg
Deleting original file /Users/marcelbuian/projects/mb/marcel-vibe/Deepium 2026/MarcelVibe/20/RIGOONI - Petrichor - 2021.webp (pass -k to keep)
[download] Sleeping 2.72 seconds ...
[download] Destination: /Users/marcelbuian/projects/mb/marcel-vibe/Deepium 2026/MarcelVibe/20/RIGOONI - Petrichor - 2021.webm

[download]   0.0% of    7.66MiB at  456.40KiB/s ETA 00:17
[download]   0.0% of    7.66MiB at    1.18MiB/s ETA 00:06
[download]   0.1% of    7.66MiB at    2.62MiB/s ETA 00:02
[download]   0.2% of    7.66MiB at    5.40MiB/s ETA 00:01
[download]   0.4% of    7.66MiB at    4.49MiB/s ETA 00:01
[download]   0.8% of    7.66MiB at    4.68MiB/s ETA 00:01
[download]   1.6% of    7.66MiB at    6.63MiB/s ETA 00:01
[download]   3.3% of    7.66MiB at    9.67MiB/s ETA 00:00
[download]   6.5% of    7.66MiB at   13.69MiB/s ETA 00:00
[download]  13.0% of    7.66MiB at    9.73MiB/s ETA 00:00
[download]  26.1% of    7.66MiB at    8.19MiB/s ETA 00:00
[download]  52.2% of    7.66MiB at   13.96MiB/s ETA 00:00
[download] 100.0% of    7.66MiB at   10.99MiB/s ETA 00:00
[download] 100% of    7.66MiB in 00:00:00 at 8.88MiB/s   
[ExtractAudio] Destination: /Users/marcelbuian/projects/mb/marcel-vibe/Deepium 2026/MarcelVibe/20/RIGOONI - Petrichor - 2021.mp3
Deleting original file /Users/marcelbuian/projects/mb/marcel-vibe/Deepium 2026/MarcelVibe/20/RIGOONI - Petrichor - 2021.webm (pass -k to keep)
[Metadata] Adding metadata to "/Users/marcelbuian/projects/mb/marcel-vibe/Deepium 2026/MarcelVibe/20/RIGOONI - Petrichor - 2021.mp3"
[EmbedThumbnail] ffmpeg: Adding thumbnail to "/Users/marcelbuian/projects/mb/marcel-vibe/Deepium 2026/MarcelVibe/20/RIGOONI - Petrichor - 2021.mp3"
[youtube] Extracting URL: https://www.youtube.com/watch?v=57yv_qj2naM
[youtube] Sleeping 1.0 seconds ...
[youtube] 57yv_qj2naM: Downloading webpage
[youtube] Sleeping 1.0 seconds ...
[youtube] 57yv_qj2naM: Downloading visionos player API JSON
[youtube] Sleeping 1.0 seconds ...
[youtube] 57yv_qj2naM: Downloading m3u8 information
[info] 57yv_qj2naM: Downloading 1 format(s): 251
[info] Downloading video thumbnail 41 ...
[info] Writing video thumbnail 41 to: /Users/marcelbuian/projects/mb/marcel-vibe/Deepium 2026/MarcelVibe/20/Serious Dancers, Tim Green - Callahan (Tim Green Edit) - 2023.webp
[ThumbnailsConvertor] Converting thumbnail "/Users/marcelbuian/projects/mb/marcel-vibe/Deepium 2026/MarcelVibe/20/Serious Dancers, Tim Green - Callahan (Tim Green Edit) - 2023.webp" to jpg
Deleting original file /Users/marcelbuian/projects/mb/marcel-vibe/Deepium 2026/MarcelVibe/20/Serious Dancers, Tim Green - Callahan (Tim Green Edit) - 2023.webp (pass -k to keep)
[download] Sleeping 1.39 seconds ...
[download] Destination: /Users/marcelbuian/projects/mb/marcel-vibe/Deepium 2026/MarcelVibe/20/Serious Dancers, Tim Green - Callahan (Tim Green Edit) - 2023.webm

[download]   0.0% of    9.38MiB at  107.66KiB/s ETA 01:29
[download]   0.0% of    9.38MiB at  313.77KiB/s ETA 00:30
[download]   0.1% of    9.38MiB at  723.00KiB/s ETA 00:13
[download]   0.2% of    9.38MiB at    1.50MiB/s ETA 00:06
[download]   0.3% of    9.38MiB at  355.92KiB/s ETA 00:26
[download]   0.7% of    9.38MiB at  720.33KiB/s ETA 00:13
[download]   1.3% of    9.38MiB at  993.87KiB/s ETA 00:09
[download]   2.7% of    9.38MiB at    1.46MiB/s ETA 00:06
[download]   5.3% of    9.38MiB at    2.29MiB/s ETA 00:03
[download]  10.6% of    9.38MiB at    3.43MiB/s ETA 00:02
[download]  21.3% of    9.38MiB at    6.50MiB/s ETA 00:01
[download]  42.6% of    9.38MiB at    9.07MiB/s ETA 00:00
[download]  85.3% of    9.38MiB at   12.02MiB/s ETA 00:00
[download] 100.0% of    9.38MiB at   13.03MiB/s ETA 00:00
[download] 100% of    9.38MiB in 00:00:00 at 9.94MiB/s   
[ExtractAudio] Destination: /Users/marcelbuian/projects/mb/marcel-vibe/Deepium 2026/MarcelVibe/20/Serious Dancers, Tim Green - Callahan (Tim Green Edit) - 2023.mp3
Deleting original file /Users/marcelbuian/projects/mb/marcel-vibe/Deepium 2026/MarcelVibe/20/Serious Dancers, Tim Green - Callahan (Tim Green Edit) - 2023.webm (pass -k to keep)
[Metadata] Adding metadata to "/Users/marcelbuian/projects/mb/marcel-vibe/Deepium 2026/MarcelVibe/20/Serious Dancers, Tim Green - Callahan (Tim Green Edit) - 2023.mp3"
[EmbedThumbnail] ffmpeg: Adding thumbnail to "/Users/marcelbuian/projects/mb/marcel-vibe/Deepium 2026/MarcelVibe/20/Serious Dancers, Tim Green - Callahan (Tim Green Edit) - 2023.mp3"
[youtube] Extracting URL: https://www.youtube.com/watch?v=dE5x2Ruw_Dg
[youtube] Sleeping 1.0 seconds ...
[youtube] dE5x2Ruw_Dg: Downloading webpage
[youtube] Sleeping 1.0 seconds ...
[youtube] dE5x2Ruw_Dg: Downloading visionos player API JSON
[youtube] Sleeping 1.0 seconds ...
[youtube] dE5x2Ruw_Dg: Downloading m3u8 information
[info] dE5x2Ruw_Dg: Downloading 1 format(s): 251
[info] Downloading video thumbnail 41 ...
[info] Writing video thumbnail 41 to: /Users/marcelbuian/projects/mb/marcel-vibe/Deepium 2026/MarcelVibe/20/Tim Green - To Know Nothing - 2020.webp
[ThumbnailsConvertor] Converting thumbnail "/Users/marcelbuian/projects/mb/marcel-vibe/Deepium 2026/MarcelVibe/20/Tim Green - To Know Nothing - 2020.webp" to jpg
Deleting original file /Users/marcelbuian/projects/mb/marcel-vibe/Deepium 2026/MarcelVibe/20/Tim Green - To Know Nothing - 2020.webp (pass -k to keep)
[download] Sleeping 2.90 seconds ...
[download] Destination: /Users/marcelbuian/projects/mb/marcel-vibe/Deepium 2026/MarcelVibe/20/Tim Green - To Know Nothing - 2020.webm

[download]   0.0% of    8.63MiB at  443.28KiB/s ETA 00:20
[download]   0.0% of    8.63MiB at    1.02MiB/s ETA 00:08
[download]   0.1% of    8.63MiB at    2.28MiB/s ETA 00:03
[download]   0.2% of    8.63MiB at    4.73MiB/s ETA 00:01
[download]   0.4% of    8.63MiB at    4.58MiB/s ETA 00:01
[download]   0.7% of    8.63MiB at    5.12MiB/s ETA 00:01
[download]   1.4% of    8.63MiB at    7.99MiB/s ETA 00:01
[download]   2.9% of    8.63MiB at   10.15MiB/s ETA 00:00
[download]   5.8% of    8.63MiB at   15.01MiB/s ETA 00:00
[download]  11.6% of    8.63MiB at   21.51MiB/s ETA 00:00
[download]  23.2% of    8.63MiB at   28.93MiB/s ETA 00:00
[download]  46.3% of    8.63MiB at    9.08MiB/s ETA 00:00
[download]  92.7% of    8.63MiB at   10.44MiB/s ETA 00:00
[download] 100.0% of    8.63MiB at   10.97MiB/s ETA 00:00
[download] 100% of    8.63MiB in 00:00:00 at 10.33MiB/s  
[ExtractAudio] Destination: /Users/marcelbuian/projects/mb/marcel-vibe/Deepium 2026/MarcelVibe/20/Tim Green - To Know Nothing - 2020.mp3
Deleting original file /Users/marcelbuian/projects/mb/marcel-vibe/Deepium 2026/MarcelVibe/20/Tim Green - To Know Nothing - 2020.webm (pass -k to keep)
[Metadata] Adding metadata to "/Users/marcelbuian/projects/mb/marcel-vibe/Deepium 2026/MarcelVibe/20/Tim Green - To Know Nothing - 2020.mp3"
[EmbedThumbnail] ffmpeg: Adding thumbnail to "/Users/marcelbuian/projects/mb/marcel-vibe/Deepium 2026/MarcelVibe/20/Tim Green - To Know Nothing - 2020.mp3"
[youtube] Extracting URL: https://www.youtube.com/watch?v=_Kmlqw2q0wA
[youtube] Sleeping 1.0 seconds ...
[youtube] _Kmlqw2q0wA: Downloading webpage
[youtube] Sleeping 1.0 seconds ...
[youtube] _Kmlqw2q0wA: Downloading visionos player API JSON
[youtube] Sleeping 1.0 seconds ...
[youtube] _Kmlqw2q0wA: Downloading m3u8 information
[info] _Kmlqw2q0wA: Downloading 1 format(s): 251
[info] Downloading video thumbnail 41 ...
[info] Writing video thumbnail 41 to: /Users/marcelbuian/projects/mb/marcel-vibe/Deepium 2026/MarcelVibe/20/Weird Sounding Dude - Hyper Dream (ABGT457) - 2021.webp
[ThumbnailsConvertor] Converting thumbnail "/Users/marcelbuian/projects/mb/marcel-vibe/Deepium 2026/MarcelVibe/20/Weird Sounding Dude - Hyper Dream (ABGT457) - 2021.webp" to jpg
Deleting original file /Users/marcelbuian/projects/mb/marcel-vibe/Deepium 2026/MarcelVibe/20/Weird Sounding Dude - Hyper Dream (ABGT457) - 2021.webp (pass -k to keep)
[download] Sleeping 2.24 seconds ...
[download] Destination: /Users/marcelbuian/projects/mb/marcel-vibe/Deepium 2026/MarcelVibe/20/Weird Sounding Dude - Hyper Dream (ABGT457) - 2021.webm

[download]   0.0% of    6.18MiB at  Unknown B/s ETA Unknown
[download]   0.0% of    6.18MiB at    2.48MiB/s ETA 00:02  
[download]   0.1% of    6.18MiB at    5.29MiB/s ETA 00:01
[download]   0.2% of    6.18MiB at   10.59MiB/s ETA 00:00
[download]   0.5% of    6.18MiB at   20.17MiB/s ETA 00:00
[download]   1.0% of    6.18MiB at   36.27MiB/s ETA 00:00
[download]   2.0% of    6.18MiB at   43.98MiB/s ETA 00:00
[download]   4.0% of    6.18MiB at   49.44MiB/s ETA 00:00
[download]   8.1% of    6.18MiB at   42.30MiB/s ETA 00:00
[download]  16.2% of    6.18MiB at   43.22MiB/s ETA 00:00
[download]  32.4% of    6.18MiB at   43.01MiB/s ETA 00:00
[download]  64.8% of    6.18MiB at   42.58MiB/s ETA 00:00
[download] 100.0% of    6.18MiB at   31.86MiB/s ETA 00:00
[download] 100% of    6.18MiB in 00:00:00 at 16.60MiB/s  
[ExtractAudio] Destination: /Users/marcelbuian/projects/mb/marcel-vibe/Deepium 2026/MarcelVibe/20/Weird Sounding Dude - Hyper Dream (ABGT457) - 2021.mp3
Deleting original file /Users/marcelbuian/projects/mb/marcel-vibe/Deepium 2026/MarcelVibe/20/Weird Sounding Dude - Hyper Dream (ABGT457) - 2021.webm (pass -k to keep)
[Metadata] Adding metadata to "/Users/marcelbuian/projects/mb/marcel-vibe/Deepium 2026/MarcelVibe/20/Weird Sounding Dude - Hyper Dream (ABGT457) - 2021.mp3"
[EmbedThumbnail] ffmpeg: Adding thumbnail to "/Users/marcelbuian/projects/mb/marcel-vibe/Deepium 2026/MarcelVibe/20/Weird Sounding Dude - Hyper Dream (ABGT457) - 2021.mp3"
[youtube] Extracting URL: https://www.youtube.com/watch?v=dvG4OVTdx34
[youtube] Sleeping 1.0 seconds ...
[youtube] dvG4OVTdx34: Downloading webpage
[youtube] Sleeping 1.0 seconds ...
[youtube] dvG4OVTdx34: Downloading visionos player API JSON
[youtube] Sleeping 1.0 seconds ...
[youtube] dvG4OVTdx34: Downloading m3u8 information
[info] dvG4OVTdx34: Downloading 1 format(s): 251
[info] Downloading video thumbnail 44 ...
[info] Writing video thumbnail 44 to: /Users/marcelbuian/projects/mb/marcel-vibe/Deepium 2026/MarcelVibe/20/PREMIERE： foglight - Feel Again (Original Mix) [MANGO ALLEY] - 2022.webp
[ThumbnailsConvertor] Converting thumbnail "/Users/marcelbuian/projects/mb/marcel-vibe/Deepium 2026/MarcelVibe/20/PREMIERE： foglight - Feel Again (Original Mix) [MANGO ALLEY] - 2022.webp" to jpg
Deleting original file /Users/marcelbuian/projects/mb/marcel-vibe/Deepium 2026/MarcelVibe/20/PREMIERE： foglight - Feel Again (Original Mix) [MANGO ALLEY] - 2022.webp (pass -k to keep)
[download] Sleeping 1.87 seconds ...
[download] Destination: /Users/marcelbuian/projects/mb/marcel-vibe/Deepium 2026/MarcelVibe/20/PREMIERE： foglight - Feel Again (Original Mix) [MANGO ALLEY] - 2022.webm

[download]   0.0% of    6.96MiB at  126.30KiB/s ETA 00:56
[download]   0.0% of    6.96MiB at  343.92KiB/s ETA 00:20
[download]   0.1% of    6.96MiB at  790.53KiB/s ETA 00:09
[download]   0.2% of    6.96MiB at    1.63MiB/s ETA 00:04
[download]   0.4% of    6.96MiB at    3.28MiB/s ETA 00:02
[download]   0.9% of    6.96MiB at    6.55MiB/s ETA 00:01
[download]   1.8% of    6.96MiB at   12.95MiB/s ETA 00:00
[download]   3.6% of    6.96MiB at   16.76MiB/s ETA 00:00
[download]   7.2% of    6.96MiB at   13.90MiB/s ETA 00:00
[download]  14.4% of    6.96MiB at   15.40MiB/s ETA 00:00
[download]  28.7% of    6.96MiB at   14.51MiB/s ETA 00:00
[download]  57.5% of    6.96MiB at    6.81MiB/s ETA 00:00
[download] 100.0% of    6.96MiB at    6.30MiB/s ETA 00:00
[download] 100% of    6.96MiB in 00:00:01 at 4.47MiB/s   
[ExtractAudio] Destination: /Users/marcelbuian/projects/mb/marcel-vibe/Deepium 2026/MarcelVibe/20/PREMIERE： foglight - Feel Again (Original Mix) [MANGO ALLEY] - 2022.mp3
Deleting original file /Users/marcelbuian/projects/mb/marcel-vibe/Deepium 2026/MarcelVibe/20/PREMIERE： foglight - Feel Again (Original Mix) [MANGO ALLEY] - 2022.webm (pass -k to keep)
[Metadata] Adding metadata to "/Users/marcelbuian/projects/mb/marcel-vibe/Deepium 2026/MarcelVibe/20/PREMIERE： foglight - Feel Again (Original Mix) [MANGO ALLEY] - 2022.mp3"
[EmbedThumbnail] ffmpeg: Adding thumbnail to "/Users/marcelbuian/projects/mb/marcel-vibe/Deepium 2026/MarcelVibe/20/PREMIERE： foglight - Feel Again (Original Mix) [MANGO ALLEY] - 2022.mp3"
[youtube] Extracting URL: https://www.youtube.com/watch?v=j0slSZOpXcU
[youtube] Sleeping 1.0 seconds ...
[youtube] j0slSZOpXcU: Downloading webpage
[youtube] Sleeping 1.0 seconds ...
[youtube] j0slSZOpXcU: Downloading visionos player API JSON
[youtube] Sleeping 1.0 seconds ...
[youtube] j0slSZOpXcU: Downloading m3u8 information
[info] j0slSZOpXcU: Downloading 1 format(s): 251
[info] Downloading video thumbnail 44 ...
[info] Writing video thumbnail 44 to: /Users/marcelbuian/projects/mb/marcel-vibe/Deepium 2026/MarcelVibe/20/Khen - Babylon - 2024.webp
[ThumbnailsConvertor] Converting thumbnail "/Users/marcelbuian/projects/mb/marcel-vibe/Deepium 2026/MarcelVibe/20/Khen - Babylon - 2024.webp" to jpg
Deleting original file /Users/marcelbuian/projects/mb/marcel-vibe/Deepium 2026/MarcelVibe/20/Khen - Babylon - 2024.webp (pass -k to keep)
[download] Sleeping 1.04 seconds ...
[download] Destination: /Users/marcelbuian/projects/mb/marcel-vibe/Deepium 2026/MarcelVibe/20/Khen - Babylon - 2024.webm

[download]   0.0% of    7.69MiB at  429.92KiB/s ETA 00:18
[download]   0.0% of    7.69MiB at    1.12MiB/s ETA 00:06
[download]   0.1% of    7.69MiB at    2.52MiB/s ETA 00:03
[download]   0.2% of    7.69MiB at    5.21MiB/s ETA 00:01
[download]   0.4% of    7.69MiB at    4.21MiB/s ETA 00:01
[download]   0.8% of    7.69MiB at    4.61MiB/s ETA 00:01
[download]   1.6% of    7.69MiB at    6.58MiB/s ETA 00:01
[download]   3.2% of    7.69MiB at    9.41MiB/s ETA 00:00
[download]   6.5% of    7.69MiB at   13.88MiB/s ETA 00:00
[download]  13.0% of    7.69MiB at   20.34MiB/s ETA 00:00
[download]  26.0% of    7.69MiB at   28.30MiB/s ETA 00:00
[download]  52.0% of    7.69MiB at   33.11MiB/s ETA 00:00
[download] 100.0% of    7.69MiB at   39.30MiB/s ETA 00:00
[download] 100% of    7.69MiB in 00:00:00 at 31.10MiB/s  
[ExtractAudio] Destination: /Users/marcelbuian/projects/mb/marcel-vibe/Deepium 2026/MarcelVibe/20/Khen - Babylon - 2024.mp3
Deleting original file /Users/marcelbuian/projects/mb/marcel-vibe/Deepium 2026/MarcelVibe/20/Khen - Babylon - 2024.webm (pass -k to keep)
[Metadata] Adding metadata to "/Users/marcelbuian/projects/mb/marcel-vibe/Deepium 2026/MarcelVibe/20/Khen - Babylon - 2024.mp3"
[EmbedThumbnail] ffmpeg: Adding thumbnail to "/Users/marcelbuian/projects/mb/marcel-vibe/Deepium 2026/MarcelVibe/20/Khen - Babylon - 2024.mp3"
[youtube] Extracting URL: https://www.youtube.com/watch?v=mzlenuc752Y
[youtube] Sleeping 1.0 seconds ...
[youtube] mzlenuc752Y: Downloading webpage
[youtube] Sleeping 1.0 seconds ...
[youtube] mzlenuc752Y: Downloading visionos player API JSON
[youtube] Sleeping 1.0 seconds ...
[youtube] mzlenuc752Y: Downloading m3u8 information
[info] mzlenuc752Y: Downloading 1 format(s): 251
[info] Downloading video thumbnail 41 ...
[info] Writing video thumbnail 41 to: /Users/marcelbuian/projects/mb/marcel-vibe/Deepium 2026/MarcelVibe/20/MAZE 28 Eureka - 2024.webp
[ThumbnailsConvertor] Converting thumbnail "/Users/marcelbuian/projects/mb/marcel-vibe/Deepium 2026/MarcelVibe/20/MAZE 28 Eureka - 2024.webp" to jpg
Deleting original file /Users/marcelbuian/projects/mb/marcel-vibe/Deepium 2026/MarcelVibe/20/MAZE 28 Eureka - 2024.webp (pass -k to keep)
[download] Sleeping 2.55 seconds ...
[download] Destination: /Users/marcelbuian/projects/mb/marcel-vibe/Deepium 2026/MarcelVibe/20/MAZE 28 Eureka - 2024.webm

[download]   0.0% of    7.54MiB at  934.56KiB/s ETA 00:08
[download]   0.0% of    7.54MiB at    2.14MiB/s ETA 00:03
[download]   0.1% of    7.54MiB at    4.64MiB/s ETA 00:01
[download]   0.2% of    7.54MiB at    6.44MiB/s ETA 00:01
[download]   0.4% of    7.54MiB at    4.82MiB/s ETA 00:01
[download]   0.8% of    7.54MiB at    2.88MiB/s ETA 00:02
[download]   1.6% of    7.54MiB at    4.10MiB/s ETA 00:01
[download]   3.3% of    7.54MiB at    6.90MiB/s ETA 00:01
[download]   6.6% of    7.54MiB at    6.84MiB/s ETA 00:01
[download]  13.2% of    7.54MiB at   10.57MiB/s ETA 00:00
[download]  26.5% of    7.54MiB at   10.41MiB/s ETA 00:00
[download]  53.0% of    7.54MiB at   10.39MiB/s ETA 00:00
[download] 100.0% of    7.54MiB at    9.24MiB/s ETA 00:00
[download] 100% of    7.54MiB in 00:00:00 at 8.69MiB/s   
[ExtractAudio] Destination: /Users/marcelbuian/projects/mb/marcel-vibe/Deepium 2026/MarcelVibe/20/MAZE 28 Eureka - 2024.mp3
Deleting original file /Users/marcelbuian/projects/mb/marcel-vibe/Deepium 2026/MarcelVibe/20/MAZE 28 Eureka - 2024.webm (pass -k to keep)
[Metadata] Adding metadata to "/Users/marcelbuian/projects/mb/marcel-vibe/Deepium 2026/MarcelVibe/20/MAZE 28 Eureka - 2024.mp3"
[EmbedThumbnail] ffmpeg: Adding thumbnail to "/Users/marcelbuian/projects/mb/marcel-vibe/Deepium 2026/MarcelVibe/20/MAZE 28 Eureka - 2024.mp3"
[youtube] Extracting URL: https://www.youtube.com/watch?v=q85Ju0gblYo
[youtube] Sleeping 1.0 seconds ...
[youtube] q85Ju0gblYo: Downloading webpage
[youtube] Sleeping 1.0 seconds ...
[youtube] q85Ju0gblYo: Downloading visionos player API JSON
[youtube] Sleeping 1.0 seconds ...
[youtube] q85Ju0gblYo: Downloading m3u8 information
[info] q85Ju0gblYo: Downloading 1 format(s): 251
[info] Downloading video thumbnail 44 ...
[info] Writing video thumbnail 44 to: /Users/marcelbuian/projects/mb/marcel-vibe/Deepium 2026/MarcelVibe/20/Like Mike x Eden Shalev - Dale (Extended Mix) - 2023.webp
[ThumbnailsConvertor] Converting thumbnail "/Users/marcelbuian/projects/mb/marcel-vibe/Deepium 2026/MarcelVibe/20/Like Mike x Eden Shalev - Dale (Extended Mix) - 2023.webp" to jpg
Deleting original file /Users/marcelbuian/projects/mb/marcel-vibe/Deepium 2026/MarcelVibe/20/Like Mike x Eden Shalev - Dale (Extended Mix) - 2023.webp (pass -k to keep)
[download] Sleeping 1.35 seconds ...
[download] Destination: /Users/marcelbuian/projects/mb/marcel-vibe/Deepium 2026/MarcelVibe/20/Like Mike x Eden Shalev - Dale (Extended Mix) - 2023.webm

[download]   0.0% of    5.03MiB at  Unknown B/s ETA 00:05
[download]   0.1% of    5.03MiB at    2.37MiB/s ETA 00:02
[download]   0.1% of    5.03MiB at    5.09MiB/s ETA 00:00
[download]   0.3% of    5.03MiB at   10.19MiB/s ETA 00:00
[download]   0.6% of    5.03MiB at   19.51MiB/s ETA 00:00
[download]   1.2% of    5.03MiB at   15.51MiB/s ETA 00:00
[download]   2.5% of    5.03MiB at   13.05MiB/s ETA 00:00
[download]   5.0% of    5.03MiB at   15.16MiB/s ETA 00:00
[download]   9.9% of    5.03MiB at   14.98MiB/s ETA 00:00
[download]  19.9% of    5.03MiB at   14.73MiB/s ETA 00:00
[download]  39.8% of    5.03MiB at   14.77MiB/s ETA 00:00
[download]  79.6% of    5.03MiB at   12.37MiB/s ETA 00:00
[download] 100.0% of    5.03MiB at    9.12MiB/s ETA 00:00
[download] 100% of    5.03MiB in 00:00:00 at 7.63MiB/s   
[ExtractAudio] Destination: /Users/marcelbuian/projects/mb/marcel-vibe/Deepium 2026/MarcelVibe/20/Like Mike x Eden Shalev - Dale (Extended Mix) - 2023.mp3
Deleting original file /Users/marcelbuian/projects/mb/marcel-vibe/Deepium 2026/MarcelVibe/20/Like Mike x Eden Shalev - Dale (Extended Mix) - 2023.webm (pass -k to keep)
[Metadata] Adding metadata to "/Users/marcelbuian/projects/mb/marcel-vibe/Deepium 2026/MarcelVibe/20/Like Mike x Eden Shalev - Dale (Extended Mix) - 2023.mp3"
[EmbedThumbnail] ffmpeg: Adding thumbnail to "/Users/marcelbuian/projects/mb/marcel-vibe/Deepium 2026/MarcelVibe/20/Like Mike x Eden Shalev - Dale (Extended Mix) - 2023.mp3"
[youtube] Extracting URL: https://www.youtube.com/watch?v=Q8bHsiST6uA
[youtube] Sleeping 1.0 seconds ...
[youtube] Q8bHsiST6uA: Downloading webpage
[youtube] Sleeping 1.0 seconds ...
[youtube] Q8bHsiST6uA: Downloading visionos player API JSON
[youtube] Sleeping 1.0 seconds ...
[youtube] Q8bHsiST6uA: Downloading m3u8 information
[info] Q8bHsiST6uA: Downloading 1 format(s): 251
[info] Downloading video thumbnail 44 ...
[info] Writing video thumbnail 44 to: /Users/marcelbuian/projects/mb/marcel-vibe/Deepium 2026/MarcelVibe/20/MDROM  - Shine (Extended Mix) - 2025.webp
[ThumbnailsConvertor] Converting thumbnail "/Users/marcelbuian/projects/mb/marcel-vibe/Deepium 2026/MarcelVibe/20/MDROM  - Shine (Extended Mix) - 2025.webp" to jpg
Deleting original file /Users/marcelbuian/projects/mb/marcel-vibe/Deepium 2026/MarcelVibe/20/MDROM  - Shine (Extended Mix) - 2025.webp (pass -k to keep)
[download] Sleeping 1.37 seconds ...
[download] Destination: /Users/marcelbuian/projects/mb/marcel-vibe/Deepium 2026/MarcelVibe/20/MDROM  - Shine (Extended Mix) - 2025.webm

[download]   0.0% of    5.20MiB at  481.44KiB/s ETA 00:11
[download]   0.1% of    5.20MiB at    1.21MiB/s ETA 00:04
[download]   0.1% of    5.20MiB at    2.71MiB/s ETA 00:01
[download]   0.3% of    5.20MiB at    5.56MiB/s ETA 00:00
[download]   0.6% of    5.20MiB at    3.72MiB/s ETA 00:01
[download]   1.2% of    5.20MiB at    4.64MiB/s ETA 00:01
[download]   2.4% of    5.20MiB at    4.68MiB/s ETA 00:01
[download]   4.8% of    5.20MiB at    6.28MiB/s ETA 00:00
[download]   9.6% of    5.20MiB at   10.32MiB/s ETA 00:00
[download]  19.2% of    5.20MiB at   13.31MiB/s ETA 00:00
[download]  38.5% of    5.20MiB at   11.43MiB/s ETA 00:00
[download]  77.0% of    5.20MiB at   12.98MiB/s ETA 00:00
[download] 100.0% of    5.20MiB at   14.25MiB/s ETA 00:00
[download] 100% of    5.20MiB in 00:00:00 at 9.35MiB/s   
[ExtractAudio] Destination: /Users/marcelbuian/projects/mb/marcel-vibe/Deepium 2026/MarcelVibe/20/MDROM  - Shine (Extended Mix) - 2025.mp3
Deleting original file /Users/marcelbuian/projects/mb/marcel-vibe/Deepium 2026/MarcelVibe/20/MDROM  - Shine (Extended Mix) - 2025.webm (pass -k to keep)
[Metadata] Adding metadata to "/Users/marcelbuian/projects/mb/marcel-vibe/Deepium 2026/MarcelVibe/20/MDROM  - Shine (Extended Mix) - 2025.mp3"
[EmbedThumbnail] ffmpeg: Adding thumbnail to "/Users/marcelbuian/projects/mb/marcel-vibe/Deepium 2026/MarcelVibe/20/MDROM  - Shine (Extended Mix) - 2025.mp3"
[youtube] Extracting URL: https://www.youtube.com/watch?v=KZ_B8ipqQzQ
[youtube] Sleeping 1.0 seconds ...
[youtube] KZ_B8ipqQzQ: Downloading webpage
[youtube] Sleeping 1.0 seconds ...
[youtube] KZ_B8ipqQzQ: Downloading visionos player API JSON
[youtube] Sleeping 1.0 seconds ...
[youtube] KZ_B8ipqQzQ: Downloading m3u8 information
[info] KZ_B8ipqQzQ: Downloading 1 format(s): 251
[info] Downloading video thumbnail 41 ...
[info] Writing video thumbnail 41 to: /Users/marcelbuian/projects/mb/marcel-vibe/Deepium 2026/MarcelVibe/20/Jan Blomqvist - The Space In Between (Ben Böhmer Extended Remix) - 2018.webp
[ThumbnailsConvertor] Converting thumbnail "/Users/marcelbuian/projects/mb/marcel-vibe/Deepium 2026/MarcelVibe/20/Jan Blomqvist - The Space In Between (Ben Böhmer Extended Remix) - 2018.webp" to jpg
Deleting original file /Users/marcelbuian/projects/mb/marcel-vibe/Deepium 2026/MarcelVibe/20/Jan Blomqvist - The Space In Between (Ben Böhmer Extended Remix) - 2018.webp (pass -k to keep)
[download] Sleeping 2.33 seconds ...
[download] Destination: /Users/marcelbuian/projects/mb/marcel-vibe/Deepium 2026/MarcelVibe/20/Jan Blomqvist - The Space In Between (Ben Böhmer Extended Remix) - 2018.webm

[download]   0.0% of    7.89MiB at  719.31KiB/s ETA 00:11
[download]   0.0% of    7.89MiB at    1.70MiB/s ETA 00:04
[download]   0.1% of    7.89MiB at    3.67MiB/s ETA 00:02
[download]   0.2% of    7.89MiB at    7.04MiB/s ETA 00:01
[download]   0.4% of    7.89MiB at   12.92MiB/s ETA 00:00
[download]   0.8% of    7.89MiB at   15.25MiB/s ETA 00:00
[download]   1.6% of    7.89MiB at   20.06MiB/s ETA 00:00
[download]   3.2% of    7.89MiB at   15.84MiB/s ETA 00:00
[download]   6.3% of    7.89MiB at   15.05MiB/s ETA 00:00
[download]  12.7% of    7.89MiB at    8.61MiB/s ETA 00:00
[download]  25.3% of    7.89MiB at    8.23MiB/s ETA 00:00
[download]  50.7% of    7.89MiB at   14.21MiB/s ETA 00:00
[download] 100.0% of    7.89MiB at   11.64MiB/s ETA 00:00
[download] 100% of    7.89MiB in 00:00:00 at 10.17MiB/s  
[ExtractAudio] Destination: /Users/marcelbuian/projects/mb/marcel-vibe/Deepium 2026/MarcelVibe/20/Jan Blomqvist - The Space In Between (Ben Böhmer Extended Remix) - 2018.mp3
Deleting original file /Users/marcelbuian/projects/mb/marcel-vibe/Deepium 2026/MarcelVibe/20/Jan Blomqvist - The Space In Between (Ben Böhmer Extended Remix) - 2018.webm (pass -k to keep)
[Metadata] Adding metadata to "/Users/marcelbuian/projects/mb/marcel-vibe/Deepium 2026/MarcelVibe/20/Jan Blomqvist - The Space In Between (Ben Böhmer Extended Remix) - 2018.mp3"
[EmbedThumbnail] ffmpeg: Adding thumbnail to "/Users/marcelbuian/projects/mb/marcel-vibe/Deepium 2026/MarcelVibe/20/Jan Blomqvist - The Space In Between (Ben Böhmer Extended Remix) - 2018.mp3"
[youtube] Extracting URL: https://www.youtube.com/watch?v=k1rJFw4qiq4
[youtube] Sleeping 1.0 seconds ...
[youtube] k1rJFw4qiq4: Downloading webpage
[youtube] Sleeping 1.0 seconds ...
[youtube] k1rJFw4qiq4: Downloading visionos player API JSON
[youtube] Sleeping 1.0 seconds ...
[youtube] k1rJFw4qiq4: Downloading m3u8 information
[info] k1rJFw4qiq4: Downloading 1 format(s): 251
[info] Downloading video thumbnail 44 ...
[info] Writing video thumbnail 44 to: /Users/marcelbuian/projects/mb/marcel-vibe/Deepium 2026/MarcelVibe/20/Lynnic - Rise - 2024.webp
[ThumbnailsConvertor] Converting thumbnail "/Users/marcelbuian/projects/mb/marcel-vibe/Deepium 2026/MarcelVibe/20/Lynnic - Rise - 2024.webp" to jpg
Deleting original file /Users/marcelbuian/projects/mb/marcel-vibe/Deepium 2026/MarcelVibe/20/Lynnic - Rise - 2024.webp (pass -k to keep)
[download] Sleeping 2.43 seconds ...
[download] Destination: /Users/marcelbuian/projects/mb/marcel-vibe/Deepium 2026/MarcelVibe/20/Lynnic - Rise - 2024.webm

[download]   0.0% of    2.96MiB at  Unknown B/s ETA Unknown
[download]   0.1% of    2.96MiB at  Unknown B/s ETA Unknown
[download]   0.2% of    2.96MiB at  Unknown B/s ETA Unknown
[download]   0.5% of    2.96MiB at  Unknown B/s ETA Unknown
[download]   1.0% of    2.96MiB at    5.21MiB/s ETA 00:00  
[download]   2.1% of    2.96MiB at    4.05MiB/s ETA 00:00
[download]   4.2% of    2.96MiB at    4.32MiB/s ETA 00:00
[download]   8.4% of    2.96MiB at    5.45MiB/s ETA 00:00
[download]  16.8% of    2.96MiB at    7.13MiB/s ETA 00:00
[download]  33.7% of    2.96MiB at   10.94MiB/s ETA 00:00
[download]  67.4% of    2.96MiB at   16.14MiB/s ETA 00:00
[download] 100.0% of    2.96MiB at   20.24MiB/s ETA 00:00
[download] 100% of    2.96MiB in 00:00:00 at 14.35MiB/s  
[ExtractAudio] Destination: /Users/marcelbuian/projects/mb/marcel-vibe/Deepium 2026/MarcelVibe/20/Lynnic - Rise - 2024.mp3
Deleting original file /Users/marcelbuian/projects/mb/marcel-vibe/Deepium 2026/MarcelVibe/20/Lynnic - Rise - 2024.webm (pass -k to keep)
[Metadata] Adding metadata to "/Users/marcelbuian/projects/mb/marcel-vibe/Deepium 2026/MarcelVibe/20/Lynnic - Rise - 2024.mp3"
[EmbedThumbnail] ffmpeg: Adding thumbnail to "/Users/marcelbuian/projects/mb/marcel-vibe/Deepium 2026/MarcelVibe/20/Lynnic - Rise - 2024.mp3"
[youtube] Extracting URL: https://www.youtube.com/watch?v=_qb83mqCp5g
[youtube] Sleeping 1.0 seconds ...
[youtube] _qb83mqCp5g: Downloading webpage
[youtube] Sleeping 1.0 seconds ...
[youtube] _qb83mqCp5g: Downloading visionos player API JSON
[youtube] Sleeping 1.0 seconds ...
[youtube] _qb83mqCp5g: Downloading m3u8 information
[info] _qb83mqCp5g: Downloading 1 format(s): 251
[info] Downloading video thumbnail 41 ...
[info] Writing video thumbnail 41 to: /Users/marcelbuian/projects/mb/marcel-vibe/Deepium 2026/MarcelVibe/20/Sebastian Sellares - Timeless Era - 2024.webp
[ThumbnailsConvertor] Converting thumbnail "/Users/marcelbuian/projects/mb/marcel-vibe/Deepium 2026/MarcelVibe/20/Sebastian Sellares - Timeless Era - 2024.webp" to jpg
Deleting original file /Users/marcelbuian/projects/mb/marcel-vibe/Deepium 2026/MarcelVibe/20/Sebastian Sellares - Timeless Era - 2024.webp (pass -k to keep)
[download] Sleeping 2.07 seconds ...
[download] Destination: /Users/marcelbuian/projects/mb/marcel-vibe/Deepium 2026/MarcelVibe/20/Sebastian Sellares - Timeless Era - 2024.webm

[download]   0.0% of    3.58MiB at  446.82KiB/s ETA 00:08
[download]   0.1% of    3.58MiB at    1.17MiB/s ETA 00:03
[download]   0.2% of    3.58MiB at    2.63MiB/s ETA 00:01
[download]   0.4% of    3.58MiB at    5.42MiB/s ETA 00:00
[download]   0.8% of    3.58MiB at    4.53MiB/s ETA 00:00
[download]   1.7% of    3.58MiB at    5.07MiB/s ETA 00:00
[download]   3.5% of    3.58MiB at    6.48MiB/s ETA 00:00
[download]   6.9% of    3.58MiB at    9.19MiB/s ETA 00:00
[download]  13.9% of    3.58MiB at   13.83MiB/s ETA 00:00
[download]  27.9% of    3.58MiB at   20.69MiB/s ETA 00:00
[download]  55.8% of    3.58MiB at   28.25MiB/s ETA 00:00
[download] 100.0% of    3.58MiB at   33.05MiB/s ETA 00:00
[download] 100% of    3.58MiB in 00:00:00 at 6.07MiB/s   
[ExtractAudio] Destination: /Users/marcelbuian/projects/mb/marcel-vibe/Deepium 2026/MarcelVibe/20/Sebastian Sellares - Timeless Era - 2024.mp3
Deleting original file /Users/marcelbuian/projects/mb/marcel-vibe/Deepium 2026/MarcelVibe/20/Sebastian Sellares - Timeless Era - 2024.webm (pass -k to keep)
[Metadata] Adding metadata to "/Users/marcelbuian/projects/mb/marcel-vibe/Deepium 2026/MarcelVibe/20/Sebastian Sellares - Timeless Era - 2024.mp3"
[EmbedThumbnail] ffmpeg: Adding thumbnail to "/Users/marcelbuian/projects/mb/marcel-vibe/Deepium 2026/MarcelVibe/20/Sebastian Sellares - Timeless Era - 2024.mp3"
[youtube] Extracting URL: https://www.youtube.com/watch?v=O2lbTi3UhfI
[youtube] Sleeping 1.0 seconds ...
[youtube] O2lbTi3UhfI: Downloading webpage
[youtube] Sleeping 1.0 seconds ...
[youtube] O2lbTi3UhfI: Downloading visionos player API JSON
[youtube] Sleeping 1.0 seconds ...
[youtube] O2lbTi3UhfI: Downloading m3u8 information
[info] O2lbTi3UhfI: Downloading 1 format(s): 251
[info] Downloading video thumbnail 41 ...
[info] Writing video thumbnail 41 to: /Users/marcelbuian/projects/mb/marcel-vibe/Deepium 2026/MarcelVibe/20/Volen Sentir - Kailas [ADID051] - 2019.webp
[ThumbnailsConvertor] Converting thumbnail "/Users/marcelbuian/projects/mb/marcel-vibe/Deepium 2026/MarcelVibe/20/Volen Sentir - Kailas [ADID051] - 2019.webp" to jpg
Deleting original file /Users/marcelbuian/projects/mb/marcel-vibe/Deepium 2026/MarcelVibe/20/Volen Sentir - Kailas [ADID051] - 2019.webp (pass -k to keep)
[download] Sleeping 1.30 seconds ...
[download] Destination: /Users/marcelbuian/projects/mb/marcel-vibe/Deepium 2026/MarcelVibe/20/Volen Sentir - Kailas [ADID051] - 2019.webm

[download]   0.0% of    7.05MiB at  120.61KiB/s ETA 00:59
[download]   0.0% of    7.05MiB at  350.35KiB/s ETA 00:20
[download]   0.1% of    7.05MiB at  803.04KiB/s ETA 00:08
[download]   0.2% of    7.05MiB at    1.66MiB/s ETA 00:04
[download]   0.4% of    7.05MiB at    3.39MiB/s ETA 00:02
[download]   0.9% of    7.05MiB at    6.74MiB/s ETA 00:01
[download]   1.8% of    7.05MiB at   12.21MiB/s ETA 00:00
[download]   3.5% of    7.05MiB at   15.10MiB/s ETA 00:00
[download]   7.1% of    7.05MiB at   14.60MiB/s ETA 00:00
[download]  14.2% of    7.05MiB at   15.03MiB/s ETA 00:00
[download]  28.3% of    7.05MiB at   14.62MiB/s ETA 00:00
[download]  56.7% of    7.05MiB at    8.56MiB/s ETA 00:00
[download] 100.0% of    7.05MiB at   10.64MiB/s ETA 00:00
[download] 100% of    7.05MiB in 00:00:00 at 9.15MiB/s   
[ExtractAudio] Destination: /Users/marcelbuian/projects/mb/marcel-vibe/Deepium 2026/MarcelVibe/20/Volen Sentir - Kailas [ADID051] - 2019.mp3
Deleting original file /Users/marcelbuian/projects/mb/marcel-vibe/Deepium 2026/MarcelVibe/20/Volen Sentir - Kailas [ADID051] - 2019.webm (pass -k to keep)
[Metadata] Adding metadata to "/Users/marcelbuian/projects/mb/marcel-vibe/Deepium 2026/MarcelVibe/20/Volen Sentir - Kailas [ADID051] - 2019.mp3"
[EmbedThumbnail] ffmpeg: Adding thumbnail to "/Users/marcelbuian/projects/mb/marcel-vibe/Deepium 2026/MarcelVibe/20/Volen Sentir - Kailas [ADID051] - 2019.mp3"
[youtube] Extracting URL: https://www.youtube.com/watch?v=r-_2JK4xbc4
[youtube] Sleeping 1.0 seconds ...
[youtube] r-_2JK4xbc4: Downloading webpage
[youtube] Sleeping 1.0 seconds ...
[youtube] r-_2JK4xbc4: Downloading visionos player API JSON
[youtube] Sleeping 1.0 seconds ...
[youtube] r-_2JK4xbc4: Downloading m3u8 information
[info] r-_2JK4xbc4: Downloading 1 format(s): 251
[info] Downloading video thumbnail 41 ...
[info] Video Thumbnail 41 does not exist
[info] Downloading video thumbnail 40 ...
[info] Video Thumbnail 40 does not exist
[info] Downloading video thumbnail 39 ...
[info] Video Thumbnail 39 does not exist
[info] Downloading video thumbnail 38 ...
[info] Video Thumbnail 38 does not exist
[info] Downloading video thumbnail 37 ...
[info] Video Thumbnail 37 does not exist
[info] Downloading video thumbnail 36 ...
[info] Video Thumbnail 36 does not exist
[info] Downloading video thumbnail 35 ...
[info] Writing video thumbnail 35 to: /Users/marcelbuian/projects/mb/marcel-vibe/Deepium 2026/MarcelVibe/20/Bondarev - Remote Control (HAFT Remix) [WARPP] - 2025.webp
[ThumbnailsConvertor] Converting thumbnail "/Users/marcelbuian/projects/mb/marcel-vibe/Deepium 2026/MarcelVibe/20/Bondarev - Remote Control (HAFT Remix) [WARPP] - 2025.webp" to jpg
Deleting original file /Users/marcelbuian/projects/mb/marcel-vibe/Deepium 2026/MarcelVibe/20/Bondarev - Remote Control (HAFT Remix) [WARPP] - 2025.webp (pass -k to keep)
[download] Sleeping 1.63 seconds ...
[download] Destination: /Users/marcelbuian/projects/mb/marcel-vibe/Deepium 2026/MarcelVibe/20/Bondarev - Remote Control (HAFT Remix) [WARPP] - 2025.webm

[download]   0.0% of    6.12MiB at  435.00KiB/s ETA 00:14
[download]   0.0% of    6.12MiB at    1.12MiB/s ETA 00:05
[download]   0.1% of    6.12MiB at    2.49MiB/s ETA 00:02
[download]   0.2% of    6.12MiB at    5.13MiB/s ETA 00:01
[download]   0.5% of    6.12MiB at    4.23MiB/s ETA 00:01
[download]   1.0% of    6.12MiB at    4.46MiB/s ETA 00:01
[download]   2.0% of    6.12MiB at    7.76MiB/s ETA 00:00
[download]   4.1% of    6.12MiB at   10.46MiB/s ETA 00:00
[download]   8.2% of    6.12MiB at   14.67MiB/s ETA 00:00
[download]  16.3% of    6.12MiB at    9.62MiB/s ETA 00:00
[download]  32.7% of    6.12MiB at    8.34MiB/s ETA 00:00
[download]  65.3% of    6.12MiB at   14.19MiB/s ETA 00:00
[download] 100.0% of    6.12MiB at   13.29MiB/s ETA 00:00
[download] 100% of    6.12MiB in 00:00:00 at 7.19MiB/s   
[ExtractAudio] Destination: /Users/marcelbuian/projects/mb/marcel-vibe/Deepium 2026/MarcelVibe/20/Bondarev - Remote Control (HAFT Remix) [WARPP] - 2025.mp3
Deleting original file /Users/marcelbuian/projects/mb/marcel-vibe/Deepium 2026/MarcelVibe/20/Bondarev - Remote Control (HAFT Remix) [WARPP] - 2025.webm (pass -k to keep)
[Metadata] Adding metadata to "/Users/marcelbuian/projects/mb/marcel-vibe/Deepium 2026/MarcelVibe/20/Bondarev - Remote Control (HAFT Remix) [WARPP] - 2025.mp3"
[EmbedThumbnail] ffmpeg: Adding thumbnail to "/Users/marcelbuian/projects/mb/marcel-vibe/Deepium 2026/MarcelVibe/20/Bondarev - Remote Control (HAFT Remix) [WARPP] - 2025.mp3"
[youtube] Extracting URL: https://www.youtube.com/watch?v=ceewCmsK4OM
[youtube] Sleeping 1.0 seconds ...
[youtube] ceewCmsK4OM: Downloading webpage
[youtube] Sleeping 1.0 seconds ...
[youtube] ceewCmsK4OM: Downloading visionos player API JSON
[youtube] Sleeping 1.0 seconds ...
[youtube] ceewCmsK4OM: Downloading m3u8 information
[info] ceewCmsK4OM: Downloading 1 format(s): 251
[info] Downloading video thumbnail 44 ...
[info] Writing video thumbnail 44 to: /Users/marcelbuian/projects/mb/marcel-vibe/Deepium 2026/MarcelVibe/20/PREMIERE： Dmitry Molosh - Dreaming (Original Mix) [Protagonist Recordings] - 2025.webp
[ThumbnailsConvertor] Converting thumbnail "/Users/marcelbuian/projects/mb/marcel-vibe/Deepium 2026/MarcelVibe/20/PREMIERE： Dmitry Molosh - Dreaming (Original Mix) [Protagonist Recordings] - 2025.webp" to jpg
Deleting original file /Users/marcelbuian/projects/mb/marcel-vibe/Deepium 2026/MarcelVibe/20/PREMIERE： Dmitry Molosh - Dreaming (Original Mix) [Protagonist Recordings] - 2025.webp (pass -k to keep)
[download] Sleeping 2.48 seconds ...
[download] Destination: /Users/marcelbuian/projects/mb/marcel-vibe/Deepium 2026/MarcelVibe/20/PREMIERE： Dmitry Molosh - Dreaming (Original Mix) [Protagonist Recordings] - 2025.webm

[download]   0.0% of    6.97MiB at  457.89KiB/s ETA 00:15
[download]   0.0% of    6.97MiB at    1.18MiB/s ETA 00:05
[download]   0.1% of    6.97MiB at    2.58MiB/s ETA 00:02
[download]   0.2% of    6.97MiB at    5.25MiB/s ETA 00:01
[download]   0.4% of    6.97MiB at    1.32MiB/s ETA 00:05
[download]   0.9% of    6.97MiB at    1.79MiB/s ETA 00:03
[download]   1.8% of    6.97MiB at    2.11MiB/s ETA 00:03
[download]   3.6% of    6.97MiB at    3.05MiB/s ETA 00:02
[download]   7.2% of    6.97MiB at    2.99MiB/s ETA 00:02
[download]  14.3% of    6.97MiB at    1.02MiB/s ETA 00:05
[download]  23.1% of    6.97MiB at  784.97KiB/s ETA 00:06
[download]  31.0% of    6.97MiB at  520.47KiB/s ETA 00:09
[download]  34.9% of    6.97MiB at  508.33KiB/s ETA 00:09
[download]  40.9% of    6.97MiB at  504.29KiB/s ETA 00:08
[download]  47.7% of    6.97MiB at  476.04KiB/s ETA 00:07
[download]  52.6% of    6.97MiB at  490.84KiB/s ETA 00:06
[download]  62.4% of    6.97MiB at  428.01KiB/s ETA 00:06
[download]  67.3% of    6.97MiB at  440.78KiB/s ETA 00:05
[download]  77.1% of    6.97MiB at  459.61KiB/s ETA 00:03
[download]  86.2% of    6.97MiB at  477.30KiB/s ETA 00:02
[download]  96.1% of    6.97MiB at  468.50KiB/s ETA 00:00
[download] 100.0% of    6.97MiB at  458.74KiB/s ETA 00:00
[download] 100% of    6.97MiB in 00:00:15 at 456.71KiB/s 
[ExtractAudio] Destination: /Users/marcelbuian/projects/mb/marcel-vibe/Deepium 2026/MarcelVibe/20/PREMIERE： Dmitry Molosh - Dreaming (Original Mix) [Protagonist Recordings] - 2025.mp3
Deleting original file /Users/marcelbuian/projects/mb/marcel-vibe/Deepium 2026/MarcelVibe/20/PREMIERE： Dmitry Molosh - Dreaming (Original Mix) [Protagonist Recordings] - 2025.webm (pass -k to keep)
[Metadata] Adding metadata to "/Users/marcelbuian/projects/mb/marcel-vibe/Deepium 2026/MarcelVibe/20/PREMIERE： Dmitry Molosh - Dreaming (Original Mix) [Protagonist Recordings] - 2025.mp3"
[EmbedThumbnail] ffmpeg: Adding thumbnail to "/Users/marcelbuian/projects/mb/marcel-vibe/Deepium 2026/MarcelVibe/20/PREMIERE： Dmitry Molosh - Dreaming (Original Mix) [Protagonist Recordings] - 2025.mp3"
[youtube] Extracting URL: https://www.youtube.com/watch?v=SRQGxmRiYrY
[youtube] Sleeping 1.0 seconds ...
[youtube] SRQGxmRiYrY: Downloading webpage
[youtube] Sleeping 1.0 seconds ...
[youtube] SRQGxmRiYrY: Downloading visionos player API JSON
[youtube] Sleeping 1.0 seconds ...
[youtube] SRQGxmRiYrY: Downloading m3u8 information
[info] SRQGxmRiYrY: Downloading 1 format(s): 251
[info] Downloading video thumbnail 41 ...
[info] Writing video thumbnail 41 to: /Users/marcelbuian/projects/mb/marcel-vibe/Deepium 2026/MarcelVibe/20/Solomon Grey - Miradors (Lane 8 Remix) - 2015.webp
[ThumbnailsConvertor] Converting thumbnail "/Users/marcelbuian/projects/mb/marcel-vibe/Deepium 2026/MarcelVibe/20/Solomon Grey - Miradors (Lane 8 Remix) - 2015.webp" to jpg
Deleting original file /Users/marcelbuian/projects/mb/marcel-vibe/Deepium 2026/MarcelVibe/20/Solomon Grey - Miradors (Lane 8 Remix) - 2015.webp (pass -k to keep)
[download] Sleeping 2.74 seconds ...
[download] Destination: /Users/marcelbuian/projects/mb/marcel-vibe/Deepium 2026/MarcelVibe/20/Solomon Grey - Miradors (Lane 8 Remix) - 2015.webm

[download]   0.0% of    8.71MiB at  453.34KiB/s ETA 00:19
[download]   0.0% of    8.71MiB at    1.10MiB/s ETA 00:07
[download]   0.1% of    8.71MiB at    2.45MiB/s ETA 00:03
[download]   0.2% of    8.71MiB at    5.02MiB/s ETA 00:01
[download]   0.3% of    8.71MiB at    9.88MiB/s ETA 00:00
[download]   0.7% of    8.71MiB at   19.13MiB/s ETA 00:00
[download]   1.4% of    8.71MiB at   33.05MiB/s ETA 00:00
[download]   2.9% of    8.71MiB at   40.36MiB/s ETA 00:00
[download]   5.7% of    8.71MiB at   43.06MiB/s ETA 00:00
[download]  11.5% of    8.71MiB at   43.66MiB/s ETA 00:00
[download]  23.0% of    8.71MiB at   39.66MiB/s ETA 00:00
[download]  45.9% of    8.71MiB at   39.67MiB/s ETA 00:00
[download]  91.8% of    8.71MiB at   23.25MiB/s ETA 00:00
[download] 100.0% of    8.71MiB at   23.95MiB/s ETA 00:00
[download] 100% of    8.71MiB in 00:00:00 at 19.64MiB/s  
[ExtractAudio] Destination: /Users/marcelbuian/projects/mb/marcel-vibe/Deepium 2026/MarcelVibe/20/Solomon Grey - Miradors (Lane 8 Remix) - 2015.mp3
Deleting original file /Users/marcelbuian/projects/mb/marcel-vibe/Deepium 2026/MarcelVibe/20/Solomon Grey - Miradors (Lane 8 Remix) - 2015.webm (pass -k to keep)
[Metadata] Adding metadata to "/Users/marcelbuian/projects/mb/marcel-vibe/Deepium 2026/MarcelVibe/20/Solomon Grey - Miradors (Lane 8 Remix) - 2015.mp3"
[EmbedThumbnail] ffmpeg: Adding thumbnail to "/Users/marcelbuian/projects/mb/marcel-vibe/Deepium 2026/MarcelVibe/20/Solomon Grey - Miradors (Lane 8 Remix) - 2015.mp3"
[youtube] Extracting URL: https://www.youtube.com/watch?v=xDFCXbsTO_4
[youtube] Sleeping 1.0 seconds ...
[youtube] xDFCXbsTO_4: Downloading webpage
[youtube] Sleeping 1.0 seconds ...
[youtube] xDFCXbsTO_4: Downloading visionos player API JSON
[youtube] Sleeping 1.0 seconds ...
[youtube] xDFCXbsTO_4: Downloading m3u8 information
[info] xDFCXbsTO_4: Downloading 1 format(s): 251
[info] Downloading video thumbnail 41 ...
[info] Writing video thumbnail 41 to: /Users/marcelbuian/projects/mb/marcel-vibe/Deepium 2026/MarcelVibe/20/Volen Sentir - Arrival  [ADID034] - 2018.webp
[ThumbnailsConvertor] Converting thumbnail "/Users/marcelbuian/projects/mb/marcel-vibe/Deepium 2026/MarcelVibe/20/Volen Sentir - Arrival  [ADID034] - 2018.webp" to jpg
Deleting original file /Users/marcelbuian/projects/mb/marcel-vibe/Deepium 2026/MarcelVibe/20/Volen Sentir - Arrival  [ADID034] - 2018.webp (pass -k to keep)
[download] Sleeping 2.48 seconds ...
[download] Destination: /Users/marcelbuian/projects/mb/marcel-vibe/Deepium 2026/MarcelVibe/20/Volen Sentir - Arrival  [ADID034] - 2018.webm

[download]   0.0% of    7.69MiB at  385.51KiB/s ETA 00:20
[download]   0.0% of    7.69MiB at    1.01MiB/s ETA 00:07
[download]   0.1% of    7.69MiB at    2.25MiB/s ETA 00:03
[download]   0.2% of    7.69MiB at    4.48MiB/s ETA 00:01
[download]   0.4% of    7.69MiB at    3.65MiB/s ETA 00:02
[download]   0.8% of    7.69MiB at    2.21MiB/s ETA 00:03
[download]   1.6% of    7.69MiB at    2.39MiB/s ETA 00:03
[download]   3.2% of    7.69MiB at    2.41MiB/s ETA 00:03
[download]   6.5% of    7.69MiB at    2.99MiB/s ETA 00:02
[download]  13.0% of    7.69MiB at    3.48MiB/s ETA 00:01
[download]  26.0% of    7.69MiB at    4.61MiB/s ETA 00:01
[download]  52.0% of    7.69MiB at    5.61MiB/s ETA 00:00
[download] 100.0% of    7.69MiB at    7.19MiB/s ETA 00:00
[download] 100% of    7.69MiB in 00:00:01 at 5.53MiB/s   
[ExtractAudio] Destination: /Users/marcelbuian/projects/mb/marcel-vibe/Deepium 2026/MarcelVibe/20/Volen Sentir - Arrival  [ADID034] - 2018.mp3
Deleting original file /Users/marcelbuian/projects/mb/marcel-vibe/Deepium 2026/MarcelVibe/20/Volen Sentir - Arrival  [ADID034] - 2018.webm (pass -k to keep)
[Metadata] Adding metadata to "/Users/marcelbuian/projects/mb/marcel-vibe/Deepium 2026/MarcelVibe/20/Volen Sentir - Arrival  [ADID034] - 2018.mp3"
[EmbedThumbnail] ffmpeg: Adding thumbnail to "/Users/marcelbuian/projects/mb/marcel-vibe/Deepium 2026/MarcelVibe/20/Volen Sentir - Arrival  [ADID034] - 2018.mp3"
Reading URLs from STDIN - EOF (Ctrl+D) to end:

===== 26 (#26 - 2026-08-15 Riviera) 15:43:32
[youtube] Extracting URL: https://www.youtube.com/watch?v=Mrc000OlToA
[youtube] Mrc000OlToA: Downloading webpage
[youtube] Sleeping 1.0 seconds ...
[youtube] Mrc000OlToA: Downloading visionos player API JSON
[youtube] Extracting URL: https://www.youtube.com/watch?v=a5CWd3VhIYc
[youtube] Sleeping 1.0 seconds ...
[youtube] a5CWd3VhIYc: Downloading webpage
[youtube] Sleeping 1.0 seconds ...
[youtube] a5CWd3VhIYc: Downloading visionos player API JSON
[youtube] Extracting URL: https://www.youtube.com/watch?v=Q-gZ5b08LdA
[youtube] Sleeping 1.0 seconds ...
[youtube] Q-gZ5b08LdA: Downloading webpage
[youtube] Sleeping 1.0 seconds ...
[youtube] Q-gZ5b08LdA: Downloading visionos player API JSON
[youtube] Extracting URL: https://www.youtube.com/watch?v=-Obdq-of4Kc
[youtube] Sleeping 1.0 seconds ...
[youtube] -Obdq-of4Kc: Downloading webpage
[youtube] Sleeping 1.0 seconds ...
[youtube] -Obdq-of4Kc: Downloading visionos player API JSON
[youtube] Extracting URL: https://www.youtube.com/watch?v=tJLUzndP1r8
[youtube] Sleeping 1.0 seconds ...
[youtube] tJLUzndP1r8: Downloading webpage
[youtube] Sleeping 1.0 seconds ...
[youtube] tJLUzndP1r8: Downloading visionos player API JSON
[youtube] Extracting URL: https://www.youtube.com/watch?v=LZx9KpzX6LE
[youtube] Sleeping 1.0 seconds ...
[youtube] LZx9KpzX6LE: Downloading webpage
[youtube] Sleeping 1.0 seconds ...
[youtube] LZx9KpzX6LE: Downloading visionos player API JSON
[youtube] Sleeping 1.0 seconds ...
[youtube] LZx9KpzX6LE: Downloading m3u8 information
[info] LZx9KpzX6LE: Downloading 1 format(s): 251
[info] Downloading video thumbnail 43 ...
[info] Video Thumbnail 43 does not exist
[info] Downloading video thumbnail 42 ...
[info] Video Thumbnail 42 does not exist
[info] Downloading video thumbnail 41 ...
[info] Video Thumbnail 41 does not exist
[info] Downloading video thumbnail 40 ...
[info] Video Thumbnail 40 does not exist
[info] Downloading video thumbnail 39 ...
[info] Writing video thumbnail 39 to: /Users/marcelbuian/projects/mb/marcel-vibe/Deepium 2026/MarcelVibe/26/Sensei - Trust - 2021.webp
[ThumbnailsConvertor] Converting thumbnail "/Users/marcelbuian/projects/mb/marcel-vibe/Deepium 2026/MarcelVibe/26/Sensei - Trust - 2021.webp" to jpg
Deleting original file /Users/marcelbuian/projects/mb/marcel-vibe/Deepium 2026/MarcelVibe/26/Sensei - Trust - 2021.webp (pass -k to keep)
[download] Sleeping 2.52 seconds ...
[download] Destination: /Users/marcelbuian/projects/mb/marcel-vibe/Deepium 2026/MarcelVibe/26/Sensei - Trust - 2021.webm

[download]   0.0% of    6.76MiB at  688.83KiB/s ETA 00:10
[download]   0.0% of    6.76MiB at    1.48MiB/s ETA 00:04
[download]   0.1% of    6.76MiB at    3.11MiB/s ETA 00:02
[download]   0.2% of    6.76MiB at    6.13MiB/s ETA 00:01
[download]   0.4% of    6.76MiB at    4.00MiB/s ETA 00:01
[download]   0.9% of    6.76MiB at    5.68MiB/s ETA 00:01
[download]   1.8% of    6.76MiB at    7.27MiB/s ETA 00:00
[download]   3.7% of    6.76MiB at    9.96MiB/s ETA 00:00
[download]   7.4% of    6.76MiB at   15.33MiB/s ETA 00:00
[download]  14.8% of    6.76MiB at   15.23MiB/s ETA 00:00
[download]  29.6% of    6.76MiB at   11.03MiB/s ETA 00:00
[download]  59.1% of    6.76MiB at   10.61MiB/s ETA 00:00
[download] 100.0% of    6.76MiB at   12.81MiB/s ETA 00:00
[download] 100% of    6.76MiB in 00:00:00 at 9.50MiB/s   
[ExtractAudio] Destination: /Users/marcelbuian/projects/mb/marcel-vibe/Deepium 2026/MarcelVibe/26/Sensei - Trust - 2021.mp3
Deleting original file /Users/marcelbuian/projects/mb/marcel-vibe/Deepium 2026/MarcelVibe/26/Sensei - Trust - 2021.webm (pass -k to keep)
[Metadata] Adding metadata to "/Users/marcelbuian/projects/mb/marcel-vibe/Deepium 2026/MarcelVibe/26/Sensei - Trust - 2021.mp3"
[EmbedThumbnail] ffmpeg: Adding thumbnail to "/Users/marcelbuian/projects/mb/marcel-vibe/Deepium 2026/MarcelVibe/26/Sensei - Trust - 2021.mp3"
[youtube] Extracting URL: https://www.youtube.com/watch?v=EzXLR2ra7cs
[youtube] Sleeping 1.0 seconds ...
[youtube] EzXLR2ra7cs: Downloading webpage
[youtube] Sleeping 1.0 seconds ...
[youtube] EzXLR2ra7cs: Downloading visionos player API JSON
[youtube] Sleeping 1.0 seconds ...
[youtube] EzXLR2ra7cs: Downloading m3u8 information
[info] EzXLR2ra7cs: Downloading 1 format(s): 251
[info] Downloading video thumbnail 41 ...
[info] Writing video thumbnail 41 to: /Users/marcelbuian/projects/mb/marcel-vibe/Deepium 2026/MarcelVibe/26/Computer Data - Seele - 2020.webp
[ThumbnailsConvertor] Converting thumbnail "/Users/marcelbuian/projects/mb/marcel-vibe/Deepium 2026/MarcelVibe/26/Computer Data - Seele - 2020.webp" to jpg
Deleting original file /Users/marcelbuian/projects/mb/marcel-vibe/Deepium 2026/MarcelVibe/26/Computer Data - Seele - 2020.webp (pass -k to keep)
[download] Sleeping 1.18 seconds ...
[download] Destination: /Users/marcelbuian/projects/mb/marcel-vibe/Deepium 2026/MarcelVibe/26/Computer Data - Seele - 2020.webm

[download]   0.0% of    8.00MiB at   33.64KiB/s ETA 04:03
[download]   0.0% of    8.00MiB at  100.20KiB/s ETA 01:21
[download]   0.1% of    8.00MiB at  233.20KiB/s ETA 00:35
[download]   0.2% of    8.00MiB at  498.50KiB/s ETA 00:16
[download]   0.4% of    8.00MiB at    1.00MiB/s ETA 00:07
[download]   0.8% of    8.00MiB at    1.51MiB/s ETA 00:05
[download]   1.6% of    8.00MiB at    2.60MiB/s ETA 00:03
[download]   3.1% of    8.00MiB at    3.12MiB/s ETA 00:02
[download]   6.2% of    8.00MiB at    4.11MiB/s ETA 00:01
[download]  12.5% of    8.00MiB at    4.32MiB/s ETA 00:01
[download]  25.0% of    8.00MiB at    2.04MiB/s ETA 00:02
[download]  41.7% of    8.00MiB at    1.00MiB/s ETA 00:04
[download]  50.1% of    8.00MiB at  843.31KiB/s ETA 00:04
[download]  55.5% of    8.00MiB at  809.08KiB/s ETA 00:04
[download]  62.7% of    8.00MiB at  742.51KiB/s ETA 00:04
[download]  68.2% of    8.00MiB at  737.62KiB/s ETA 00:03
[download]  76.6% of    8.00MiB at  688.97KiB/s ETA 00:02
[download]  82.1% of    8.00MiB at  684.92KiB/s ETA 00:02
[download]  89.8% of    8.00MiB at  691.45KiB/s ETA 00:01
[download]  99.2% of    8.00MiB at  671.99KiB/s ETA 00:00
[download] 100.0% of    8.00MiB at  670.36KiB/s ETA 00:00
[download] 100% of    8.00MiB in 00:00:12 at 661.86KiB/s 
[ExtractAudio] Destination: /Users/marcelbuian/projects/mb/marcel-vibe/Deepium 2026/MarcelVibe/26/Computer Data - Seele - 2020.mp3
Deleting original file /Users/marcelbuian/projects/mb/marcel-vibe/Deepium 2026/MarcelVibe/26/Computer Data - Seele - 2020.webm (pass -k to keep)
[Metadata] Adding metadata to "/Users/marcelbuian/projects/mb/marcel-vibe/Deepium 2026/MarcelVibe/26/Computer Data - Seele - 2020.mp3"
[EmbedThumbnail] ffmpeg: Adding thumbnail to "/Users/marcelbuian/projects/mb/marcel-vibe/Deepium 2026/MarcelVibe/26/Computer Data - Seele - 2020.mp3"
Reading URLs from STDIN - EOF (Ctrl+D) to end:
ERROR: [youtube] Mrc000OlToA: Video unavailable
ERROR: [youtube] a5CWd3VhIYc: Video unavailable
ERROR: [youtube] Q-gZ5b08LdA: Video unavailable
ERROR: [youtube] -Obdq-of4Kc: Video unavailable
ERROR: [youtube] tJLUzndP1r8: Video unavailable

===== 12 (#12 - 2025-07-11 Fomm ir Rih, Malta) 15:44:10
[youtube] Extracting URL: https://www.youtube.com/watch?v=V_9_eV8jSYI
[youtube] V_9_eV8jSYI: Downloading webpage
[youtube] Sleeping 1.0 seconds ...
[youtube] V_9_eV8jSYI: Downloading visionos player API JSON
[youtube] Sleeping 1.0 seconds ...
[youtube] V_9_eV8jSYI: Downloading m3u8 information
[info] V_9_eV8jSYI: Downloading 1 format(s): 251
[info] Downloading video thumbnail 44 ...
[info] Writing video thumbnail 44 to: /Users/marcelbuian/projects/mb/marcel-vibe/Deepium 2026/MarcelVibe/12/Volen Sentir & Makebo - Into The Stars (Original Mix) Lost Miracle - 2023.webp
[ThumbnailsConvertor] Converting thumbnail "/Users/marcelbuian/projects/mb/marcel-vibe/Deepium 2026/MarcelVibe/12/Volen Sentir & Makebo - Into The Stars (Original Mix) Lost Miracle - 2023.webp" to jpg
Deleting original file /Users/marcelbuian/projects/mb/marcel-vibe/Deepium 2026/MarcelVibe/12/Volen Sentir & Makebo - Into The Stars (Original Mix) Lost Miracle - 2023.webp (pass -k to keep)
[download] Sleeping 1.29 seconds ...
[download] Destination: /Users/marcelbuian/projects/mb/marcel-vibe/Deepium 2026/MarcelVibe/12/Volen Sentir & Makebo - Into The Stars (Original Mix) Lost Miracle - 2023.webm

[download]   0.0% of    6.85MiB at  496.07KiB/s ETA 00:14
[download]   0.0% of    6.85MiB at    1.14MiB/s ETA 00:06
[download]   0.1% of    6.85MiB at    2.44MiB/s ETA 00:02
[download]   0.2% of    6.85MiB at    4.86MiB/s ETA 00:01
[download]   0.4% of    6.85MiB at    4.29MiB/s ETA 00:01
[download]   0.9% of    6.85MiB at    5.06MiB/s ETA 00:01
[download]   1.8% of    6.85MiB at    6.07MiB/s ETA 00:01
[download]   3.6% of    6.85MiB at    8.21MiB/s ETA 00:00
[download]   7.3% of    6.85MiB at   12.69MiB/s ETA 00:00
[download]  14.6% of    6.85MiB at    9.77MiB/s ETA 00:00
[download]  29.2% of    6.85MiB at    8.29MiB/s ETA 00:00
[download]  58.3% of    6.85MiB at    5.94MiB/s ETA 00:00
[download] 100.0% of    6.85MiB at    5.09MiB/s ETA 00:00
[download] 100% of    6.85MiB in 00:00:01 at 4.31MiB/s   
[ExtractAudio] Destination: /Users/marcelbuian/projects/mb/marcel-vibe/Deepium 2026/MarcelVibe/12/Volen Sentir & Makebo - Into The Stars (Original Mix) Lost Miracle - 2023.mp3
Deleting original file /Users/marcelbuian/projects/mb/marcel-vibe/Deepium 2026/MarcelVibe/12/Volen Sentir & Makebo - Into The Stars (Original Mix) Lost Miracle - 2023.webm (pass -k to keep)
[Metadata] Adding metadata to "/Users/marcelbuian/projects/mb/marcel-vibe/Deepium 2026/MarcelVibe/12/Volen Sentir & Makebo - Into The Stars (Original Mix) Lost Miracle - 2023.mp3"
[EmbedThumbnail] ffmpeg: Adding thumbnail to "/Users/marcelbuian/projects/mb/marcel-vibe/Deepium 2026/MarcelVibe/12/Volen Sentir & Makebo - Into The Stars (Original Mix) Lost Miracle - 2023.mp3"
[youtube] Extracting URL: https://www.youtube.com/watch?v=QgHtzmr1kQk
[youtube] Sleeping 1.0 seconds ...
[youtube] QgHtzmr1kQk: Downloading webpage
[youtube] Sleeping 1.0 seconds ...
[youtube] QgHtzmr1kQk: Downloading visionos player API JSON
[youtube] Sleeping 1.0 seconds ...
[youtube] QgHtzmr1kQk: Downloading m3u8 information
[info] QgHtzmr1kQk: Downloading 1 format(s): 251
[info] Downloading video thumbnail 41 ...
[info] Writing video thumbnail 41 to: /Users/marcelbuian/projects/mb/marcel-vibe/Deepium 2026/MarcelVibe/12/Monolink - Father Ocean (Ben Böhmer Remix) - 2018.webp
[ThumbnailsConvertor] Converting thumbnail "/Users/marcelbuian/projects/mb/marcel-vibe/Deepium 2026/MarcelVibe/12/Monolink - Father Ocean (Ben Böhmer Remix) - 2018.webp" to jpg
Deleting original file /Users/marcelbuian/projects/mb/marcel-vibe/Deepium 2026/MarcelVibe/12/Monolink - Father Ocean (Ben Böhmer Remix) - 2018.webp (pass -k to keep)
[download] Sleeping 2.45 seconds ...
[download] Destination: /Users/marcelbuian/projects/mb/marcel-vibe/Deepium 2026/MarcelVibe/12/Monolink - Father Ocean (Ben Böhmer Remix) - 2018.webm

[download]   0.0% of    8.40MiB at  Unknown B/s ETA Unknown
[download]   0.0% of    8.40MiB at    2.21MiB/s ETA 00:03  
[download]   0.1% of    8.40MiB at    4.12MiB/s ETA 00:02
[download]   0.2% of    8.40MiB at    7.69MiB/s ETA 00:01
[download]   0.4% of    8.40MiB at   14.21MiB/s ETA 00:00
[download]   0.7% of    8.40MiB at   25.80MiB/s ETA 00:00
[download]   1.5% of    8.40MiB at   16.12MiB/s ETA 00:00
[download]   3.0% of    8.40MiB at   15.67MiB/s ETA 00:00
[download]   5.9% of    8.40MiB at   14.95MiB/s ETA 00:00
[download]  11.9% of    8.40MiB at   14.98MiB/s ETA 00:00
[download]  23.8% of    8.40MiB at   14.84MiB/s ETA 00:00
[download]  47.6% of    8.40MiB at   13.15MiB/s ETA 00:00
[download]  95.2% of    8.40MiB at   15.97MiB/s ETA 00:00
[download] 100.0% of    8.40MiB at   16.24MiB/s ETA 00:00
[download] 100% of    8.40MiB in 00:00:00 at 13.89MiB/s  
[ExtractAudio] Destination: /Users/marcelbuian/projects/mb/marcel-vibe/Deepium 2026/MarcelVibe/12/Monolink - Father Ocean (Ben Böhmer Remix) - 2018.mp3
Deleting original file /Users/marcelbuian/projects/mb/marcel-vibe/Deepium 2026/MarcelVibe/12/Monolink - Father Ocean (Ben Böhmer Remix) - 2018.webm (pass -k to keep)
[Metadata] Adding metadata to "/Users/marcelbuian/projects/mb/marcel-vibe/Deepium 2026/MarcelVibe/12/Monolink - Father Ocean (Ben Böhmer Remix) - 2018.mp3"
[EmbedThumbnail] ffmpeg: Adding thumbnail to "/Users/marcelbuian/projects/mb/marcel-vibe/Deepium 2026/MarcelVibe/12/Monolink - Father Ocean (Ben Böhmer Remix) - 2018.mp3"
Reading URLs from STDIN - EOF (Ctrl+D) to end:

===== 25 (#25 - 2026-07-04 Wied il-Mielaħ - Gozo) 15:46:51
[youtube] Extracting URL: https://www.youtube.com/watch?v=j25OvNhMJDs
[youtube] j25OvNhMJDs: Downloading webpage
[youtube] Sleeping 1.0 seconds ...
[youtube] j25OvNhMJDs: Downloading visionos player API JSON
[youtube] Sleeping 1.0 seconds ...
[youtube] j25OvNhMJDs: Downloading m3u8 information
[info] j25OvNhMJDs: Downloading 1 format(s): 251
[info] Downloading video thumbnail 41 ...
[info] Writing video thumbnail 41 to: /Users/marcelbuian/projects/mb/marcel-vibe/Deepium 2026/MarcelVibe/25/DSF - Yes, of Course - 2026.webp
[ThumbnailsConvertor] Converting thumbnail "/Users/marcelbuian/projects/mb/marcel-vibe/Deepium 2026/MarcelVibe/25/DSF - Yes, of Course - 2026.webp" to jpg
Deleting original file /Users/marcelbuian/projects/mb/marcel-vibe/Deepium 2026/MarcelVibe/25/DSF - Yes, of Course - 2026.webp (pass -k to keep)
[download] Sleeping 1.69 seconds ...
[download] Destination: /Users/marcelbuian/projects/mb/marcel-vibe/Deepium 2026/MarcelVibe/25/DSF - Yes, of Course - 2026.webm

[download]   0.0% of    7.91MiB at  484.00KiB/s ETA 00:16
[download]   0.0% of    7.91MiB at    1.19MiB/s ETA 00:06
[download]   0.1% of    7.91MiB at    2.57MiB/s ETA 00:03
[download]   0.2% of    7.91MiB at    5.19MiB/s ETA 00:01
[download]   0.4% of    7.91MiB at    4.44MiB/s ETA 00:01
[download]   0.8% of    7.91MiB at    4.30MiB/s ETA 00:01
[download]   1.6% of    7.91MiB at    8.13MiB/s ETA 00:00
[download]   3.2% of    7.91MiB at    9.43MiB/s ETA 00:00
[download]   6.3% of    7.91MiB at   15.31MiB/s ETA 00:00
[download]  12.6% of    7.91MiB at    9.48MiB/s ETA 00:00
[download]  25.3% of    7.91MiB at    8.61MiB/s ETA 00:00
[download]  50.6% of    7.91MiB at   12.98MiB/s ETA 00:00
[download] 100.0% of    7.91MiB at   10.85MiB/s ETA 00:00
[download] 100% of    7.91MiB in 00:00:00 at 8.70MiB/s   
[ExtractAudio] Destination: /Users/marcelbuian/projects/mb/marcel-vibe/Deepium 2026/MarcelVibe/25/DSF - Yes, of Course - 2026.mp3
Deleting original file /Users/marcelbuian/projects/mb/marcel-vibe/Deepium 2026/MarcelVibe/25/DSF - Yes, of Course - 2026.webm (pass -k to keep)
[Metadata] Adding metadata to "/Users/marcelbuian/projects/mb/marcel-vibe/Deepium 2026/MarcelVibe/25/DSF - Yes, of Course - 2026.mp3"
[EmbedThumbnail] ffmpeg: Adding thumbnail to "/Users/marcelbuian/projects/mb/marcel-vibe/Deepium 2026/MarcelVibe/25/DSF - Yes, of Course - 2026.mp3"
[youtube] Extracting URL: https://www.youtube.com/watch?v=qTjMGZOYoxk
[youtube] Sleeping 1.0 seconds ...
[youtube] qTjMGZOYoxk: Downloading webpage
[youtube] Sleeping 1.0 seconds ...
[youtube] qTjMGZOYoxk: Downloading visionos player API JSON
[youtube] Sleeping 1.0 seconds ...
[youtube] qTjMGZOYoxk: Downloading m3u8 information
[info] qTjMGZOYoxk: Downloading 1 format(s): 251
[info] Downloading video thumbnail 44 ...
[info] Writing video thumbnail 44 to: /Users/marcelbuian/projects/mb/marcel-vibe/Deepium 2026/MarcelVibe/25/SimpleThings - Elliot Moriarty - 2022.webp
[ThumbnailsConvertor] Converting thumbnail "/Users/marcelbuian/projects/mb/marcel-vibe/Deepium 2026/MarcelVibe/25/SimpleThings - Elliot Moriarty - 2022.webp" to jpg
Deleting original file /Users/marcelbuian/projects/mb/marcel-vibe/Deepium 2026/MarcelVibe/25/SimpleThings - Elliot Moriarty - 2022.webp (pass -k to keep)
[download] Sleeping 1.89 seconds ...
[download] Destination: /Users/marcelbuian/projects/mb/marcel-vibe/Deepium 2026/MarcelVibe/25/SimpleThings - Elliot Moriarty - 2022.webm

[download]   0.0% of    7.89MiB at  427.68KiB/s ETA 00:19
[download]   0.0% of    7.89MiB at    1.10MiB/s ETA 00:07
[download]   0.1% of    7.89MiB at    2.44MiB/s ETA 00:03
[download]   0.2% of    7.89MiB at    4.89MiB/s ETA 00:01
[download]   0.4% of    7.89MiB at    4.31MiB/s ETA 00:01
[download]   0.8% of    7.89MiB at    4.93MiB/s ETA 00:01
[download]   1.6% of    7.89MiB at    7.50MiB/s ETA 00:01
[download]   3.2% of    7.89MiB at    9.75MiB/s ETA 00:00
[download]   6.3% of    7.89MiB at   13.74MiB/s ETA 00:00
[download]  12.7% of    7.89MiB at   14.72MiB/s ETA 00:00
[download]  25.3% of    7.89MiB at   14.85MiB/s ETA 00:00
[download]  50.7% of    7.89MiB at    7.50MiB/s ETA 00:00
[download] 100.0% of    7.89MiB at    3.58MiB/s ETA 00:00
[download] 100% of    7.89MiB in 00:00:02 at 3.12MiB/s   
[ExtractAudio] Destination: /Users/marcelbuian/projects/mb/marcel-vibe/Deepium 2026/MarcelVibe/25/SimpleThings - Elliot Moriarty - 2022.mp3
Deleting original file /Users/marcelbuian/projects/mb/marcel-vibe/Deepium 2026/MarcelVibe/25/SimpleThings - Elliot Moriarty - 2022.webm (pass -k to keep)
[Metadata] Adding metadata to "/Users/marcelbuian/projects/mb/marcel-vibe/Deepium 2026/MarcelVibe/25/SimpleThings - Elliot Moriarty - 2022.mp3"
[EmbedThumbnail] ffmpeg: Adding thumbnail to "/Users/marcelbuian/projects/mb/marcel-vibe/Deepium 2026/MarcelVibe/25/SimpleThings - Elliot Moriarty - 2022.mp3"
[youtube] Extracting URL: https://www.youtube.com/watch?v=C1slxW2YgGA
[youtube] Sleeping 1.0 seconds ...
[youtube] C1slxW2YgGA: Downloading webpage
[youtube] Sleeping 1.0 seconds ...
[youtube] C1slxW2YgGA: Downloading visionos player API JSON
[youtube] Sleeping 1.0 seconds ...
[youtube] C1slxW2YgGA: Downloading m3u8 information
[info] C1slxW2YgGA: Downloading 1 format(s): 251
[info] Downloading video thumbnail 44 ...
[info] Writing video thumbnail 44 to: /Users/marcelbuian/projects/mb/marcel-vibe/Deepium 2026/MarcelVibe/25/Pambouk - Forest Language (Original Mix)  [Hoomidaas] - 2021.webp
[ThumbnailsConvertor] Converting thumbnail "/Users/marcelbuian/projects/mb/marcel-vibe/Deepium 2026/MarcelVibe/25/Pambouk - Forest Language (Original Mix)  [Hoomidaas] - 2021.webp" to jpg
Deleting original file /Users/marcelbuian/projects/mb/marcel-vibe/Deepium 2026/MarcelVibe/25/Pambouk - Forest Language (Original Mix)  [Hoomidaas] - 2021.webp (pass -k to keep)
[download] Sleeping 2.23 seconds ...
[download] Destination: /Users/marcelbuian/projects/mb/marcel-vibe/Deepium 2026/MarcelVibe/25/Pambouk - Forest Language (Original Mix)  [Hoomidaas] - 2021.webm

[download]   0.0% of    7.97MiB at  456.00KiB/s ETA 00:18
[download]   0.0% of    7.97MiB at    1.15MiB/s ETA 00:06
[download]   0.1% of    7.97MiB at    2.53MiB/s ETA 00:03
[download]   0.2% of    7.97MiB at    5.11MiB/s ETA 00:01
[download]   0.4% of    7.97MiB at    3.00MiB/s ETA 00:02
[download]   0.8% of    7.97MiB at    4.62MiB/s ETA 00:01
[download]   1.6% of    7.97MiB at    6.28MiB/s ETA 00:01
[download]   3.1% of    7.97MiB at    9.11MiB/s ETA 00:00
[download]   6.3% of    7.97MiB at   12.84MiB/s ETA 00:00
[download]  12.5% of    7.97MiB at   19.03MiB/s ETA 00:00
[download]  25.1% of    7.97MiB at   22.10MiB/s ETA 00:00
[download]  50.2% of    7.97MiB at   26.51MiB/s ETA 00:00
[download] 100.0% of    7.97MiB at   30.36MiB/s ETA 00:00
[download] 100% of    7.97MiB in 00:00:00 at 19.12MiB/s  
[ExtractAudio] Destination: /Users/marcelbuian/projects/mb/marcel-vibe/Deepium 2026/MarcelVibe/25/Pambouk - Forest Language (Original Mix)  [Hoomidaas] - 2021.mp3
Deleting original file /Users/marcelbuian/projects/mb/marcel-vibe/Deepium 2026/MarcelVibe/25/Pambouk - Forest Language (Original Mix)  [Hoomidaas] - 2021.webm (pass -k to keep)
[Metadata] Adding metadata to "/Users/marcelbuian/projects/mb/marcel-vibe/Deepium 2026/MarcelVibe/25/Pambouk - Forest Language (Original Mix)  [Hoomidaas] - 2021.mp3"
[EmbedThumbnail] ffmpeg: Adding thumbnail to "/Users/marcelbuian/projects/mb/marcel-vibe/Deepium 2026/MarcelVibe/25/Pambouk - Forest Language (Original Mix)  [Hoomidaas] - 2021.mp3"
[youtube] Extracting URL: https://www.youtube.com/watch?v=kPKrHCUBaI0
[youtube] Sleeping 1.0 seconds ...
[youtube] kPKrHCUBaI0: Downloading webpage
[youtube] Sleeping 1.0 seconds ...
[youtube] kPKrHCUBaI0: Downloading visionos player API JSON
[youtube] Sleeping 1.0 seconds ...
[youtube] kPKrHCUBaI0: Downloading m3u8 information
[info] kPKrHCUBaI0: Downloading 1 format(s): 251
[info] Downloading video thumbnail 44 ...
[info] Writing video thumbnail 44 to: /Users/marcelbuian/projects/mb/marcel-vibe/Deepium 2026/MarcelVibe/25/Stereo Munk & Dublew - Blue Lagoon (Original) ⧸ Zenebona Records - 2023.webp
[ThumbnailsConvertor] Converting thumbnail "/Users/marcelbuian/projects/mb/marcel-vibe/Deepium 2026/MarcelVibe/25/Stereo Munk & Dublew - Blue Lagoon (Original) ⧸ Zenebona Records - 2023.webp" to jpg
Deleting original file /Users/marcelbuian/projects/mb/marcel-vibe/Deepium 2026/MarcelVibe/25/Stereo Munk & Dublew - Blue Lagoon (Original) ⧸ Zenebona Records - 2023.webp (pass -k to keep)
[download] Sleeping 1.06 seconds ...
[download] Destination: /Users/marcelbuian/projects/mb/marcel-vibe/Deepium 2026/MarcelVibe/25/Stereo Munk & Dublew - Blue Lagoon (Original) ⧸ Zenebona Records - 2023.webm

[download]   0.0% of    8.19MiB at  483.05KiB/s ETA 00:17
[download]   0.0% of    8.19MiB at    1.15MiB/s ETA 00:07
[download]   0.1% of    8.19MiB at    2.22MiB/s ETA 00:03
[download]   0.2% of    8.19MiB at    4.39MiB/s ETA 00:01
[download]   0.4% of    8.19MiB at    4.63MiB/s ETA 00:01
[download]   0.8% of    8.19MiB at    5.20MiB/s ETA 00:01
[download]   1.5% of    8.19MiB at    7.61MiB/s ETA 00:01
[download]   3.0% of    8.19MiB at    9.78MiB/s ETA 00:00
[download]   6.1% of    8.19MiB at    8.86MiB/s ETA 00:00
[download]  12.2% of    8.19MiB at    8.79MiB/s ETA 00:00
[download]  24.4% of    8.19MiB at    9.01MiB/s ETA 00:00
[download]  48.8% of    8.19MiB at    3.82MiB/s ETA 00:01
[download]  78.4% of    8.19MiB at    4.69MiB/s ETA 00:00
[download] 100.0% of    8.19MiB at    4.53MiB/s ETA 00:00
[download] 100% of    8.19MiB in 00:00:01 at 4.11MiB/s   
[ExtractAudio] Destination: /Users/marcelbuian/projects/mb/marcel-vibe/Deepium 2026/MarcelVibe/25/Stereo Munk & Dublew - Blue Lagoon (Original) ⧸ Zenebona Records - 2023.mp3
Deleting original file /Users/marcelbuian/projects/mb/marcel-vibe/Deepium 2026/MarcelVibe/25/Stereo Munk & Dublew - Blue Lagoon (Original) ⧸ Zenebona Records - 2023.webm (pass -k to keep)
[Metadata] Adding metadata to "/Users/marcelbuian/projects/mb/marcel-vibe/Deepium 2026/MarcelVibe/25/Stereo Munk & Dublew - Blue Lagoon (Original) ⧸ Zenebona Records - 2023.mp3"
[EmbedThumbnail] ffmpeg: Adding thumbnail to "/Users/marcelbuian/projects/mb/marcel-vibe/Deepium 2026/MarcelVibe/25/Stereo Munk & Dublew - Blue Lagoon (Original) ⧸ Zenebona Records - 2023.mp3"
[youtube] Extracting URL: https://www.youtube.com/watch?v=drVoDZHfUNQ
[youtube] Sleeping 1.0 seconds ...
[youtube] drVoDZHfUNQ: Downloading webpage
[youtube] Sleeping 1.0 seconds ...
[youtube] drVoDZHfUNQ: Downloading visionos player API JSON
[youtube] Sleeping 1.0 seconds ...
[youtube] drVoDZHfUNQ: Downloading m3u8 information
[info] drVoDZHfUNQ: Downloading 1 format(s): 251
[info] Downloading video thumbnail 44 ...
[info] Writing video thumbnail 44 to: /Users/marcelbuian/projects/mb/marcel-vibe/Deepium 2026/MarcelVibe/25/Francisco Manrique - Yellow Tree (Original Mix) [Anoka] - 2024.webp
[ThumbnailsConvertor] Converting thumbnail "/Users/marcelbuian/projects/mb/marcel-vibe/Deepium 2026/MarcelVibe/25/Francisco Manrique - Yellow Tree (Original Mix) [Anoka] - 2024.webp" to jpg
Deleting original file /Users/marcelbuian/projects/mb/marcel-vibe/Deepium 2026/MarcelVibe/25/Francisco Manrique - Yellow Tree (Original Mix) [Anoka] - 2024.webp (pass -k to keep)
[download] Sleeping 2.55 seconds ...
[download] Destination: /Users/marcelbuian/projects/mb/marcel-vibe/Deepium 2026/MarcelVibe/25/Francisco Manrique - Yellow Tree (Original Mix) [Anoka] - 2024.webm

[download]   0.0% of    6.80MiB at  Unknown B/s ETA Unknown
[download]   0.0% of    6.80MiB at    1.88MiB/s ETA 00:03  
[download]   0.1% of    6.80MiB at    3.66MiB/s ETA 00:01
[download]   0.2% of    6.80MiB at    7.06MiB/s ETA 00:00
[download]   0.4% of    6.80MiB at   13.24MiB/s ETA 00:00
[download]   0.9% of    6.80MiB at   17.30MiB/s ETA 00:00
[download]   1.8% of    6.80MiB at    2.79MiB/s ETA 00:02
[download]   3.7% of    6.80MiB at    2.90MiB/s ETA 00:02
[download]   7.3% of    6.80MiB at    3.91MiB/s ETA 00:01
[download]  14.7% of    6.80MiB at    6.10MiB/s ETA 00:00
[download]  29.4% of    6.80MiB at    8.62MiB/s ETA 00:00
[download]  58.8% of    6.80MiB at   14.26MiB/s ETA 00:00
[download] 100.0% of    6.80MiB at    6.15MiB/s ETA 00:00
[download] 100% of    6.80MiB in 00:00:02 at 2.40MiB/s   
[ExtractAudio] Destination: /Users/marcelbuian/projects/mb/marcel-vibe/Deepium 2026/MarcelVibe/25/Francisco Manrique - Yellow Tree (Original Mix) [Anoka] - 2024.mp3
Deleting original file /Users/marcelbuian/projects/mb/marcel-vibe/Deepium 2026/MarcelVibe/25/Francisco Manrique - Yellow Tree (Original Mix) [Anoka] - 2024.webm (pass -k to keep)
[Metadata] Adding metadata to "/Users/marcelbuian/projects/mb/marcel-vibe/Deepium 2026/MarcelVibe/25/Francisco Manrique - Yellow Tree (Original Mix) [Anoka] - 2024.mp3"
[EmbedThumbnail] ffmpeg: Adding thumbnail to "/Users/marcelbuian/projects/mb/marcel-vibe/Deepium 2026/MarcelVibe/25/Francisco Manrique - Yellow Tree (Original Mix) [Anoka] - 2024.mp3"
[youtube] Extracting URL: https://www.youtube.com/watch?v=wZLWQv1RkRk
[youtube] Sleeping 1.0 seconds ...
[youtube] wZLWQv1RkRk: Downloading webpage
[youtube] Sleeping 1.0 seconds ...
[youtube] wZLWQv1RkRk: Downloading visionos player API JSON
[youtube] Sleeping 1.0 seconds ...
[youtube] wZLWQv1RkRk: Downloading m3u8 information
[info] wZLWQv1RkRk: Downloading 1 format(s): 251
[info] Downloading video thumbnail 41 ...
[info] Writing video thumbnail 41 to: /Users/marcelbuian/projects/mb/marcel-vibe/Deepium 2026/MarcelVibe/25/Alley SA - Cycles - 2025.webp
[ThumbnailsConvertor] Converting thumbnail "/Users/marcelbuian/projects/mb/marcel-vibe/Deepium 2026/MarcelVibe/25/Alley SA - Cycles - 2025.webp" to jpg
Deleting original file /Users/marcelbuian/projects/mb/marcel-vibe/Deepium 2026/MarcelVibe/25/Alley SA - Cycles - 2025.webp (pass -k to keep)
[download] Sleeping 1.52 seconds ...
[download] Destination: /Users/marcelbuian/projects/mb/marcel-vibe/Deepium 2026/MarcelVibe/25/Alley SA - Cycles - 2025.webm

[download]   0.0% of    6.40MiB at  Unknown B/s ETA Unknown
[download]   0.0% of    6.40MiB at    2.51MiB/s ETA 00:02  
[download]   0.1% of    6.40MiB at    5.12MiB/s ETA 00:01
[download]   0.2% of    6.40MiB at    9.83MiB/s ETA 00:00
[download]   0.5% of    6.40MiB at   18.29MiB/s ETA 00:00
[download]   1.0% of    6.40MiB at   16.05MiB/s ETA 00:00
[download]   1.9% of    6.40MiB at   15.37MiB/s ETA 00:00
[download]   3.9% of    6.40MiB at   13.42MiB/s ETA 00:00
[download]   7.8% of    6.40MiB at   14.29MiB/s ETA 00:00
[download]  15.6% of    6.40MiB at   14.42MiB/s ETA 00:00
[download]  31.2% of    6.40MiB at   14.60MiB/s ETA 00:00
[download]  62.5% of    6.40MiB at   11.63MiB/s ETA 00:00
[download] 100.0% of    6.40MiB at   13.32MiB/s ETA 00:00
[download] 100% of    6.40MiB in 00:00:00 at 10.72MiB/s  
[ExtractAudio] Destination: /Users/marcelbuian/projects/mb/marcel-vibe/Deepium 2026/MarcelVibe/25/Alley SA - Cycles - 2025.mp3
Deleting original file /Users/marcelbuian/projects/mb/marcel-vibe/Deepium 2026/MarcelVibe/25/Alley SA - Cycles - 2025.webm (pass -k to keep)
[Metadata] Adding metadata to "/Users/marcelbuian/projects/mb/marcel-vibe/Deepium 2026/MarcelVibe/25/Alley SA - Cycles - 2025.mp3"
[EmbedThumbnail] ffmpeg: Adding thumbnail to "/Users/marcelbuian/projects/mb/marcel-vibe/Deepium 2026/MarcelVibe/25/Alley SA - Cycles - 2025.mp3"
[youtube] Extracting URL: https://www.youtube.com/watch?v=U15mzeGeq0M
[youtube] Sleeping 1.0 seconds ...
[youtube] U15mzeGeq0M: Downloading webpage
[youtube] Sleeping 1.0 seconds ...
[youtube] U15mzeGeq0M: Downloading visionos player API JSON
[youtube] Sleeping 1.0 seconds ...
[youtube] U15mzeGeq0M: Downloading m3u8 information
[info] U15mzeGeq0M: Downloading 1 format(s): 251
[info] Downloading video thumbnail 44 ...
[info] Writing video thumbnail 44 to: /Users/marcelbuian/projects/mb/marcel-vibe/Deepium 2026/MarcelVibe/25/Anriu - Hey Darling (Extended Mix) [Colorize (Enhanced)] - 2024.webp
[ThumbnailsConvertor] Converting thumbnail "/Users/marcelbuian/projects/mb/marcel-vibe/Deepium 2026/MarcelVibe/25/Anriu - Hey Darling (Extended Mix) [Colorize (Enhanced)] - 2024.webp" to jpg
Deleting original file /Users/marcelbuian/projects/mb/marcel-vibe/Deepium 2026/MarcelVibe/25/Anriu - Hey Darling (Extended Mix) [Colorize (Enhanced)] - 2024.webp (pass -k to keep)
[download] Sleeping 2.22 seconds ...
[download] Destination: /Users/marcelbuian/projects/mb/marcel-vibe/Deepium 2026/MarcelVibe/25/Anriu - Hey Darling (Extended Mix) [Colorize (Enhanced)] - 2024.webm

[download]   0.0% of    4.83MiB at   96.66KiB/s ETA 00:51
[download]   0.1% of    4.83MiB at  273.07KiB/s ETA 00:18
[download]   0.1% of    4.83MiB at  618.42KiB/s ETA 00:07
[download]   0.3% of    4.83MiB at    1.26MiB/s ETA 00:03
[download]   0.6% of    4.83MiB at    2.53MiB/s ETA 00:01
[download]   1.3% of    4.83MiB at    2.11MiB/s ETA 00:02
[download]   2.6% of    4.83MiB at    3.08MiB/s ETA 00:01
[download]   5.2% of    4.83MiB at    3.63MiB/s ETA 00:01
[download]  10.3% of    4.83MiB at    3.47MiB/s ETA 00:01
[download]  20.7% of    4.83MiB at    3.07MiB/s ETA 00:01
[download]  41.4% of    4.83MiB at    1.09MiB/s ETA 00:02
[download]  55.1% of    4.83MiB at    1.05MiB/s ETA 00:02
[download]  74.6% of    4.83MiB at    1.01MiB/s ETA 00:01
[download]  93.6% of    4.83MiB at    1.01MiB/s ETA 00:00
[download] 100.0% of    4.83MiB at 1017.87KiB/s ETA 00:00
[download] 100% of    4.83MiB in 00:00:05 at 934.30KiB/s 
[ExtractAudio] Destination: /Users/marcelbuian/projects/mb/marcel-vibe/Deepium 2026/MarcelVibe/25/Anriu - Hey Darling (Extended Mix) [Colorize (Enhanced)] - 2024.mp3
Deleting original file /Users/marcelbuian/projects/mb/marcel-vibe/Deepium 2026/MarcelVibe/25/Anriu - Hey Darling (Extended Mix) [Colorize (Enhanced)] - 2024.webm (pass -k to keep)
[Metadata] Adding metadata to "/Users/marcelbuian/projects/mb/marcel-vibe/Deepium 2026/MarcelVibe/25/Anriu - Hey Darling (Extended Mix) [Colorize (Enhanced)] - 2024.mp3"
[EmbedThumbnail] ffmpeg: Adding thumbnail to "/Users/marcelbuian/projects/mb/marcel-vibe/Deepium 2026/MarcelVibe/25/Anriu - Hey Darling (Extended Mix) [Colorize (Enhanced)] - 2024.mp3"
[youtube] Extracting URL: https://www.youtube.com/watch?v=R9XrZ8B6n5w
[youtube] Sleeping 1.0 seconds ...
[youtube] R9XrZ8B6n5w: Downloading webpage
[youtube] Sleeping 1.0 seconds ...
[youtube] R9XrZ8B6n5w: Downloading visionos player API JSON
[youtube] Sleeping 1.0 seconds ...
[youtube] R9XrZ8B6n5w: Downloading m3u8 information
[info] R9XrZ8B6n5w: Downloading 1 format(s): 251
[info] Downloading video thumbnail 44 ...
[info] Writing video thumbnail 44 to: /Users/marcelbuian/projects/mb/marcel-vibe/Deepium 2026/MarcelVibe/25/Heikoon – Kalaa Malaa (Extended Mix) - 2026.webp
[ThumbnailsConvertor] Converting thumbnail "/Users/marcelbuian/projects/mb/marcel-vibe/Deepium 2026/MarcelVibe/25/Heikoon – Kalaa Malaa (Extended Mix) - 2026.webp" to jpg
Deleting original file /Users/marcelbuian/projects/mb/marcel-vibe/Deepium 2026/MarcelVibe/25/Heikoon – Kalaa Malaa (Extended Mix) - 2026.webp (pass -k to keep)
[download] Sleeping 1.09 seconds ...
[download] Destination: /Users/marcelbuian/projects/mb/marcel-vibe/Deepium 2026/MarcelVibe/25/Heikoon – Kalaa Malaa (Extended Mix) - 2026.webm

[download]   0.0% of    6.00MiB at  472.33KiB/s ETA 00:13
[download]   0.0% of    6.00MiB at    1.24MiB/s ETA 00:04
[download]   0.1% of    6.00MiB at    2.76MiB/s ETA 00:02
[download]   0.2% of    6.00MiB at    5.69MiB/s ETA 00:01
[download]   0.5% of    6.00MiB at    1.70MiB/s ETA 00:03
[download]   1.0% of    6.00MiB at    2.53MiB/s ETA 00:02
[download]   2.1% of    6.00MiB at    4.44MiB/s ETA 00:01
[download]   4.1% of    6.00MiB at    4.48MiB/s ETA 00:01
[download]   8.3% of    6.00MiB at    4.46MiB/s ETA 00:01
[download]  16.6% of    6.00MiB at    3.36MiB/s ETA 00:01
[download]  33.3% of    6.00MiB at    1.40MiB/s ETA 00:02
[download]  48.0% of    6.00MiB at    1.13MiB/s ETA 00:02
[download]  61.1% of    6.00MiB at    1.05MiB/s ETA 00:02
[download]  75.1% of    6.00MiB at  969.48KiB/s ETA 00:01
[download]  86.1% of    6.00MiB at  976.10KiB/s ETA 00:00
[download] 100.0% of    6.00MiB at  912.65KiB/s ETA 00:00
[download] 100% of    6.00MiB in 00:00:07 at 842.52KiB/s 
[ExtractAudio] Destination: /Users/marcelbuian/projects/mb/marcel-vibe/Deepium 2026/MarcelVibe/25/Heikoon – Kalaa Malaa (Extended Mix) - 2026.mp3
Deleting original file /Users/marcelbuian/projects/mb/marcel-vibe/Deepium 2026/MarcelVibe/25/Heikoon – Kalaa Malaa (Extended Mix) - 2026.webm (pass -k to keep)
[Metadata] Adding metadata to "/Users/marcelbuian/projects/mb/marcel-vibe/Deepium 2026/MarcelVibe/25/Heikoon – Kalaa Malaa (Extended Mix) - 2026.mp3"
[EmbedThumbnail] ffmpeg: Adding thumbnail to "/Users/marcelbuian/projects/mb/marcel-vibe/Deepium 2026/MarcelVibe/25/Heikoon – Kalaa Malaa (Extended Mix) - 2026.mp3"
[youtube] Extracting URL: https://www.youtube.com/watch?v=NyYCuJTRVlA
[youtube] Sleeping 1.0 seconds ...
[youtube] NyYCuJTRVlA: Downloading webpage
[youtube] Sleeping 1.0 seconds ...
[youtube] NyYCuJTRVlA: Downloading visionos player API JSON
[youtube] Sleeping 1.0 seconds ...
[youtube] NyYCuJTRVlA: Downloading m3u8 information
[info] NyYCuJTRVlA: Downloading 1 format(s): 251
[info] Downloading video thumbnail 43 ...
[info] Writing video thumbnail 43 to: /Users/marcelbuian/projects/mb/marcel-vibe/Deepium 2026/MarcelVibe/25/Matias Delóngaro - Esoteric (Arun K Remix) - 2026.webp
[ThumbnailsConvertor] Converting thumbnail "/Users/marcelbuian/projects/mb/marcel-vibe/Deepium 2026/MarcelVibe/25/Matias Delóngaro - Esoteric (Arun K Remix) - 2026.webp" to jpg
Deleting original file /Users/marcelbuian/projects/mb/marcel-vibe/Deepium 2026/MarcelVibe/25/Matias Delóngaro - Esoteric (Arun K Remix) - 2026.webp (pass -k to keep)
[download] Sleeping 2.73 seconds ...
[download] Destination: /Users/marcelbuian/projects/mb/marcel-vibe/Deepium 2026/MarcelVibe/25/Matias Delóngaro - Esoteric (Arun K Remix) - 2026.webm

[download]   0.0% of    7.50MiB at  872.00KiB/s ETA 00:08
[download]   0.0% of    7.50MiB at    2.06MiB/s ETA 00:03
[download]   0.1% of    7.50MiB at    4.46MiB/s ETA 00:01
[download]   0.2% of    7.50MiB at    9.02MiB/s ETA 00:00
[download]   0.4% of    7.50MiB at   17.41MiB/s ETA 00:00
[download]   0.8% of    7.50MiB at   15.07MiB/s ETA 00:00
[download]   1.7% of    7.50MiB at   16.02MiB/s ETA 00:00
[download]   3.3% of    7.50MiB at   17.60MiB/s ETA 00:00
[download]   6.7% of    7.50MiB at   14.83MiB/s ETA 00:00
[download]  13.3% of    7.50MiB at    9.77MiB/s ETA 00:00
[download]  26.7% of    7.50MiB at    8.06MiB/s ETA 00:00
[download]  53.3% of    7.50MiB at   13.48MiB/s ETA 00:00
[download] 100.0% of    7.50MiB at   10.03MiB/s ETA 00:00
[download] 100% of    7.50MiB in 00:00:00 at 8.47MiB/s   
[ExtractAudio] Destination: /Users/marcelbuian/projects/mb/marcel-vibe/Deepium 2026/MarcelVibe/25/Matias Delóngaro - Esoteric (Arun K Remix) - 2026.mp3
Deleting original file /Users/marcelbuian/projects/mb/marcel-vibe/Deepium 2026/MarcelVibe/25/Matias Delóngaro - Esoteric (Arun K Remix) - 2026.webm (pass -k to keep)
[Metadata] Adding metadata to "/Users/marcelbuian/projects/mb/marcel-vibe/Deepium 2026/MarcelVibe/25/Matias Delóngaro - Esoteric (Arun K Remix) - 2026.mp3"
[EmbedThumbnail] ffmpeg: Adding thumbnail to "/Users/marcelbuian/projects/mb/marcel-vibe/Deepium 2026/MarcelVibe/25/Matias Delóngaro - Esoteric (Arun K Remix) - 2026.mp3"
[youtube] Extracting URL: https://www.youtube.com/watch?v=PfzCHT05mnw
[youtube] Sleeping 1.0 seconds ...
[youtube] PfzCHT05mnw: Downloading webpage
[youtube] Sleeping 1.0 seconds ...
[youtube] PfzCHT05mnw: Downloading visionos player API JSON
[youtube] Sleeping 1.0 seconds ...
[youtube] PfzCHT05mnw: Downloading m3u8 information
[info] PfzCHT05mnw: Downloading 1 format(s): 251
[info] Downloading video thumbnail 44 ...
[info] Writing video thumbnail 44 to: /Users/marcelbuian/projects/mb/marcel-vibe/Deepium 2026/MarcelVibe/25/Oovsha - Olyushka [Journey of the Soul] - 2025.webp
[ThumbnailsConvertor] Converting thumbnail "/Users/marcelbuian/projects/mb/marcel-vibe/Deepium 2026/MarcelVibe/25/Oovsha - Olyushka [Journey of the Soul] - 2025.webp" to jpg
Deleting original file /Users/marcelbuian/projects/mb/marcel-vibe/Deepium 2026/MarcelVibe/25/Oovsha - Olyushka [Journey of the Soul] - 2025.webp (pass -k to keep)
[download] Sleeping 2.59 seconds ...
[download] Destination: /Users/marcelbuian/projects/mb/marcel-vibe/Deepium 2026/MarcelVibe/25/Oovsha - Olyushka [Journey of the Soul] - 2025.webm

[download]   0.0% of    6.44MiB at  Unknown B/s ETA Unknown
[download]   0.0% of    6.44MiB at    2.34MiB/s ETA 00:02  
[download]   0.1% of    6.44MiB at    4.55MiB/s ETA 00:01
[download]   0.2% of    6.44MiB at    8.58MiB/s ETA 00:00
[download]   0.5% of    6.44MiB at    7.40MiB/s ETA 00:00
[download]   1.0% of    6.44MiB at    5.85MiB/s ETA 00:01
[download]   1.9% of    6.44MiB at    7.74MiB/s ETA 00:00
[download]   3.9% of    6.44MiB at   10.36MiB/s ETA 00:00
[download]   7.7% of    6.44MiB at    8.97MiB/s ETA 00:00
[download]  15.5% of    6.44MiB at    8.94MiB/s ETA 00:00
[download]  31.0% of    6.44MiB at    8.78MiB/s ETA 00:00
[download]  62.1% of    6.44MiB at    6.26MiB/s ETA 00:00
[download] 100.0% of    6.44MiB at    5.72MiB/s ETA 00:00
[download] 100% of    6.44MiB in 00:00:01 at 4.95MiB/s   
[ExtractAudio] Destination: /Users/marcelbuian/projects/mb/marcel-vibe/Deepium 2026/MarcelVibe/25/Oovsha - Olyushka [Journey of the Soul] - 2025.mp3
Deleting original file /Users/marcelbuian/projects/mb/marcel-vibe/Deepium 2026/MarcelVibe/25/Oovsha - Olyushka [Journey of the Soul] - 2025.webm (pass -k to keep)
[Metadata] Adding metadata to "/Users/marcelbuian/projects/mb/marcel-vibe/Deepium 2026/MarcelVibe/25/Oovsha - Olyushka [Journey of the Soul] - 2025.mp3"
[EmbedThumbnail] ffmpeg: Adding thumbnail to "/Users/marcelbuian/projects/mb/marcel-vibe/Deepium 2026/MarcelVibe/25/Oovsha - Olyushka [Journey of the Soul] - 2025.mp3"
[youtube] Extracting URL: https://www.youtube.com/watch?v=YXzCoaJLB3w
[youtube] Sleeping 1.0 seconds ...
[youtube] YXzCoaJLB3w: Downloading webpage
[youtube] Sleeping 1.0 seconds ...
[youtube] YXzCoaJLB3w: Downloading visionos player API JSON
[youtube] Sleeping 1.0 seconds ...
[youtube] YXzCoaJLB3w: Downloading m3u8 information
[info] YXzCoaJLB3w: Downloading 1 format(s): 251
[info] Downloading video thumbnail 44 ...
[info] Writing video thumbnail 44 to: /Users/marcelbuian/projects/mb/marcel-vibe/Deepium 2026/MarcelVibe/25/Nicolas Viana - Dusk (Extended Mix) [Univack] - 2026.webp
[ThumbnailsConvertor] Converting thumbnail "/Users/marcelbuian/projects/mb/marcel-vibe/Deepium 2026/MarcelVibe/25/Nicolas Viana - Dusk (Extended Mix) [Univack] - 2026.webp" to jpg
Deleting original file /Users/marcelbuian/projects/mb/marcel-vibe/Deepium 2026/MarcelVibe/25/Nicolas Viana - Dusk (Extended Mix) [Univack] - 2026.webp (pass -k to keep)
[download] Sleeping 1.65 seconds ...
[download] Destination: /Users/marcelbuian/projects/mb/marcel-vibe/Deepium 2026/MarcelVibe/25/Nicolas Viana - Dusk (Extended Mix) [Univack] - 2026.webm

[download]   0.0% of    7.10MiB at  Unknown B/s ETA Unknown
[download]   0.0% of    7.10MiB at  Unknown B/s ETA Unknown
[download]   0.1% of    7.10MiB at    5.28MiB/s ETA 00:01  
[download]   0.2% of    7.10MiB at    9.01MiB/s ETA 00:00
[download]   0.4% of    7.10MiB at   15.81MiB/s ETA 00:00
[download]   0.9% of    7.10MiB at   27.90MiB/s ETA 00:00
[download]   1.7% of    7.10MiB at   16.64MiB/s ETA 00:00
[download]   3.5% of    7.10MiB at   19.12MiB/s ETA 00:00
[download]   7.0% of    7.10MiB at   15.53MiB/s ETA 00:00
[download]  14.1% of    7.10MiB at   15.13MiB/s ETA 00:00
[download]  28.1% of    7.10MiB at   15.01MiB/s ETA 00:00
[download]  56.3% of    7.10MiB at    6.83MiB/s ETA 00:00
[download] 100.0% of    7.10MiB at    6.68MiB/s ETA 00:00
[download] 100% of    7.10MiB in 00:00:01 at 5.75MiB/s   
[ExtractAudio] Destination: /Users/marcelbuian/projects/mb/marcel-vibe/Deepium 2026/MarcelVibe/25/Nicolas Viana - Dusk (Extended Mix) [Univack] - 2026.mp3
Deleting original file /Users/marcelbuian/projects/mb/marcel-vibe/Deepium 2026/MarcelVibe/25/Nicolas Viana - Dusk (Extended Mix) [Univack] - 2026.webm (pass -k to keep)
[Metadata] Adding metadata to "/Users/marcelbuian/projects/mb/marcel-vibe/Deepium 2026/MarcelVibe/25/Nicolas Viana - Dusk (Extended Mix) [Univack] - 2026.mp3"
[EmbedThumbnail] ffmpeg: Adding thumbnail to "/Users/marcelbuian/projects/mb/marcel-vibe/Deepium 2026/MarcelVibe/25/Nicolas Viana - Dusk (Extended Mix) [Univack] - 2026.mp3"
[youtube] Extracting URL: https://www.youtube.com/watch?v=PggrI0TazIg
[youtube] Sleeping 1.0 seconds ...
[youtube] PggrI0TazIg: Downloading webpage
[youtube] Sleeping 1.0 seconds ...
[youtube] PggrI0TazIg: Downloading visionos player API JSON
[youtube] Sleeping 1.0 seconds ...
[youtube] PggrI0TazIg: Downloading m3u8 information
[info] PggrI0TazIg: Downloading 1 format(s): 251
[info] Downloading video thumbnail 44 ...
[info] Writing video thumbnail 44 to: /Users/marcelbuian/projects/mb/marcel-vibe/Deepium 2026/MarcelVibe/25/Miroshin, Ranta – Labyrinth (Extended Mix) - 2025.webp
[ThumbnailsConvertor] Converting thumbnail "/Users/marcelbuian/projects/mb/marcel-vibe/Deepium 2026/MarcelVibe/25/Miroshin, Ranta – Labyrinth (Extended Mix) - 2025.webp" to jpg
Deleting original file /Users/marcelbuian/projects/mb/marcel-vibe/Deepium 2026/MarcelVibe/25/Miroshin, Ranta – Labyrinth (Extended Mix) - 2025.webp (pass -k to keep)
[download] Sleeping 1.44 seconds ...
[download] Destination: /Users/marcelbuian/projects/mb/marcel-vibe/Deepium 2026/MarcelVibe/25/Miroshin, Ranta – Labyrinth (Extended Mix) - 2025.webm

[download]   0.0% of    7.42MiB at  Unknown B/s ETA Unknown
[download]   0.0% of    7.42MiB at    1.85MiB/s ETA 00:04  
[download]   0.1% of    7.42MiB at    3.46MiB/s ETA 00:02
[download]   0.2% of    7.42MiB at    6.63MiB/s ETA 00:01
[download]   0.4% of    7.42MiB at   12.33MiB/s ETA 00:00
[download]   0.8% of    7.42MiB at   17.51MiB/s ETA 00:00
[download]   1.7% of    7.42MiB at   17.85MiB/s ETA 00:00
[download]   3.4% of    7.42MiB at   13.79MiB/s ETA 00:00
[download]   6.7% of    7.42MiB at   15.10MiB/s ETA 00:00
[download]  13.5% of    7.42MiB at   14.66MiB/s ETA 00:00
[download]  26.9% of    7.42MiB at   14.85MiB/s ETA 00:00
[download]  53.9% of    7.42MiB at   12.32MiB/s ETA 00:00
[download] 100.0% of    7.42MiB at    8.87MiB/s ETA 00:00
[download] 100% of    7.42MiB in 00:00:00 at 7.42MiB/s   
[ExtractAudio] Destination: /Users/marcelbuian/projects/mb/marcel-vibe/Deepium 2026/MarcelVibe/25/Miroshin, Ranta – Labyrinth (Extended Mix) - 2025.mp3
Deleting original file /Users/marcelbuian/projects/mb/marcel-vibe/Deepium 2026/MarcelVibe/25/Miroshin, Ranta – Labyrinth (Extended Mix) - 2025.webm (pass -k to keep)
[Metadata] Adding metadata to "/Users/marcelbuian/projects/mb/marcel-vibe/Deepium 2026/MarcelVibe/25/Miroshin, Ranta – Labyrinth (Extended Mix) - 2025.mp3"
[EmbedThumbnail] ffmpeg: Adding thumbnail to "/Users/marcelbuian/projects/mb/marcel-vibe/Deepium 2026/MarcelVibe/25/Miroshin, Ranta – Labyrinth (Extended Mix) - 2025.mp3"
[youtube] Extracting URL: https://www.youtube.com/watch?v=XS1Bd7wkNmE
[youtube] Sleeping 1.0 seconds ...
[youtube] XS1Bd7wkNmE: Downloading webpage
[youtube] Sleeping 1.0 seconds ...
[youtube] XS1Bd7wkNmE: Downloading visionos player API JSON
[youtube] Sleeping 1.0 seconds ...
[youtube] XS1Bd7wkNmE: Downloading m3u8 information
[info] XS1Bd7wkNmE: Downloading 1 format(s): 251
[info] Downloading video thumbnail 44 ...
[info] Writing video thumbnail 44 to: /Users/marcelbuian/projects/mb/marcel-vibe/Deepium 2026/MarcelVibe/25/Valdovinos - Linda (Your Life is Your Life) (Original Mix) [BAR25-160] - 2021.webp
[ThumbnailsConvertor] Converting thumbnail "/Users/marcelbuian/projects/mb/marcel-vibe/Deepium 2026/MarcelVibe/25/Valdovinos - Linda (Your Life is Your Life) (Original Mix) [BAR25-160] - 2021.webp" to jpg
Deleting original file /Users/marcelbuian/projects/mb/marcel-vibe/Deepium 2026/MarcelVibe/25/Valdovinos - Linda (Your Life is Your Life) (Original Mix) [BAR25-160] - 2021.webp (pass -k to keep)
[download] Sleeping 1.34 seconds ...
[download] Destination: /Users/marcelbuian/projects/mb/marcel-vibe/Deepium 2026/MarcelVibe/25/Valdovinos - Linda (Your Life is Your Life) (Original Mix) [BAR25-160] - 2021.webm

[download]   0.0% of    8.61MiB at  Unknown B/s ETA Unknown
[download]   0.0% of    8.61MiB at    2.43MiB/s ETA 00:03  
[download]   0.1% of    8.61MiB at    4.88MiB/s ETA 00:01
[download]   0.2% of    8.61MiB at    9.37MiB/s ETA 00:00
[download]   0.4% of    8.61MiB at   17.34MiB/s ETA 00:00
[download]   0.7% of    8.61MiB at   31.17MiB/s ETA 00:00
[download]   1.4% of    8.61MiB at   25.54MiB/s ETA 00:00
[download]   2.9% of    8.61MiB at   15.23MiB/s ETA 00:00
[download]   5.8% of    8.61MiB at   15.19MiB/s ETA 00:00
[download]  11.6% of    8.61MiB at   14.79MiB/s ETA 00:00
[download]  23.2% of    8.61MiB at   14.98MiB/s ETA 00:00
[download]  46.4% of    8.61MiB at   22.63MiB/s ETA 00:00
[download]  92.9% of    8.61MiB at    8.83MiB/s ETA 00:00
[download] 100.0% of    8.61MiB at    7.21MiB/s ETA 00:00
[download] 100% of    8.61MiB in 00:00:01 at 5.38MiB/s   
[ExtractAudio] Destination: /Users/marcelbuian/projects/mb/marcel-vibe/Deepium 2026/MarcelVibe/25/Valdovinos - Linda (Your Life is Your Life) (Original Mix) [BAR25-160] - 2021.mp3
Deleting original file /Users/marcelbuian/projects/mb/marcel-vibe/Deepium 2026/MarcelVibe/25/Valdovinos - Linda (Your Life is Your Life) (Original Mix) [BAR25-160] - 2021.webm (pass -k to keep)
[Metadata] Adding metadata to "/Users/marcelbuian/projects/mb/marcel-vibe/Deepium 2026/MarcelVibe/25/Valdovinos - Linda (Your Life is Your Life) (Original Mix) [BAR25-160] - 2021.mp3"
[EmbedThumbnail] ffmpeg: Adding thumbnail to "/Users/marcelbuian/projects/mb/marcel-vibe/Deepium 2026/MarcelVibe/25/Valdovinos - Linda (Your Life is Your Life) (Original Mix) [BAR25-160] - 2021.mp3"
Reading URLs from STDIN - EOF (Ctrl+D) to end:

===== 26 (#26 - 2026-08-15 Riviera) 15:47:46
[youtube] Extracting URL: https://www.youtube.com/watch?v=zMY8WPsSSUk
[youtube] zMY8WPsSSUk: Downloading webpage
[youtube] Sleeping 1.0 seconds ...
[youtube] zMY8WPsSSUk: Downloading visionos player API JSON
[youtube] Sleeping 1.0 seconds ...
[youtube] zMY8WPsSSUk: Downloading m3u8 information
[info] zMY8WPsSSUk: Downloading 1 format(s): 251
[info] Downloading video thumbnail 41 ...
[info] Video Thumbnail 41 does not exist
[info] Downloading video thumbnail 40 ...
[info] Video Thumbnail 40 does not exist
[info] Downloading video thumbnail 39 ...
[info] Video Thumbnail 39 does not exist
[info] Downloading video thumbnail 38 ...
[info] Video Thumbnail 38 does not exist
[info] Downloading video thumbnail 37 ...
[info] Writing video thumbnail 37 to: /Users/marcelbuian/projects/mb/marcel-vibe/Deepium 2026/MarcelVibe/26/Quasar - I Never Tought I'd See The Day - 2017.webp
[ThumbnailsConvertor] Converting thumbnail "/Users/marcelbuian/projects/mb/marcel-vibe/Deepium 2026/MarcelVibe/26/Quasar - I Never Tought I'd See The Day - 2017.webp" to jpg
Deleting original file /Users/marcelbuian/projects/mb/marcel-vibe/Deepium 2026/MarcelVibe/26/Quasar - I Never Tought I'd See The Day - 2017.webp (pass -k to keep)
[download] Sleeping 1.33 seconds ...
[download] Destination: /Users/marcelbuian/projects/mb/marcel-vibe/Deepium 2026/MarcelVibe/26/Quasar - I Never Tought I'd See The Day - 2017.webm

[download]   0.0% of    6.95MiB at   44.18KiB/s ETA 02:41
[download]   0.0% of    6.95MiB at  129.46KiB/s ETA 00:54
[download]   0.1% of    6.95MiB at  297.53KiB/s ETA 00:23
[download]   0.2% of    6.95MiB at  632.40KiB/s ETA 00:11
[download]   0.4% of    6.95MiB at    1.27MiB/s ETA 00:05
[download]   0.9% of    6.95MiB at    2.33MiB/s ETA 00:02
[download]   1.8% of    6.95MiB at    3.75MiB/s ETA 00:01
[download]   3.6% of    6.95MiB at    4.53MiB/s ETA 00:01
[download]   7.2% of    6.95MiB at    3.77MiB/s ETA 00:01
[download]  14.4% of    6.95MiB at    2.17MiB/s ETA 00:02
[download]  28.8% of    6.95MiB at  816.92KiB/s ETA 00:06
[download]  35.9% of    6.95MiB at  700.49KiB/s ETA 00:06
[download]  42.2% of    6.95MiB at  637.67KiB/s ETA 00:06
[download]  48.1% of    6.95MiB at  641.88KiB/s ETA 00:05
[download]  57.6% of    6.95MiB at  646.16KiB/s ETA 00:04
[download]  67.0% of    6.95MiB at  632.74KiB/s ETA 00:03
[download]  74.9% of    6.95MiB at  633.68KiB/s ETA 00:02
[download]  83.9% of    6.95MiB at  662.53KiB/s ETA 00:01
[download]  98.8% of    6.95MiB at  636.73KiB/s ETA 00:00
[download] 100.0% of    6.95MiB at  638.65KiB/s ETA 00:00
[download] 100% of    6.95MiB in 00:00:11 at 620.03KiB/s 
[ExtractAudio] Destination: /Users/marcelbuian/projects/mb/marcel-vibe/Deepium 2026/MarcelVibe/26/Quasar - I Never Tought I'd See The Day - 2017.mp3
Deleting original file /Users/marcelbuian/projects/mb/marcel-vibe/Deepium 2026/MarcelVibe/26/Quasar - I Never Tought I'd See The Day - 2017.webm (pass -k to keep)
[Metadata] Adding metadata to "/Users/marcelbuian/projects/mb/marcel-vibe/Deepium 2026/MarcelVibe/26/Quasar - I Never Tought I'd See The Day - 2017.mp3"
[EmbedThumbnail] ffmpeg: Adding thumbnail to "/Users/marcelbuian/projects/mb/marcel-vibe/Deepium 2026/MarcelVibe/26/Quasar - I Never Tought I'd See The Day - 2017.mp3"
[youtube] Extracting URL: https://www.youtube.com/watch?v=Jx5GqqtttkY
[youtube] Sleeping 1.0 seconds ...
[youtube] Jx5GqqtttkY: Downloading webpage
[youtube] Sleeping 1.0 seconds ...
[youtube] Jx5GqqtttkY: Downloading visionos player API JSON
[youtube] Sleeping 1.0 seconds ...
[youtube] Jx5GqqtttkY: Downloading m3u8 information
[info] Jx5GqqtttkY: Downloading 1 format(s): 251
[info] Downloading video thumbnail 41 ...
[info] Writing video thumbnail 41 to: /Users/marcelbuian/projects/mb/marcel-vibe/Deepium 2026/MarcelVibe/26/Bonetti - Deep Flavour - 2017.webp
[ThumbnailsConvertor] Converting thumbnail "/Users/marcelbuian/projects/mb/marcel-vibe/Deepium 2026/MarcelVibe/26/Bonetti - Deep Flavour - 2017.webp" to jpg
Deleting original file /Users/marcelbuian/projects/mb/marcel-vibe/Deepium 2026/MarcelVibe/26/Bonetti - Deep Flavour - 2017.webp (pass -k to keep)
[download] Sleeping 1.83 seconds ...
[download] Destination: /Users/marcelbuian/projects/mb/marcel-vibe/Deepium 2026/MarcelVibe/26/Bonetti - Deep Flavour - 2017.webm

[download]   0.0% of    7.85MiB at   27.98KiB/s ETA 04:47
[download]   0.0% of    7.85MiB at   82.69KiB/s ETA 01:37
[download]   0.1% of    7.85MiB at  191.72KiB/s ETA 00:41
[download]   0.2% of    7.85MiB at  408.63KiB/s ETA 00:19
[download]   0.4% of    7.85MiB at  563.54KiB/s ETA 00:14
[download]   0.8% of    7.85MiB at  536.33KiB/s ETA 00:14
[download]   1.6% of    7.85MiB at  574.42KiB/s ETA 00:13
[download]   3.2% of    7.85MiB at  613.10KiB/s ETA 00:12
[download]   6.4% of    7.85MiB at  623.32KiB/s ETA 00:12
[download]  12.7% of    7.85MiB at  635.28KiB/s ETA 00:11
[download]  20.8% of    7.85MiB at  694.69KiB/s ETA 00:09
[download]  30.9% of    7.85MiB at  692.90KiB/s ETA 00:08
[download]  39.5% of    7.85MiB at  681.70KiB/s ETA 00:07
[download]  47.5% of    7.85MiB at  652.45KiB/s ETA 00:06
[download]  54.2% of    7.85MiB at  648.26KiB/s ETA 00:05
[download]  62.0% of    7.85MiB at  612.33KiB/s ETA 00:04
[download]  67.4% of    7.85MiB at  634.99KiB/s ETA 00:04
[download]  78.4% of    7.85MiB at  614.82KiB/s ETA 00:02
[download]  84.8% of    7.85MiB at  590.00KiB/s ETA 00:02
[download]  89.7% of    7.85MiB at  579.15KiB/s ETA 00:01
[download]  95.2% of    7.85MiB at  552.16KiB/s ETA 00:00
[download]  99.1% of    7.85MiB at  538.05KiB/s ETA 00:00
[download] 100.0% of    7.85MiB at  538.93KiB/s ETA 00:00
[download] 100% of    7.85MiB in 00:00:15 at 527.42KiB/s 
[ExtractAudio] Destination: /Users/marcelbuian/projects/mb/marcel-vibe/Deepium 2026/MarcelVibe/26/Bonetti - Deep Flavour - 2017.mp3
Deleting original file /Users/marcelbuian/projects/mb/marcel-vibe/Deepium 2026/MarcelVibe/26/Bonetti - Deep Flavour - 2017.webm (pass -k to keep)
[Metadata] Adding metadata to "/Users/marcelbuian/projects/mb/marcel-vibe/Deepium 2026/MarcelVibe/26/Bonetti - Deep Flavour - 2017.mp3"
[EmbedThumbnail] ffmpeg: Adding thumbnail to "/Users/marcelbuian/projects/mb/marcel-vibe/Deepium 2026/MarcelVibe/26/Bonetti - Deep Flavour - 2017.mp3"
Reading URLs from STDIN - EOF (Ctrl+D) to end:

===== 27 (#27 - 2026-08-16 Golden Bay) 15:51:34
[youtube] Extracting URL: https://www.youtube.com/watch?v=DCly9mdxe3I
[youtube] DCly9mdxe3I: Downloading webpage
[youtube] Sleeping 1.0 seconds ...
[youtube] DCly9mdxe3I: Downloading visionos player API JSON
[youtube] Sleeping 1.0 seconds ...
[youtube] DCly9mdxe3I: Downloading m3u8 information
[youtube] Sleeping 1.0 seconds ...
[youtube] DCly9mdxe3I: Downloading player e937390a-main
[youtube] [jsc:node] Solving JS challenges using node
[info] DCly9mdxe3I: Downloading 1 format(s): 251
[info] Downloading video thumbnail 41 ...
[info] Writing video thumbnail 41 to: /Users/marcelbuian/projects/mb/marcel-vibe/Deepium 2026/MarcelVibe/27/Etherwood - Cast Away - 2015.webp
[ThumbnailsConvertor] Converting thumbnail "/Users/marcelbuian/projects/mb/marcel-vibe/Deepium 2026/MarcelVibe/27/Etherwood - Cast Away - 2015.webp" to jpg
Deleting original file /Users/marcelbuian/projects/mb/marcel-vibe/Deepium 2026/MarcelVibe/27/Etherwood - Cast Away - 2015.webp (pass -k to keep)
[download] Sleeping 2.69 seconds ...
[download] Destination: /Users/marcelbuian/projects/mb/marcel-vibe/Deepium 2026/MarcelVibe/27/Etherwood - Cast Away - 2015.webm

[download]   0.0% of    4.08MiB at  628.45KiB/s ETA 00:06
[download]   0.1% of    4.08MiB at    1.26MiB/s ETA 00:03
[download]   0.2% of    4.08MiB at    2.50MiB/s ETA 00:01
[download]   0.4% of    4.08MiB at    4.47MiB/s ETA 00:00
[download]   0.7% of    4.08MiB at    5.07MiB/s ETA 00:00
[download]   1.5% of    4.08MiB at    4.99MiB/s ETA 00:00
[download]   3.0% of    4.08MiB at    7.50MiB/s ETA 00:00
[download]   6.1% of    4.08MiB at   10.02MiB/s ETA 00:00
[download]  12.2% of    4.08MiB at   16.20MiB/s ETA 00:00
[download]  24.5% of    4.08MiB at    9.76MiB/s ETA 00:00
[download]  49.0% of    4.08MiB at    8.39MiB/s ETA 00:00
[download]  98.1% of    4.08MiB at   14.30MiB/s ETA 00:00
[download] 100.0% of    4.08MiB at   11.82MiB/s ETA 00:00
[download] 100% of    4.08MiB in 00:00:00 at 7.83MiB/s   
[ExtractAudio] Destination: /Users/marcelbuian/projects/mb/marcel-vibe/Deepium 2026/MarcelVibe/27/Etherwood - Cast Away - 2015.mp3
Deleting original file /Users/marcelbuian/projects/mb/marcel-vibe/Deepium 2026/MarcelVibe/27/Etherwood - Cast Away - 2015.webm (pass -k to keep)
[Metadata] Adding metadata to "/Users/marcelbuian/projects/mb/marcel-vibe/Deepium 2026/MarcelVibe/27/Etherwood - Cast Away - 2015.mp3"
[EmbedThumbnail] ffmpeg: Adding thumbnail to "/Users/marcelbuian/projects/mb/marcel-vibe/Deepium 2026/MarcelVibe/27/Etherwood - Cast Away - 2015.mp3"
[youtube] Extracting URL: https://www.youtube.com/watch?v=C5Q5vdW7v4c
[youtube] Sleeping 1.0 seconds ...
[youtube] C5Q5vdW7v4c: Downloading webpage
[youtube] Sleeping 1.0 seconds ...
[youtube] C5Q5vdW7v4c: Downloading visionos player API JSON
[youtube] Sleeping 1.0 seconds ...
[youtube] C5Q5vdW7v4c: Downloading m3u8 information
[youtube] [jsc:node] Solving JS challenges using node
[info] C5Q5vdW7v4c: Downloading 1 format(s): 251
[info] Downloading video thumbnail 41 ...
[info] Writing video thumbnail 41 to: /Users/marcelbuian/projects/mb/marcel-vibe/Deepium 2026/MarcelVibe/27/HumaNature - First Light - 2018.webp
[ThumbnailsConvertor] Converting thumbnail "/Users/marcelbuian/projects/mb/marcel-vibe/Deepium 2026/MarcelVibe/27/HumaNature - First Light - 2018.webp" to jpg
Deleting original file /Users/marcelbuian/projects/mb/marcel-vibe/Deepium 2026/MarcelVibe/27/HumaNature - First Light - 2018.webp (pass -k to keep)
[download] Sleeping 2.14 seconds ...
[download] Destination: /Users/marcelbuian/projects/mb/marcel-vibe/Deepium 2026/MarcelVibe/27/HumaNature - First Light - 2018.webm

[download]   0.0% of    4.38MiB at  465.16KiB/s ETA 00:09
[download]   0.1% of    4.38MiB at    1.07MiB/s ETA 00:04
[download]   0.2% of    4.38MiB at    2.28MiB/s ETA 00:01
[download]   0.3% of    4.38MiB at    4.72MiB/s ETA 00:00
[download]   0.7% of    4.38MiB at    4.78MiB/s ETA 00:00
[download]   1.4% of    4.38MiB at    5.20MiB/s ETA 00:00
[download]   2.8% of    4.38MiB at  964.42KiB/s ETA 00:04
[download]   5.7% of    4.38MiB at    1.27MiB/s ETA 00:03
[download]  11.4% of    4.38MiB at    2.03MiB/s ETA 00:01
[download]  22.8% of    4.38MiB at    3.43MiB/s ETA 00:00
[download]  45.7% of    4.38MiB at    5.54MiB/s ETA 00:00
[download]  91.4% of    4.38MiB at    9.92MiB/s ETA 00:00
[download] 100.0% of    4.38MiB at   10.01MiB/s ETA 00:00
[download] 100% of    4.38MiB in 00:00:00 at 6.14MiB/s   
[ExtractAudio] Destination: /Users/marcelbuian/projects/mb/marcel-vibe/Deepium 2026/MarcelVibe/27/HumaNature - First Light - 2018.mp3
Deleting original file /Users/marcelbuian/projects/mb/marcel-vibe/Deepium 2026/MarcelVibe/27/HumaNature - First Light - 2018.webm (pass -k to keep)
[Metadata] Adding metadata to "/Users/marcelbuian/projects/mb/marcel-vibe/Deepium 2026/MarcelVibe/27/HumaNature - First Light - 2018.mp3"
[EmbedThumbnail] ffmpeg: Adding thumbnail to "/Users/marcelbuian/projects/mb/marcel-vibe/Deepium 2026/MarcelVibe/27/HumaNature - First Light - 2018.mp3"
[youtube] Extracting URL: https://www.youtube.com/watch?v=32euHrHx9ww
[youtube] Sleeping 1.0 seconds ...
[youtube] 32euHrHx9ww: Downloading webpage
[youtube] Sleeping 1.0 seconds ...
[youtube] 32euHrHx9ww: Downloading visionos player API JSON
[youtube] Sleeping 1.0 seconds ...
[youtube] 32euHrHx9ww: Downloading m3u8 information
[youtube] [jsc:node] Solving JS challenges using node
[info] 32euHrHx9ww: Downloading 1 format(s): 251
[info] Downloading video thumbnail 44 ...
[info] Writing video thumbnail 44 to: /Users/marcelbuian/projects/mb/marcel-vibe/Deepium 2026/MarcelVibe/27/HumaNature - Memories - 2021.webp
[ThumbnailsConvertor] Converting thumbnail "/Users/marcelbuian/projects/mb/marcel-vibe/Deepium 2026/MarcelVibe/27/HumaNature - Memories - 2021.webp" to jpg
Deleting original file /Users/marcelbuian/projects/mb/marcel-vibe/Deepium 2026/MarcelVibe/27/HumaNature - Memories - 2021.webp (pass -k to keep)
[download] Sleeping 1.73 seconds ...
[download] Destination: /Users/marcelbuian/projects/mb/marcel-vibe/Deepium 2026/MarcelVibe/27/HumaNature - Memories - 2021.webm

[download]   0.0% of    4.80MiB at  469.69KiB/s ETA 00:10
[download]   0.1% of    4.80MiB at    1.09MiB/s ETA 00:04
[download]   0.1% of    4.80MiB at    2.31MiB/s ETA 00:02
[download]   0.3% of    4.80MiB at    4.68MiB/s ETA 00:01
[download]   0.6% of    4.80MiB at    4.91MiB/s ETA 00:00
[download]   1.3% of    4.80MiB at    4.96MiB/s ETA 00:00
[download]   2.6% of    4.80MiB at    7.51MiB/s ETA 00:00
[download]   5.2% of    4.80MiB at    9.32MiB/s ETA 00:00
[download]  10.4% of    4.80MiB at   15.54MiB/s ETA 00:00
[download]  20.8% of    4.80MiB at   15.13MiB/s ETA 00:00
[download]  41.7% of    4.80MiB at    6.20MiB/s ETA 00:00
[download]  83.3% of    4.80MiB at    7.73MiB/s ETA 00:00
[download] 100.0% of    4.80MiB at    8.98MiB/s ETA 00:00
[download] 100% of    4.80MiB in 00:00:00 at 7.21MiB/s   
[ExtractAudio] Destination: /Users/marcelbuian/projects/mb/marcel-vibe/Deepium 2026/MarcelVibe/27/HumaNature - Memories - 2021.mp3
Deleting original file /Users/marcelbuian/projects/mb/marcel-vibe/Deepium 2026/MarcelVibe/27/HumaNature - Memories - 2021.webm (pass -k to keep)
[Metadata] Adding metadata to "/Users/marcelbuian/projects/mb/marcel-vibe/Deepium 2026/MarcelVibe/27/HumaNature - Memories - 2021.mp3"
[EmbedThumbnail] ffmpeg: Adding thumbnail to "/Users/marcelbuian/projects/mb/marcel-vibe/Deepium 2026/MarcelVibe/27/HumaNature - Memories - 2021.mp3"
[youtube] Extracting URL: https://www.youtube.com/watch?v=nv6vS4R5MYw
[youtube] Sleeping 1.0 seconds ...
[youtube] nv6vS4R5MYw: Downloading webpage
[youtube] Sleeping 1.0 seconds ...
[youtube] nv6vS4R5MYw: Downloading visionos player API JSON
[youtube] Sleeping 1.0 seconds ...
[youtube] nv6vS4R5MYw: Downloading m3u8 information
[youtube] [jsc:node] Solving JS challenges using node
[info] nv6vS4R5MYw: Downloading 1 format(s): 251
[info] Downloading video thumbnail 41 ...
[info] Writing video thumbnail 41 to: /Users/marcelbuian/projects/mb/marcel-vibe/Deepium 2026/MarcelVibe/27/Tom Walker - Better Half of Me (Etherwood Remix) [Audio] - 2019.webp
[ThumbnailsConvertor] Converting thumbnail "/Users/marcelbuian/projects/mb/marcel-vibe/Deepium 2026/MarcelVibe/27/Tom Walker - Better Half of Me (Etherwood Remix) [Audio] - 2019.webp" to jpg
Deleting original file /Users/marcelbuian/projects/mb/marcel-vibe/Deepium 2026/MarcelVibe/27/Tom Walker - Better Half of Me (Etherwood Remix) [Audio] - 2019.webp (pass -k to keep)
[download] Sleeping 1.95 seconds ...
[download] Destination: /Users/marcelbuian/projects/mb/marcel-vibe/Deepium 2026/MarcelVibe/27/Tom Walker - Better Half of Me (Etherwood Remix) [Audio] - 2019.webm

[download]   0.0% of    3.26MiB at  547.99KiB/s ETA 00:06
[download]   0.1% of    3.26MiB at    1.12MiB/s ETA 00:02
[download]   0.2% of    3.26MiB at    2.34MiB/s ETA 00:01
[download]   0.4% of    3.26MiB at    4.59MiB/s ETA 00:00
[download]   0.9% of    3.26MiB at    5.02MiB/s ETA 00:00
[download]   1.9% of    3.26MiB at    4.71MiB/s ETA 00:00
[download]   3.8% of    3.26MiB at    7.11MiB/s ETA 00:00
[download]   7.6% of    3.26MiB at   10.51MiB/s ETA 00:00
[download]  15.3% of    3.26MiB at   15.96MiB/s ETA 00:00
[download]  30.6% of    3.26MiB at   15.85MiB/s ETA 00:00
[download]  61.3% of    3.26MiB at   15.06MiB/s ETA 00:00
[download] 100.0% of    3.26MiB at   20.80MiB/s ETA 00:00
[download] 100% of    3.26MiB in 00:00:00 at 8.51MiB/s   
[ExtractAudio] Destination: /Users/marcelbuian/projects/mb/marcel-vibe/Deepium 2026/MarcelVibe/27/Tom Walker - Better Half of Me (Etherwood Remix) [Audio] - 2019.mp3
Deleting original file /Users/marcelbuian/projects/mb/marcel-vibe/Deepium 2026/MarcelVibe/27/Tom Walker - Better Half of Me (Etherwood Remix) [Audio] - 2019.webm (pass -k to keep)
[Metadata] Adding metadata to "/Users/marcelbuian/projects/mb/marcel-vibe/Deepium 2026/MarcelVibe/27/Tom Walker - Better Half of Me (Etherwood Remix) [Audio] - 2019.mp3"
[EmbedThumbnail] ffmpeg: Adding thumbnail to "/Users/marcelbuian/projects/mb/marcel-vibe/Deepium 2026/MarcelVibe/27/Tom Walker - Better Half of Me (Etherwood Remix) [Audio] - 2019.mp3"
[youtube] Extracting URL: https://www.youtube.com/watch?v=Q7LDyHu0l94
[youtube] Sleeping 1.0 seconds ...
[youtube] Q7LDyHu0l94: Downloading webpage
[youtube] Sleeping 1.0 seconds ...
[youtube] Q7LDyHu0l94: Downloading visionos player API JSON
[youtube] Sleeping 1.0 seconds ...
[youtube] Q7LDyHu0l94: Downloading m3u8 information
[youtube] [jsc:node] Solving JS challenges using node
[info] Q7LDyHu0l94: Downloading 1 format(s): 251
[info] Downloading video thumbnail 44 ...
[info] Writing video thumbnail 44 to: /Users/marcelbuian/projects/mb/marcel-vibe/Deepium 2026/MarcelVibe/27/Alpha Rhythm & Ritual - Downcast - 2022.webp
[ThumbnailsConvertor] Converting thumbnail "/Users/marcelbuian/projects/mb/marcel-vibe/Deepium 2026/MarcelVibe/27/Alpha Rhythm & Ritual - Downcast - 2022.webp" to jpg
Deleting original file /Users/marcelbuian/projects/mb/marcel-vibe/Deepium 2026/MarcelVibe/27/Alpha Rhythm & Ritual - Downcast - 2022.webp (pass -k to keep)
[download] Sleeping 2.58 seconds ...
[download] Destination: /Users/marcelbuian/projects/mb/marcel-vibe/Deepium 2026/MarcelVibe/27/Alpha Rhythm & Ritual - Downcast - 2022.webm

[download]   0.0% of    6.35MiB at  Unknown B/s ETA Unknown
[download]   0.0% of    6.35MiB at    1.81MiB/s ETA 00:03  
[download]   0.1% of    6.35MiB at    3.49MiB/s ETA 00:01
[download]   0.2% of    6.35MiB at    6.78MiB/s ETA 00:00
[download]   0.5% of    6.35MiB at   12.44MiB/s ETA 00:00
[download]   1.0% of    6.35MiB at   23.03MiB/s ETA 00:00
[download]   2.0% of    6.35MiB at   41.89MiB/s ETA 00:00
[download]   3.9% of    6.35MiB at   37.26MiB/s ETA 00:00
[download]   7.9% of    6.35MiB at   23.67MiB/s ETA 00:00
[download]  15.7% of    6.35MiB at   17.93MiB/s ETA 00:00
[download]  31.5% of    6.35MiB at   15.95MiB/s ETA 00:00
[download]  63.0% of    6.35MiB at    9.07MiB/s ETA 00:00
[download] 100.0% of    6.35MiB at   11.77MiB/s ETA 00:00
[download] 100% of    6.35MiB in 00:00:00 at 9.48MiB/s   
[ExtractAudio] Destination: /Users/marcelbuian/projects/mb/marcel-vibe/Deepium 2026/MarcelVibe/27/Alpha Rhythm & Ritual - Downcast - 2022.mp3
Deleting original file /Users/marcelbuian/projects/mb/marcel-vibe/Deepium 2026/MarcelVibe/27/Alpha Rhythm & Ritual - Downcast - 2022.webm (pass -k to keep)
[Metadata] Adding metadata to "/Users/marcelbuian/projects/mb/marcel-vibe/Deepium 2026/MarcelVibe/27/Alpha Rhythm & Ritual - Downcast - 2022.mp3"
[EmbedThumbnail] ffmpeg: Adding thumbnail to "/Users/marcelbuian/projects/mb/marcel-vibe/Deepium 2026/MarcelVibe/27/Alpha Rhythm & Ritual - Downcast - 2022.mp3"
[youtube] Extracting URL: https://www.youtube.com/watch?v=agm45Eaur3Q
[youtube] Sleeping 1.0 seconds ...
[youtube] agm45Eaur3Q: Downloading webpage
[youtube] Sleeping 1.0 seconds ...
[youtube] agm45Eaur3Q: Downloading visionos player API JSON
[youtube] Sleeping 1.0 seconds ...
[youtube] agm45Eaur3Q: Downloading m3u8 information
[youtube] [jsc:node] Solving JS challenges using node
[info] agm45Eaur3Q: Downloading 1 format(s): 251
[info] Downloading video thumbnail 41 ...
[info] Writing video thumbnail 41 to: /Users/marcelbuian/projects/mb/marcel-vibe/Deepium 2026/MarcelVibe/27/Monrroe & Emily Makis - Never Too Old (Friction Remix) - 2024.webp
[ThumbnailsConvertor] Converting thumbnail "/Users/marcelbuian/projects/mb/marcel-vibe/Deepium 2026/MarcelVibe/27/Monrroe & Emily Makis - Never Too Old (Friction Remix) - 2024.webp" to jpg
Deleting original file /Users/marcelbuian/projects/mb/marcel-vibe/Deepium 2026/MarcelVibe/27/Monrroe & Emily Makis - Never Too Old (Friction Remix) - 2024.webp (pass -k to keep)
[download] Sleeping 1.85 seconds ...
[download] Destination: /Users/marcelbuian/projects/mb/marcel-vibe/Deepium 2026/MarcelVibe/27/Monrroe & Emily Makis - Never Too Old (Friction Remix) - 2024.webm

[download]   0.0% of    3.52MiB at  117.42KiB/s ETA 00:30
[download]   0.1% of    3.52MiB at  343.69KiB/s ETA 00:10
[download]   0.2% of    3.52MiB at  794.20KiB/s ETA 00:04
[download]   0.4% of    3.52MiB at    1.65MiB/s ETA 00:02
[download]   0.9% of    3.52MiB at    1.32MiB/s ETA 00:02
[download]   1.7% of    3.52MiB at    1.88MiB/s ETA 00:01
[download]   3.5% of    3.52MiB at    3.76MiB/s ETA 00:00
[download]   7.1% of    3.52MiB at    4.23MiB/s ETA 00:00
[download]  14.2% of    3.52MiB at    4.97MiB/s ETA 00:00
[download]  28.4% of    3.52MiB at    4.20MiB/s ETA 00:00
[download]  56.8% of    3.52MiB at    1.82MiB/s ETA 00:00
[download]  89.8% of    3.52MiB at    1.17MiB/s ETA 00:00
[download] 100.0% of    3.52MiB at    1.10MiB/s ETA 00:00
[download] 100% of    3.52MiB in 00:00:03 at 1.05MiB/s   
[ExtractAudio] Destination: /Users/marcelbuian/projects/mb/marcel-vibe/Deepium 2026/MarcelVibe/27/Monrroe & Emily Makis - Never Too Old (Friction Remix) - 2024.mp3
Deleting original file /Users/marcelbuian/projects/mb/marcel-vibe/Deepium 2026/MarcelVibe/27/Monrroe & Emily Makis - Never Too Old (Friction Remix) - 2024.webm (pass -k to keep)
[Metadata] Adding metadata to "/Users/marcelbuian/projects/mb/marcel-vibe/Deepium 2026/MarcelVibe/27/Monrroe & Emily Makis - Never Too Old (Friction Remix) - 2024.mp3"
[EmbedThumbnail] ffmpeg: Adding thumbnail to "/Users/marcelbuian/projects/mb/marcel-vibe/Deepium 2026/MarcelVibe/27/Monrroe & Emily Makis - Never Too Old (Friction Remix) - 2024.mp3"
[youtube] Extracting URL: https://www.youtube.com/watch?v=G-DhAxHC7q0
[youtube] Sleeping 1.0 seconds ...
[youtube] G-DhAxHC7q0: Downloading webpage
[youtube] Sleeping 1.0 seconds ...
[youtube] G-DhAxHC7q0: Downloading visionos player API JSON
[youtube] Sleeping 1.0 seconds ...
[youtube] G-DhAxHC7q0: Downloading m3u8 information
[youtube] [jsc:node] Solving JS challenges using node
[info] G-DhAxHC7q0: Downloading 1 format(s): 251
[info] Downloading video thumbnail 41 ...
[info] Video Thumbnail 41 does not exist
[info] Downloading video thumbnail 40 ...
[info] Video Thumbnail 40 does not exist
[info] Downloading video thumbnail 39 ...
[info] Video Thumbnail 39 does not exist
[info] Downloading video thumbnail 38 ...
[info] Video Thumbnail 38 does not exist
[info] Downloading video thumbnail 37 ...
[info] Writing video thumbnail 37 to: /Users/marcelbuian/projects/mb/marcel-vibe/Deepium 2026/MarcelVibe/27/Etherwood - Light My Way Home (feat. Eva Lazarus) - 2015.webp
[ThumbnailsConvertor] Converting thumbnail "/Users/marcelbuian/projects/mb/marcel-vibe/Deepium 2026/MarcelVibe/27/Etherwood - Light My Way Home (feat. Eva Lazarus) - 2015.webp" to jpg
Deleting original file /Users/marcelbuian/projects/mb/marcel-vibe/Deepium 2026/MarcelVibe/27/Etherwood - Light My Way Home (feat. Eva Lazarus) - 2015.webp (pass -k to keep)
[download] Sleeping 2.29 seconds ...
[download] Destination: /Users/marcelbuian/projects/mb/marcel-vibe/Deepium 2026/MarcelVibe/27/Etherwood - Light My Way Home (feat. Eva Lazarus) - 2015.webm

[download]   0.0% of    3.79MiB at  488.05KiB/s ETA 00:08
[download]   0.1% of    3.79MiB at    1.11MiB/s ETA 00:03
[download]   0.2% of    3.79MiB at    2.29MiB/s ETA 00:01
[download]   0.4% of    3.79MiB at    4.46MiB/s ETA 00:00
[download]   0.8% of    3.79MiB at    3.59MiB/s ETA 00:01
[download]   1.6% of    3.79MiB at    3.50MiB/s ETA 00:01
[download]   3.3% of    3.79MiB at    5.67MiB/s ETA 00:00
[download]   6.6% of    3.79MiB at    8.05MiB/s ETA 00:00
[download]  13.2% of    3.79MiB at   12.64MiB/s ETA 00:00
[download]  26.3% of    3.79MiB at   15.18MiB/s ETA 00:00
[download]  52.7% of    3.79MiB at   14.94MiB/s ETA 00:00
[download] 100.0% of    3.79MiB at   22.74MiB/s ETA 00:00
[download] 100% of    3.79MiB in 00:00:00 at 11.49MiB/s  
[ExtractAudio] Destination: /Users/marcelbuian/projects/mb/marcel-vibe/Deepium 2026/MarcelVibe/27/Etherwood - Light My Way Home (feat. Eva Lazarus) - 2015.mp3
Deleting original file /Users/marcelbuian/projects/mb/marcel-vibe/Deepium 2026/MarcelVibe/27/Etherwood - Light My Way Home (feat. Eva Lazarus) - 2015.webm (pass -k to keep)
[Metadata] Adding metadata to "/Users/marcelbuian/projects/mb/marcel-vibe/Deepium 2026/MarcelVibe/27/Etherwood - Light My Way Home (feat. Eva Lazarus) - 2015.mp3"
[EmbedThumbnail] ffmpeg: Adding thumbnail to "/Users/marcelbuian/projects/mb/marcel-vibe/Deepium 2026/MarcelVibe/27/Etherwood - Light My Way Home (feat. Eva Lazarus) - 2015.mp3"
[youtube] Extracting URL: https://www.youtube.com/watch?v=4xWpRUsFTSE
[youtube] Sleeping 1.0 seconds ...
[youtube] 4xWpRUsFTSE: Downloading webpage
[youtube] Sleeping 1.0 seconds ...
[youtube] 4xWpRUsFTSE: Downloading visionos player API JSON
[youtube] Sleeping 1.0 seconds ...
[youtube] 4xWpRUsFTSE: Downloading m3u8 information
[youtube] [jsc:node] Solving JS challenges using node
[info] 4xWpRUsFTSE: Downloading 1 format(s): 251
[info] Downloading video thumbnail 41 ...
[info] Writing video thumbnail 41 to: /Users/marcelbuian/projects/mb/marcel-vibe/Deepium 2026/MarcelVibe/27/Netsky & Hybrid Minds - Let Me Hold You (Grafix Remix) - 2023.webp
[ThumbnailsConvertor] Converting thumbnail "/Users/marcelbuian/projects/mb/marcel-vibe/Deepium 2026/MarcelVibe/27/Netsky & Hybrid Minds - Let Me Hold You (Grafix Remix) - 2023.webp" to jpg
Deleting original file /Users/marcelbuian/projects/mb/marcel-vibe/Deepium 2026/MarcelVibe/27/Netsky & Hybrid Minds - Let Me Hold You (Grafix Remix) - 2023.webp (pass -k to keep)
[download] Sleeping 2.05 seconds ...
[download] Destination: /Users/marcelbuian/projects/mb/marcel-vibe/Deepium 2026/MarcelVibe/27/Netsky & Hybrid Minds - Let Me Hold You (Grafix Remix) - 2023.webm

[download]   0.0% of    3.64MiB at  915.19KiB/s ETA 00:04
[download]   0.1% of    3.64MiB at    1.95MiB/s ETA 00:01
[download]   0.2% of    3.64MiB at    4.02MiB/s ETA 00:00
[download]   0.4% of    3.64MiB at    7.73MiB/s ETA 00:00
[download]   0.8% of    3.64MiB at   14.37MiB/s ETA 00:00
[download]   1.7% of    3.64MiB at   26.51MiB/s ETA 00:00
[download]   3.4% of    3.64MiB at   15.18MiB/s ETA 00:00
[download]   6.8% of    3.64MiB at   15.98MiB/s ETA 00:00
[download]  13.7% of    3.64MiB at   16.57MiB/s ETA 00:00
[download]  27.5% of    3.64MiB at   14.82MiB/s ETA 00:00
[download]  55.0% of    3.64MiB at   15.14MiB/s ETA 00:00
[download] 100.0% of    3.64MiB at   20.40MiB/s ETA 00:00
[download] 100% of    3.64MiB in 00:00:00 at 4.29MiB/s   
[ExtractAudio] Destination: /Users/marcelbuian/projects/mb/marcel-vibe/Deepium 2026/MarcelVibe/27/Netsky & Hybrid Minds - Let Me Hold You (Grafix Remix) - 2023.mp3
Deleting original file /Users/marcelbuian/projects/mb/marcel-vibe/Deepium 2026/MarcelVibe/27/Netsky & Hybrid Minds - Let Me Hold You (Grafix Remix) - 2023.webm (pass -k to keep)
[Metadata] Adding metadata to "/Users/marcelbuian/projects/mb/marcel-vibe/Deepium 2026/MarcelVibe/27/Netsky & Hybrid Minds - Let Me Hold You (Grafix Remix) - 2023.mp3"
[EmbedThumbnail] ffmpeg: Adding thumbnail to "/Users/marcelbuian/projects/mb/marcel-vibe/Deepium 2026/MarcelVibe/27/Netsky & Hybrid Minds - Let Me Hold You (Grafix Remix) - 2023.mp3"
[youtube] Extracting URL: https://www.youtube.com/watch?v=aIXyKmElvv8
[youtube] Sleeping 1.0 seconds ...
[youtube] aIXyKmElvv8: Downloading webpage
[youtube] Sleeping 1.0 seconds ...
[youtube] aIXyKmElvv8: Downloading visionos player API JSON
[youtube] Sleeping 1.0 seconds ...
[youtube] aIXyKmElvv8: Downloading m3u8 information
[youtube] [jsc:node] Solving JS challenges using node
[info] aIXyKmElvv8: Downloading 1 format(s): 251
[info] Downloading video thumbnail 41 ...
[info] Writing video thumbnail 41 to: /Users/marcelbuian/projects/mb/marcel-vibe/Deepium 2026/MarcelVibe/27/Fugees - Ready Or Not (Official HD Video) - 2010.webp
[ThumbnailsConvertor] Converting thumbnail "/Users/marcelbuian/projects/mb/marcel-vibe/Deepium 2026/MarcelVibe/27/Fugees - Ready Or Not (Official HD Video) - 2010.webp" to jpg
Deleting original file /Users/marcelbuian/projects/mb/marcel-vibe/Deepium 2026/MarcelVibe/27/Fugees - Ready Or Not (Official HD Video) - 2010.webp (pass -k to keep)
[download] Sleeping 2.58 seconds ...
[download] Destination: /Users/marcelbuian/projects/mb/marcel-vibe/Deepium 2026/MarcelVibe/27/Fugees - Ready Or Not (Official HD Video) - 2010.webm

[download]   0.0% of    4.21MiB at  Unknown B/s ETA Unknown
[download]   0.1% of    4.21MiB at    2.45MiB/s ETA 00:01  
[download]   0.2% of    4.21MiB at    4.81MiB/s ETA 00:00
[download]   0.3% of    4.21MiB at    9.13MiB/s ETA 00:00
[download]   0.7% of    4.21MiB at   16.66MiB/s ETA 00:00
[download]   1.5% of    4.21MiB at   29.64MiB/s ETA 00:00
[download]   2.9% of    4.21MiB at   50.50MiB/s ETA 00:00
[download]   5.9% of    4.21MiB at   83.99MiB/s ETA 00:00
[download]  11.8% of    4.21MiB at   77.04MiB/s ETA 00:00
[download]  23.7% of    4.21MiB at   61.52MiB/s ETA 00:00
[download]  47.4% of    4.21MiB at   58.81MiB/s ETA 00:00
[download]  94.9% of    4.21MiB at   56.27MiB/s ETA 00:00
[download] 100.0% of    4.21MiB at   42.40MiB/s ETA 00:00
[download] 100% of    4.21MiB in 00:00:00 at 37.30MiB/s  
[ExtractAudio] Destination: /Users/marcelbuian/projects/mb/marcel-vibe/Deepium 2026/MarcelVibe/27/Fugees - Ready Or Not (Official HD Video) - 2010.mp3
Deleting original file /Users/marcelbuian/projects/mb/marcel-vibe/Deepium 2026/MarcelVibe/27/Fugees - Ready Or Not (Official HD Video) - 2010.webm (pass -k to keep)
[Metadata] Adding metadata to "/Users/marcelbuian/projects/mb/marcel-vibe/Deepium 2026/MarcelVibe/27/Fugees - Ready Or Not (Official HD Video) - 2010.mp3"
[EmbedThumbnail] ffmpeg: Adding thumbnail to "/Users/marcelbuian/projects/mb/marcel-vibe/Deepium 2026/MarcelVibe/27/Fugees - Ready Or Not (Official HD Video) - 2010.mp3"
[youtube] Extracting URL: https://www.youtube.com/watch?v=KXwcewJwLb8
[youtube] Sleeping 1.0 seconds ...
[youtube] KXwcewJwLb8: Downloading webpage
[youtube] Sleeping 1.0 seconds ...
[youtube] KXwcewJwLb8: Downloading visionos player API JSON
[youtube] Sleeping 1.0 seconds ...
[youtube] KXwcewJwLb8: Downloading m3u8 information
[youtube] [jsc:node] Solving JS challenges using node
[info] KXwcewJwLb8: Downloading 1 format(s): 251
[info] Downloading video thumbnail 41 ...
[info] Writing video thumbnail 41 to: /Users/marcelbuian/projects/mb/marcel-vibe/Deepium 2026/MarcelVibe/27/Netsky - Hold On (feat. Becky Hill) - 2020.webp
[ThumbnailsConvertor] Converting thumbnail "/Users/marcelbuian/projects/mb/marcel-vibe/Deepium 2026/MarcelVibe/27/Netsky - Hold On (feat. Becky Hill) - 2020.webp" to jpg
Deleting original file /Users/marcelbuian/projects/mb/marcel-vibe/Deepium 2026/MarcelVibe/27/Netsky - Hold On (feat. Becky Hill) - 2020.webp (pass -k to keep)
[download] Sleeping 2.54 seconds ...
[download] Destination: /Users/marcelbuian/projects/mb/marcel-vibe/Deepium 2026/MarcelVibe/27/Netsky - Hold On (feat. Becky Hill) - 2020.webm

[download]   0.0% of    3.52MiB at   78.60KiB/s ETA 00:45
[download]   0.1% of    3.52MiB at  227.67KiB/s ETA 00:15
[download]   0.2% of    3.52MiB at  523.84KiB/s ETA 00:06
[download]   0.4% of    3.52MiB at    1.08MiB/s ETA 00:03
[download]   0.9% of    3.52MiB at    2.20MiB/s ETA 00:01
[download]   1.7% of    3.52MiB at    4.27MiB/s ETA 00:00
[download]   3.5% of    3.52MiB at    3.97MiB/s ETA 00:00
[download]   7.1% of    3.52MiB at    5.23MiB/s ETA 00:00
[download]  14.2% of    3.52MiB at    5.52MiB/s ETA 00:00
[download]  28.4% of    3.52MiB at    4.01MiB/s ETA 00:00
[download]  56.8% of    3.52MiB at    1.55MiB/s ETA 00:00
[download]  84.0% of    3.52MiB at    1.27MiB/s ETA 00:00
[download] 100.0% of    3.52MiB at    1.23MiB/s ETA 00:00
[download] 100% of    3.52MiB in 00:00:03 at 1.09MiB/s   
[ExtractAudio] Destination: /Users/marcelbuian/projects/mb/marcel-vibe/Deepium 2026/MarcelVibe/27/Netsky - Hold On (feat. Becky Hill) - 2020.mp3
Deleting original file /Users/marcelbuian/projects/mb/marcel-vibe/Deepium 2026/MarcelVibe/27/Netsky - Hold On (feat. Becky Hill) - 2020.webm (pass -k to keep)
[Metadata] Adding metadata to "/Users/marcelbuian/projects/mb/marcel-vibe/Deepium 2026/MarcelVibe/27/Netsky - Hold On (feat. Becky Hill) - 2020.mp3"
[EmbedThumbnail] ffmpeg: Adding thumbnail to "/Users/marcelbuian/projects/mb/marcel-vibe/Deepium 2026/MarcelVibe/27/Netsky - Hold On (feat. Becky Hill) - 2020.mp3"
[youtube] Extracting URL: https://www.youtube.com/watch?v=L3BQEsY1YKc
[youtube] Sleeping 1.0 seconds ...
[youtube] L3BQEsY1YKc: Downloading webpage
[youtube] Sleeping 1.0 seconds ...
[youtube] L3BQEsY1YKc: Downloading visionos player API JSON
[youtube] Sleeping 1.0 seconds ...
[youtube] L3BQEsY1YKc: Downloading m3u8 information
[youtube] [jsc:node] Solving JS challenges using node
[info] L3BQEsY1YKc: Downloading 1 format(s): 251
[info] Downloading video thumbnail 41 ...
[info] Writing video thumbnail 41 to: /Users/marcelbuian/projects/mb/marcel-vibe/Deepium 2026/MarcelVibe/27/Phaction, Leo Wood - Electric Wires - 2021.webp
[ThumbnailsConvertor] Converting thumbnail "/Users/marcelbuian/projects/mb/marcel-vibe/Deepium 2026/MarcelVibe/27/Phaction, Leo Wood - Electric Wires - 2021.webp" to jpg
Deleting original file /Users/marcelbuian/projects/mb/marcel-vibe/Deepium 2026/MarcelVibe/27/Phaction, Leo Wood - Electric Wires - 2021.webp (pass -k to keep)
[download] Sleeping 2.61 seconds ...
[download] Destination: /Users/marcelbuian/projects/mb/marcel-vibe/Deepium 2026/MarcelVibe/27/Phaction, Leo Wood - Electric Wires - 2021.webm

[download]   0.0% of    4.62MiB at  216.73KiB/s ETA 00:21
[download]   0.1% of    4.62MiB at  551.06KiB/s ETA 00:08
[download]   0.1% of    4.62MiB at    1.18MiB/s ETA 00:03
[download]   0.3% of    4.62MiB at    2.37MiB/s ETA 00:01
[download]   0.7% of    4.62MiB at  611.06KiB/s ETA 00:07
[download]   1.3% of    4.62MiB at  703.80KiB/s ETA 00:06
[download]   2.7% of    4.62MiB at  945.63KiB/s ETA 00:04
[download]   5.4% of    4.62MiB at    1.39MiB/s ETA 00:03
[download]  10.8% of    4.62MiB at    2.20MiB/s ETA 00:01
[download]  21.6% of    4.62MiB at    3.65MiB/s ETA 00:00
[download]  43.3% of    4.62MiB at    6.26MiB/s ETA 00:00
[download]  86.6% of    4.62MiB at   10.84MiB/s ETA 00:00
[download] 100.0% of    4.62MiB at   11.52MiB/s ETA 00:00
[download] 100% of    4.62MiB in 00:00:00 at 7.28MiB/s   
[ExtractAudio] Destination: /Users/marcelbuian/projects/mb/marcel-vibe/Deepium 2026/MarcelVibe/27/Phaction, Leo Wood - Electric Wires - 2021.mp3
Deleting original file /Users/marcelbuian/projects/mb/marcel-vibe/Deepium 2026/MarcelVibe/27/Phaction, Leo Wood - Electric Wires - 2021.webm (pass -k to keep)
[Metadata] Adding metadata to "/Users/marcelbuian/projects/mb/marcel-vibe/Deepium 2026/MarcelVibe/27/Phaction, Leo Wood - Electric Wires - 2021.mp3"
[EmbedThumbnail] ffmpeg: Adding thumbnail to "/Users/marcelbuian/projects/mb/marcel-vibe/Deepium 2026/MarcelVibe/27/Phaction, Leo Wood - Electric Wires - 2021.mp3"
[youtube] Extracting URL: https://www.youtube.com/watch?v=SGbterbZ7zk
[youtube] Sleeping 1.0 seconds ...
[youtube] SGbterbZ7zk: Downloading webpage
[youtube] Sleeping 1.0 seconds ...
[youtube] SGbterbZ7zk: Downloading visionos player API JSON
[youtube] Sleeping 1.0 seconds ...
[youtube] SGbterbZ7zk: Downloading m3u8 information
[youtube] [jsc:node] Solving JS challenges using node
[info] SGbterbZ7zk: Downloading 1 format(s): 251
[info] Downloading video thumbnail 41 ...
[info] Writing video thumbnail 41 to: /Users/marcelbuian/projects/mb/marcel-vibe/Deepium 2026/MarcelVibe/27/HumaNature & Tarz - Connection - 2017.webp
[ThumbnailsConvertor] Converting thumbnail "/Users/marcelbuian/projects/mb/marcel-vibe/Deepium 2026/MarcelVibe/27/HumaNature & Tarz - Connection - 2017.webp" to jpg
Deleting original file /Users/marcelbuian/projects/mb/marcel-vibe/Deepium 2026/MarcelVibe/27/HumaNature & Tarz - Connection - 2017.webp (pass -k to keep)
[download] Sleeping 2.65 seconds ...
[download] Destination: /Users/marcelbuian/projects/mb/marcel-vibe/Deepium 2026/MarcelVibe/27/HumaNature & Tarz - Connection - 2017.webm

[download]   0.0% of    5.14MiB at  515.21KiB/s ETA 00:10
[download]   0.1% of    5.14MiB at    1.24MiB/s ETA 00:04
[download]   0.1% of    5.14MiB at    2.65MiB/s ETA 00:01
[download]   0.3% of    5.14MiB at    5.32MiB/s ETA 00:00
[download]   0.6% of    5.14MiB at    8.29MiB/s ETA 00:00
[download]   1.2% of    5.14MiB at   15.06MiB/s ETA 00:00
[download]   2.4% of    5.14MiB at   26.87MiB/s ETA 00:00
[download]   4.8% of    5.14MiB at   41.86MiB/s ETA 00:00
[download]   9.7% of    5.14MiB at   43.80MiB/s ETA 00:00
[download]  19.4% of    5.14MiB at   47.42MiB/s ETA 00:00
[download]  38.9% of    5.14MiB at   25.71MiB/s ETA 00:00
[download]  77.8% of    5.14MiB at   10.15MiB/s ETA 00:00
[download] 100.0% of    5.14MiB at   12.07MiB/s ETA 00:00
[download] 100% of    5.14MiB in 00:00:00 at 7.47MiB/s   
[ExtractAudio] Destination: /Users/marcelbuian/projects/mb/marcel-vibe/Deepium 2026/MarcelVibe/27/HumaNature & Tarz - Connection - 2017.mp3
Deleting original file /Users/marcelbuian/projects/mb/marcel-vibe/Deepium 2026/MarcelVibe/27/HumaNature & Tarz - Connection - 2017.webm (pass -k to keep)
[Metadata] Adding metadata to "/Users/marcelbuian/projects/mb/marcel-vibe/Deepium 2026/MarcelVibe/27/HumaNature & Tarz - Connection - 2017.mp3"
[EmbedThumbnail] ffmpeg: Adding thumbnail to "/Users/marcelbuian/projects/mb/marcel-vibe/Deepium 2026/MarcelVibe/27/HumaNature & Tarz - Connection - 2017.mp3"
[youtube] Extracting URL: https://www.youtube.com/watch?v=hp8rDzE3Ntg
[youtube] Sleeping 1.0 seconds ...
[youtube] hp8rDzE3Ntg: Downloading webpage
[youtube] Sleeping 1.0 seconds ...
[youtube] hp8rDzE3Ntg: Downloading visionos player API JSON
[youtube] Sleeping 1.0 seconds ...
[youtube] hp8rDzE3Ntg: Downloading m3u8 information
[youtube] [jsc:node] Solving JS challenges using node
[info] hp8rDzE3Ntg: Downloading 1 format(s): 251
[info] Downloading video thumbnail 44 ...
[info] Writing video thumbnail 44 to: /Users/marcelbuian/projects/mb/marcel-vibe/Deepium 2026/MarcelVibe/27/Koven - Chase The Sun (Extended Mix) - 2023.webp
[ThumbnailsConvertor] Converting thumbnail "/Users/marcelbuian/projects/mb/marcel-vibe/Deepium 2026/MarcelVibe/27/Koven - Chase The Sun (Extended Mix) - 2023.webp" to jpg
Deleting original file /Users/marcelbuian/projects/mb/marcel-vibe/Deepium 2026/MarcelVibe/27/Koven - Chase The Sun (Extended Mix) - 2023.webp (pass -k to keep)
[download] Sleeping 2.79 seconds ...
[download] Destination: /Users/marcelbuian/projects/mb/marcel-vibe/Deepium 2026/MarcelVibe/27/Koven - Chase The Sun (Extended Mix) - 2023.webm

[download]   0.0% of    3.83MiB at  514.64KiB/s ETA 00:07
[download]   0.1% of    3.83MiB at    1.13MiB/s ETA 00:03
[download]   0.2% of    3.83MiB at    2.40MiB/s ETA 00:01
[download]   0.4% of    3.83MiB at    4.79MiB/s ETA 00:00
[download]   0.8% of    3.83MiB at    4.82MiB/s ETA 00:00
[download]   1.6% of    3.83MiB at    5.11MiB/s ETA 00:00
[download]   3.2% of    3.83MiB at    7.07MiB/s ETA 00:00
[download]   6.5% of    3.83MiB at   10.42MiB/s ETA 00:00
[download]  13.0% of    3.83MiB at   15.72MiB/s ETA 00:00
[download]  26.1% of    3.83MiB at   16.56MiB/s ETA 00:00
[download]  52.1% of    3.83MiB at    6.40MiB/s ETA 00:00
[download] 100.0% of    3.83MiB at    8.82MiB/s ETA 00:00
[download] 100% of    3.83MiB in 00:00:00 at 6.48MiB/s   
[ExtractAudio] Destination: /Users/marcelbuian/projects/mb/marcel-vibe/Deepium 2026/MarcelVibe/27/Koven - Chase The Sun (Extended Mix) - 2023.mp3
Deleting original file /Users/marcelbuian/projects/mb/marcel-vibe/Deepium 2026/MarcelVibe/27/Koven - Chase The Sun (Extended Mix) - 2023.webm (pass -k to keep)
[Metadata] Adding metadata to "/Users/marcelbuian/projects/mb/marcel-vibe/Deepium 2026/MarcelVibe/27/Koven - Chase The Sun (Extended Mix) - 2023.mp3"
[EmbedThumbnail] ffmpeg: Adding thumbnail to "/Users/marcelbuian/projects/mb/marcel-vibe/Deepium 2026/MarcelVibe/27/Koven - Chase The Sun (Extended Mix) - 2023.mp3"
[youtube] Extracting URL: https://www.youtube.com/watch?v=AVIl88WjCf8
[youtube] Sleeping 1.0 seconds ...
[youtube] AVIl88WjCf8: Downloading webpage
[youtube] Sleeping 1.0 seconds ...
[youtube] AVIl88WjCf8: Downloading visionos player API JSON
[youtube] Sleeping 1.0 seconds ...
[youtube] AVIl88WjCf8: Downloading m3u8 information
[youtube] [jsc:node] Solving JS challenges using node
[info] AVIl88WjCf8: Downloading 1 format(s): 251
[info] Downloading video thumbnail 41 ...
[info] Writing video thumbnail 41 to: /Users/marcelbuian/projects/mb/marcel-vibe/Deepium 2026/MarcelVibe/27/Reflekt feat Delline Bass - Need To Feel Loved (Matrix Remix) - 2022.webp
[ThumbnailsConvertor] Converting thumbnail "/Users/marcelbuian/projects/mb/marcel-vibe/Deepium 2026/MarcelVibe/27/Reflekt feat Delline Bass - Need To Feel Loved (Matrix Remix) - 2022.webp" to jpg
Deleting original file /Users/marcelbuian/projects/mb/marcel-vibe/Deepium 2026/MarcelVibe/27/Reflekt feat Delline Bass - Need To Feel Loved (Matrix Remix) - 2022.webp (pass -k to keep)
[download] Sleeping 1.66 seconds ...
[download] Destination: /Users/marcelbuian/projects/mb/marcel-vibe/Deepium 2026/MarcelVibe/27/Reflekt feat Delline Bass - Need To Feel Loved (Matrix Remix) - 2022.webm

[download]   0.0% of    4.11MiB at  538.84KiB/s ETA 00:07
[download]   0.1% of    4.11MiB at    1.12MiB/s ETA 00:03
[download]   0.2% of    4.11MiB at    2.29MiB/s ETA 00:01
[download]   0.4% of    4.11MiB at    4.56MiB/s ETA 00:00
[download]   0.7% of    4.11MiB at    4.98MiB/s ETA 00:00
[download]   1.5% of    4.11MiB at    4.99MiB/s ETA 00:00
[download]   3.0% of    4.11MiB at    3.18MiB/s ETA 00:01
[download]   6.1% of    4.11MiB at    3.20MiB/s ETA 00:01
[download]  12.1% of    4.11MiB at    4.29MiB/s ETA 00:00
[download]  24.3% of    4.11MiB at    6.46MiB/s ETA 00:00
[download]  48.6% of    4.11MiB at    9.12MiB/s ETA 00:00
[download]  97.2% of    4.11MiB at    6.22MiB/s ETA 00:00
[download] 100.0% of    4.11MiB at    6.36MiB/s ETA 00:00
[download] 100% of    4.11MiB in 00:00:00 at 4.42MiB/s   
[ExtractAudio] Destination: /Users/marcelbuian/projects/mb/marcel-vibe/Deepium 2026/MarcelVibe/27/Reflekt feat Delline Bass - Need To Feel Loved (Matrix Remix) - 2022.mp3
Deleting original file /Users/marcelbuian/projects/mb/marcel-vibe/Deepium 2026/MarcelVibe/27/Reflekt feat Delline Bass - Need To Feel Loved (Matrix Remix) - 2022.webm (pass -k to keep)
[Metadata] Adding metadata to "/Users/marcelbuian/projects/mb/marcel-vibe/Deepium 2026/MarcelVibe/27/Reflekt feat Delline Bass - Need To Feel Loved (Matrix Remix) - 2022.mp3"
[EmbedThumbnail] ffmpeg: Adding thumbnail to "/Users/marcelbuian/projects/mb/marcel-vibe/Deepium 2026/MarcelVibe/27/Reflekt feat Delline Bass - Need To Feel Loved (Matrix Remix) - 2022.mp3"
[youtube] Extracting URL: https://www.youtube.com/watch?v=KMCcuXslozs
[youtube] Sleeping 1.0 seconds ...
[youtube] KMCcuXslozs: Downloading webpage
[youtube] Sleeping 1.0 seconds ...
[youtube] KMCcuXslozs: Downloading visionos player API JSON
[youtube] Sleeping 1.0 seconds ...
[youtube] KMCcuXslozs: Downloading m3u8 information
[youtube] [jsc:node] Solving JS challenges using node
[info] KMCcuXslozs: Downloading 1 format(s): 251
[info] Downloading video thumbnail 41 ...
[info] Writing video thumbnail 41 to: /Users/marcelbuian/projects/mb/marcel-vibe/Deepium 2026/MarcelVibe/27/Technicolour, Komatic - The Glow - 2012.webp
[ThumbnailsConvertor] Converting thumbnail "/Users/marcelbuian/projects/mb/marcel-vibe/Deepium 2026/MarcelVibe/27/Technicolour, Komatic - The Glow - 2012.webp" to jpg
Deleting original file /Users/marcelbuian/projects/mb/marcel-vibe/Deepium 2026/MarcelVibe/27/Technicolour, Komatic - The Glow - 2012.webp (pass -k to keep)
[download] Sleeping 1.56 seconds ...
[download] Destination: /Users/marcelbuian/projects/mb/marcel-vibe/Deepium 2026/MarcelVibe/27/Technicolour, Komatic - The Glow - 2012.webm

[download]   0.0% of    5.70MiB at  481.66KiB/s ETA 00:12
[download]   0.1% of    5.70MiB at    1.08MiB/s ETA 00:05
[download]   0.1% of    5.70MiB at    2.33MiB/s ETA 00:02
[download]   0.3% of    5.70MiB at    4.67MiB/s ETA 00:01
[download]   0.5% of    5.70MiB at    4.66MiB/s ETA 00:01
[download]   1.1% of    5.70MiB at    5.21MiB/s ETA 00:01
[download]   2.2% of    5.70MiB at    7.59MiB/s ETA 00:00
[download]   4.4% of    5.70MiB at   10.82MiB/s ETA 00:00
[download]   8.8% of    5.70MiB at   14.68MiB/s ETA 00:00
[download]  17.5% of    5.70MiB at   15.65MiB/s ETA 00:00
[download]  35.1% of    5.70MiB at   15.24MiB/s ETA 00:00
[download]  70.2% of    5.70MiB at   22.68MiB/s ETA 00:00
[download] 100.0% of    5.70MiB at   13.67MiB/s ETA 00:00
[download] 100% of    5.70MiB in 00:00:00 at 8.05MiB/s   
[ExtractAudio] Destination: /Users/marcelbuian/projects/mb/marcel-vibe/Deepium 2026/MarcelVibe/27/Technicolour, Komatic - The Glow - 2012.mp3
Deleting original file /Users/marcelbuian/projects/mb/marcel-vibe/Deepium 2026/MarcelVibe/27/Technicolour, Komatic - The Glow - 2012.webm (pass -k to keep)
[Metadata] Adding metadata to "/Users/marcelbuian/projects/mb/marcel-vibe/Deepium 2026/MarcelVibe/27/Technicolour, Komatic - The Glow - 2012.mp3"
[EmbedThumbnail] ffmpeg: Adding thumbnail to "/Users/marcelbuian/projects/mb/marcel-vibe/Deepium 2026/MarcelVibe/27/Technicolour, Komatic - The Glow - 2012.mp3"
[youtube] Extracting URL: https://www.youtube.com/watch?v=W-U5Zg6OmrU
[youtube] Sleeping 1.0 seconds ...
[youtube] W-U5Zg6OmrU: Downloading webpage
[youtube] Sleeping 1.0 seconds ...
[youtube] W-U5Zg6OmrU: Downloading visionos player API JSON
[youtube] Sleeping 1.0 seconds ...
[youtube] W-U5Zg6OmrU: Downloading m3u8 information
[youtube] [jsc:node] Solving JS challenges using node
[info] W-U5Zg6OmrU: Downloading 1 format(s): 251
[info] Downloading video thumbnail 41 ...
[info] Writing video thumbnail 41 to: /Users/marcelbuian/projects/mb/marcel-vibe/Deepium 2026/MarcelVibe/27/Culture Shock - Renaissance - 2019.webp
[ThumbnailsConvertor] Converting thumbnail "/Users/marcelbuian/projects/mb/marcel-vibe/Deepium 2026/MarcelVibe/27/Culture Shock - Renaissance - 2019.webp" to jpg
Deleting original file /Users/marcelbuian/projects/mb/marcel-vibe/Deepium 2026/MarcelVibe/27/Culture Shock - Renaissance - 2019.webp (pass -k to keep)
[download] Sleeping 2.23 seconds ...
[download] Destination: /Users/marcelbuian/projects/mb/marcel-vibe/Deepium 2026/MarcelVibe/27/Culture Shock - Renaissance - 2019.webm

[download]   0.0% of    3.87MiB at  514.13KiB/s ETA 00:07
[download]   0.1% of    3.87MiB at    1.17MiB/s ETA 00:03
[download]   0.2% of    3.87MiB at    2.54MiB/s ETA 00:01
[download]   0.4% of    3.87MiB at    5.10MiB/s ETA 00:00
[download]   0.8% of    3.87MiB at    4.90MiB/s ETA 00:00
[download]   1.6% of    3.87MiB at    5.20MiB/s ETA 00:00
[download]   3.2% of    3.87MiB at    7.04MiB/s ETA 00:00
[download]   6.4% of    3.87MiB at   10.03MiB/s ETA 00:00
[download]  12.9% of    3.87MiB at   14.71MiB/s ETA 00:00
[download]  25.8% of    3.87MiB at   15.41MiB/s ETA 00:00
[download]  51.6% of    3.87MiB at   15.20MiB/s ETA 00:00
[download] 100.0% of    3.87MiB at   22.39MiB/s ETA 00:00
[download] 100% of    3.87MiB in 00:00:00 at 14.29MiB/s  
[ExtractAudio] Destination: /Users/marcelbuian/projects/mb/marcel-vibe/Deepium 2026/MarcelVibe/27/Culture Shock - Renaissance - 2019.mp3
Deleting original file /Users/marcelbuian/projects/mb/marcel-vibe/Deepium 2026/MarcelVibe/27/Culture Shock - Renaissance - 2019.webm (pass -k to keep)
[Metadata] Adding metadata to "/Users/marcelbuian/projects/mb/marcel-vibe/Deepium 2026/MarcelVibe/27/Culture Shock - Renaissance - 2019.mp3"
[EmbedThumbnail] ffmpeg: Adding thumbnail to "/Users/marcelbuian/projects/mb/marcel-vibe/Deepium 2026/MarcelVibe/27/Culture Shock - Renaissance - 2019.mp3"
[youtube] Extracting URL: https://www.youtube.com/watch?v=_Up8yNILt_o
[youtube] Sleeping 1.0 seconds ...
[youtube] _Up8yNILt_o: Downloading webpage
[youtube] Sleeping 1.0 seconds ...
[youtube] _Up8yNILt_o: Downloading visionos player API JSON
[youtube] Sleeping 1.0 seconds ...
[youtube] _Up8yNILt_o: Downloading m3u8 information
[youtube] [jsc:node] Solving JS challenges using node
[info] _Up8yNILt_o: Downloading 1 format(s): 251
[info] Downloading video thumbnail 41 ...
[info] Writing video thumbnail 41 to: /Users/marcelbuian/projects/mb/marcel-vibe/Deepium 2026/MarcelVibe/27/Grafix - Radiance - 2019.webp
[ThumbnailsConvertor] Converting thumbnail "/Users/marcelbuian/projects/mb/marcel-vibe/Deepium 2026/MarcelVibe/27/Grafix - Radiance - 2019.webp" to jpg
Deleting original file /Users/marcelbuian/projects/mb/marcel-vibe/Deepium 2026/MarcelVibe/27/Grafix - Radiance - 2019.webp (pass -k to keep)
[download] Sleeping 2.29 seconds ...
[download] Destination: /Users/marcelbuian/projects/mb/marcel-vibe/Deepium 2026/MarcelVibe/27/Grafix - Radiance - 2019.webm

[download]   0.0% of    3.95MiB at  118.44KiB/s ETA 00:34
[download]   0.1% of    3.95MiB at  335.80KiB/s ETA 00:12
[download]   0.2% of    3.95MiB at  766.80KiB/s ETA 00:05
[download]   0.4% of    3.95MiB at    1.58MiB/s ETA 00:02
[download]   0.8% of    3.95MiB at    1.20MiB/s ETA 00:03
[download]   1.6% of    3.95MiB at    1.41MiB/s ETA 00:02
[download]   3.1% of    3.95MiB at    1.52MiB/s ETA 00:02
[download]   6.3% of    3.95MiB at    1.61MiB/s ETA 00:02
[download]  12.6% of    3.95MiB at  910.26KiB/s ETA 00:03
[download]  25.3% of    3.95MiB at  630.42KiB/s ETA 00:04
[download]  37.2% of    3.95MiB at  626.97KiB/s ETA 00:04
[download]  52.5% of    3.95MiB at  590.85KiB/s ETA 00:03
[download]  65.3% of    3.95MiB at  540.53KiB/s ETA 00:02
[download]  75.2% of    3.95MiB at  527.17KiB/s ETA 00:01
[download]  86.4% of    3.95MiB at  412.95KiB/s ETA 00:01
[download]  92.0% of    3.95MiB at  420.08KiB/s ETA 00:00
[download] 100.0% of    3.95MiB at  436.63KiB/s ETA 00:00
[download] 100% of    3.95MiB in 00:00:09 at 411.03KiB/s 
[ExtractAudio] Destination: /Users/marcelbuian/projects/mb/marcel-vibe/Deepium 2026/MarcelVibe/27/Grafix - Radiance - 2019.mp3
Deleting original file /Users/marcelbuian/projects/mb/marcel-vibe/Deepium 2026/MarcelVibe/27/Grafix - Radiance - 2019.webm (pass -k to keep)
[Metadata] Adding metadata to "/Users/marcelbuian/projects/mb/marcel-vibe/Deepium 2026/MarcelVibe/27/Grafix - Radiance - 2019.mp3"
[EmbedThumbnail] ffmpeg: Adding thumbnail to "/Users/marcelbuian/projects/mb/marcel-vibe/Deepium 2026/MarcelVibe/27/Grafix - Radiance - 2019.mp3"
[youtube] Extracting URL: https://www.youtube.com/watch?v=2p2BWpv0raI
[youtube] Sleeping 1.0 seconds ...
[youtube] 2p2BWpv0raI: Downloading webpage
[youtube] Sleeping 1.0 seconds ...
[youtube] 2p2BWpv0raI: Downloading visionos player API JSON
[youtube] Sleeping 1.0 seconds ...
[youtube] 2p2BWpv0raI: Downloading m3u8 information
[youtube] [jsc:node] Solving JS challenges using node
[info] 2p2BWpv0raI: Downloading 1 format(s): 251
[info] Downloading video thumbnail 41 ...
[info] Writing video thumbnail 41 to: /Users/marcelbuian/projects/mb/marcel-vibe/Deepium 2026/MarcelVibe/27/Sub Focus - Rock It (Wilkinson Remix) - 2021.webp
[ThumbnailsConvertor] Converting thumbnail "/Users/marcelbuian/projects/mb/marcel-vibe/Deepium 2026/MarcelVibe/27/Sub Focus - Rock It (Wilkinson Remix) - 2021.webp" to jpg
Deleting original file /Users/marcelbuian/projects/mb/marcel-vibe/Deepium 2026/MarcelVibe/27/Sub Focus - Rock It (Wilkinson Remix) - 2021.webp (pass -k to keep)
[download] Sleeping 2.48 seconds ...
[download] Destination: /Users/marcelbuian/projects/mb/marcel-vibe/Deepium 2026/MarcelVibe/27/Sub Focus - Rock It (Wilkinson Remix) - 2021.webm

[download]   0.0% of    4.20MiB at  484.50KiB/s ETA 00:08
[download]   0.1% of    4.20MiB at    1.26MiB/s ETA 00:03
[download]   0.2% of    4.20MiB at    2.81MiB/s ETA 00:01
[download]   0.3% of    4.20MiB at    5.80MiB/s ETA 00:00
[download]   0.7% of    4.20MiB at    4.57MiB/s ETA 00:00
[download]   1.5% of    4.20MiB at    5.03MiB/s ETA 00:00
[download]   3.0% of    4.20MiB at    7.78MiB/s ETA 00:00
[download]   5.9% of    4.20MiB at   10.01MiB/s ETA 00:00
[download]  11.9% of    4.20MiB at   14.87MiB/s ETA 00:00
[download]  23.8% of    4.20MiB at    9.68MiB/s ETA 00:00
[download]  47.6% of    4.20MiB at    8.26MiB/s ETA 00:00
[download]  95.2% of    4.20MiB at    7.04MiB/s ETA 00:00
[download] 100.0% of    4.20MiB at    6.37MiB/s ETA 00:00
[download] 100% of    4.20MiB in 00:00:00 at 5.01MiB/s   
[ExtractAudio] Destination: /Users/marcelbuian/projects/mb/marcel-vibe/Deepium 2026/MarcelVibe/27/Sub Focus - Rock It (Wilkinson Remix) - 2021.mp3
Deleting original file /Users/marcelbuian/projects/mb/marcel-vibe/Deepium 2026/MarcelVibe/27/Sub Focus - Rock It (Wilkinson Remix) - 2021.webm (pass -k to keep)
[Metadata] Adding metadata to "/Users/marcelbuian/projects/mb/marcel-vibe/Deepium 2026/MarcelVibe/27/Sub Focus - Rock It (Wilkinson Remix) - 2021.mp3"
[EmbedThumbnail] ffmpeg: Adding thumbnail to "/Users/marcelbuian/projects/mb/marcel-vibe/Deepium 2026/MarcelVibe/27/Sub Focus - Rock It (Wilkinson Remix) - 2021.mp3"
[youtube] Extracting URL: https://www.youtube.com/watch?v=OLfxiDmQr0Y
[youtube] Sleeping 1.0 seconds ...
[youtube] OLfxiDmQr0Y: Downloading webpage
[youtube] Sleeping 1.0 seconds ...
[youtube] OLfxiDmQr0Y: Downloading visionos player API JSON
[youtube] Sleeping 1.0 seconds ...
[youtube] OLfxiDmQr0Y: Downloading m3u8 information
[youtube] [jsc:node] Solving JS challenges using node
[info] OLfxiDmQr0Y: Downloading 1 format(s): 251
[info] Downloading video thumbnail 41 ...
[info] Writing video thumbnail 41 to: /Users/marcelbuian/projects/mb/marcel-vibe/Deepium 2026/MarcelVibe/27/Wilkinson - Decompression - 2018.webp
[ThumbnailsConvertor] Converting thumbnail "/Users/marcelbuian/projects/mb/marcel-vibe/Deepium 2026/MarcelVibe/27/Wilkinson - Decompression - 2018.webp" to jpg
Deleting original file /Users/marcelbuian/projects/mb/marcel-vibe/Deepium 2026/MarcelVibe/27/Wilkinson - Decompression - 2018.webp (pass -k to keep)
[download] Sleeping 2.16 seconds ...
[download] Destination: /Users/marcelbuian/projects/mb/marcel-vibe/Deepium 2026/MarcelVibe/27/Wilkinson - Decompression - 2018.webm

[download]   0.0% of    4.10MiB at  Unknown B/s ETA Unknown
[download]   0.1% of    4.10MiB at    1.92MiB/s ETA 00:02  
[download]   0.2% of    4.10MiB at    3.69MiB/s ETA 00:01
[download]   0.4% of    4.10MiB at    6.82MiB/s ETA 00:00
[download]   0.7% of    4.10MiB at   11.99MiB/s ETA 00:00
[download]   1.5% of    4.10MiB at   20.17MiB/s ETA 00:00
[download]   3.0% of    4.10MiB at   36.05MiB/s ETA 00:00
[download]   6.1% of    4.10MiB at   18.06MiB/s ETA 00:00
[download]  12.2% of    4.10MiB at   16.01MiB/s ETA 00:00
[download]  24.3% of    4.10MiB at   16.01MiB/s ETA 00:00
[download]  48.7% of    4.10MiB at   15.38MiB/s ETA 00:00
[download]  97.4% of    4.10MiB at    8.95MiB/s ETA 00:00
[download] 100.0% of    4.10MiB at    9.12MiB/s ETA 00:00
[download] 100% of    4.10MiB in 00:00:00 at 7.14MiB/s   
[ExtractAudio] Destination: /Users/marcelbuian/projects/mb/marcel-vibe/Deepium 2026/MarcelVibe/27/Wilkinson - Decompression - 2018.mp3
Deleting original file /Users/marcelbuian/projects/mb/marcel-vibe/Deepium 2026/MarcelVibe/27/Wilkinson - Decompression - 2018.webm (pass -k to keep)
[Metadata] Adding metadata to "/Users/marcelbuian/projects/mb/marcel-vibe/Deepium 2026/MarcelVibe/27/Wilkinson - Decompression - 2018.mp3"
[EmbedThumbnail] ffmpeg: Adding thumbnail to "/Users/marcelbuian/projects/mb/marcel-vibe/Deepium 2026/MarcelVibe/27/Wilkinson - Decompression - 2018.mp3"
[youtube] Extracting URL: https://www.youtube.com/watch?v=BiCBvCcFEDg
[youtube] Sleeping 1.0 seconds ...
[youtube] BiCBvCcFEDg: Downloading webpage
[youtube] Sleeping 1.0 seconds ...
[youtube] BiCBvCcFEDg: Downloading visionos player API JSON
[youtube] Sleeping 1.0 seconds ...
[youtube] BiCBvCcFEDg: Downloading m3u8 information
[youtube] [jsc:node] Solving JS challenges using node
[info] BiCBvCcFEDg: Downloading 1 format(s): 251
[info] Downloading video thumbnail 41 ...
[info] Writing video thumbnail 41 to: /Users/marcelbuian/projects/mb/marcel-vibe/Deepium 2026/MarcelVibe/27/Wilkinson ft. Hayla - I Need (Wilkinson & Metrik Remix) - 2018.webp
[ThumbnailsConvertor] Converting thumbnail "/Users/marcelbuian/projects/mb/marcel-vibe/Deepium 2026/MarcelVibe/27/Wilkinson ft. Hayla - I Need (Wilkinson & Metrik Remix) - 2018.webp" to jpg
Deleting original file /Users/marcelbuian/projects/mb/marcel-vibe/Deepium 2026/MarcelVibe/27/Wilkinson ft. Hayla - I Need (Wilkinson & Metrik Remix) - 2018.webp (pass -k to keep)
[download] Sleeping 1.74 seconds ...
[download] Destination: /Users/marcelbuian/projects/mb/marcel-vibe/Deepium 2026/MarcelVibe/27/Wilkinson ft. Hayla - I Need (Wilkinson & Metrik Remix) - 2018.webm

[download]   0.0% of    3.99MiB at  550.07KiB/s ETA 00:07
[download]   0.1% of    3.99MiB at    1.23MiB/s ETA 00:03
[download]   0.2% of    3.99MiB at    2.58MiB/s ETA 00:01
[download]   0.4% of    3.99MiB at    5.08MiB/s ETA 00:00
[download]   0.8% of    3.99MiB at    4.17MiB/s ETA 00:00
[download]   1.5% of    3.99MiB at    5.10MiB/s ETA 00:00
[download]   3.1% of    3.99MiB at    8.14MiB/s ETA 00:00
[download]   6.2% of    3.99MiB at    9.23MiB/s ETA 00:00
[download]  12.5% of    3.99MiB at   14.65MiB/s ETA 00:00
[download]  25.0% of    3.99MiB at   14.43MiB/s ETA 00:00
[download]  50.1% of    3.99MiB at   10.60MiB/s ETA 00:00
[download] 100.0% of    3.99MiB at   12.41MiB/s ETA 00:00
[download] 100% of    3.99MiB in 00:00:00 at 8.91MiB/s   
[ExtractAudio] Destination: /Users/marcelbuian/projects/mb/marcel-vibe/Deepium 2026/MarcelVibe/27/Wilkinson ft. Hayla - I Need (Wilkinson & Metrik Remix) - 2018.mp3
Deleting original file /Users/marcelbuian/projects/mb/marcel-vibe/Deepium 2026/MarcelVibe/27/Wilkinson ft. Hayla - I Need (Wilkinson & Metrik Remix) - 2018.webm (pass -k to keep)
[Metadata] Adding metadata to "/Users/marcelbuian/projects/mb/marcel-vibe/Deepium 2026/MarcelVibe/27/Wilkinson ft. Hayla - I Need (Wilkinson & Metrik Remix) - 2018.mp3"
[EmbedThumbnail] ffmpeg: Adding thumbnail to "/Users/marcelbuian/projects/mb/marcel-vibe/Deepium 2026/MarcelVibe/27/Wilkinson ft. Hayla - I Need (Wilkinson & Metrik Remix) - 2018.mp3"
[youtube] Extracting URL: https://www.youtube.com/watch?v=5FkK4ZxYXPM
[youtube] Sleeping 1.0 seconds ...
[youtube] 5FkK4ZxYXPM: Downloading webpage
[youtube] Sleeping 1.0 seconds ...
[youtube] 5FkK4ZxYXPM: Downloading visionos player API JSON
[youtube] Sleeping 1.0 seconds ...
[youtube] 5FkK4ZxYXPM: Downloading m3u8 information
[youtube] [jsc:node] Solving JS challenges using node
[info] 5FkK4ZxYXPM: Downloading 1 format(s): 251
[info] Downloading video thumbnail 41 ...
[info] Writing video thumbnail 41 to: /Users/marcelbuian/projects/mb/marcel-vibe/Deepium 2026/MarcelVibe/27/Tantrum Desire - Cluster - 2024.webp
[ThumbnailsConvertor] Converting thumbnail "/Users/marcelbuian/projects/mb/marcel-vibe/Deepium 2026/MarcelVibe/27/Tantrum Desire - Cluster - 2024.webp" to jpg
Deleting original file /Users/marcelbuian/projects/mb/marcel-vibe/Deepium 2026/MarcelVibe/27/Tantrum Desire - Cluster - 2024.webp (pass -k to keep)
[download] Sleeping 1.31 seconds ...
[download] Destination: /Users/marcelbuian/projects/mb/marcel-vibe/Deepium 2026/MarcelVibe/27/Tantrum Desire - Cluster - 2024.webm

[download]   0.0% of    3.81MiB at  Unknown B/s ETA Unknown
[download]   0.1% of    3.81MiB at    2.71MiB/s ETA 00:01  
[download]   0.2% of    3.81MiB at    5.70MiB/s ETA 00:00
[download]   0.4% of    3.81MiB at   11.27MiB/s ETA 00:00
[download]   0.8% of    3.81MiB at   21.50MiB/s ETA 00:00
[download]   1.6% of    3.81MiB at   39.04MiB/s ETA 00:00
[download]   3.3% of    3.81MiB at   24.89MiB/s ETA 00:00
[download]   6.5% of    3.81MiB at   12.93MiB/s ETA 00:00
[download]  13.1% of    3.81MiB at   16.46MiB/s ETA 00:00
[download]  26.2% of    3.81MiB at   14.68MiB/s ETA 00:00
[download]  52.4% of    3.81MiB at   14.19MiB/s ETA 00:00
[download] 100.0% of    3.81MiB at   21.66MiB/s ETA 00:00
[download] 100% of    3.81MiB in 00:00:00 at 15.61MiB/s  
[ExtractAudio] Destination: /Users/marcelbuian/projects/mb/marcel-vibe/Deepium 2026/MarcelVibe/27/Tantrum Desire - Cluster - 2024.mp3
Deleting original file /Users/marcelbuian/projects/mb/marcel-vibe/Deepium 2026/MarcelVibe/27/Tantrum Desire - Cluster - 2024.webm (pass -k to keep)
[Metadata] Adding metadata to "/Users/marcelbuian/projects/mb/marcel-vibe/Deepium 2026/MarcelVibe/27/Tantrum Desire - Cluster - 2024.mp3"
[EmbedThumbnail] ffmpeg: Adding thumbnail to "/Users/marcelbuian/projects/mb/marcel-vibe/Deepium 2026/MarcelVibe/27/Tantrum Desire - Cluster - 2024.mp3"
[youtube] Extracting URL: https://www.youtube.com/watch?v=cVTYlslce0w
[youtube] Sleeping 1.0 seconds ...
[youtube] cVTYlslce0w: Downloading webpage
[youtube] Sleeping 1.0 seconds ...
[youtube] cVTYlslce0w: Downloading visionos player API JSON
[youtube] Sleeping 1.0 seconds ...
[youtube] cVTYlslce0w: Downloading m3u8 information
[youtube] [jsc:node] Solving JS challenges using node
[info] cVTYlslce0w: Downloading 1 format(s): 140
[info] Downloading video thumbnail 41 ...
[info] Writing video thumbnail 41 to: /Users/marcelbuian/projects/mb/marcel-vibe/Deepium 2026/MarcelVibe/27/Gydra-Ikra (mixed by Nefertem) - 2019.webp
[ThumbnailsConvertor] Converting thumbnail "/Users/marcelbuian/projects/mb/marcel-vibe/Deepium 2026/MarcelVibe/27/Gydra-Ikra (mixed by Nefertem) - 2019.webp" to jpg
Deleting original file /Users/marcelbuian/projects/mb/marcel-vibe/Deepium 2026/MarcelVibe/27/Gydra-Ikra (mixed by Nefertem) - 2019.webp (pass -k to keep)
[download] Sleeping 1.36 seconds ...
[download] Destination: /Users/marcelbuian/projects/mb/marcel-vibe/Deepium 2026/MarcelVibe/27/Gydra-Ikra (mixed by Nefertem) - 2019.m4a

[download]   0.0% of    4.47MiB at  874.91KiB/s ETA 00:05
[download]   0.1% of    4.47MiB at    1.72MiB/s ETA 00:02
[download]   0.2% of    4.47MiB at    3.54MiB/s ETA 00:01
[download]   0.3% of    4.47MiB at    6.89MiB/s ETA 00:00
[download]   0.7% of    4.47MiB at   12.73MiB/s ETA 00:00
[download]   1.4% of    4.47MiB at   22.77MiB/s ETA 00:00
[download]   2.8% of    4.47MiB at   19.59MiB/s ETA 00:00
[download]   5.6% of    4.47MiB at   16.47MiB/s ETA 00:00
[download]  11.2% of    4.47MiB at   15.42MiB/s ETA 00:00
[download]  22.3% of    4.47MiB at   15.16MiB/s ETA 00:00
[download]  44.7% of    4.47MiB at   15.26MiB/s ETA 00:00
[download]  89.4% of    4.47MiB at    6.61MiB/s ETA 00:00
[download] 100.0% of    4.47MiB at    4.44MiB/s ETA 00:00
[download] 100% of    4.47MiB in 00:00:01 at 3.19MiB/s   
[FixupM4a] Correcting container of "/Users/marcelbuian/projects/mb/marcel-vibe/Deepium 2026/MarcelVibe/27/Gydra-Ikra (mixed by Nefertem) - 2019.m4a"
[ExtractAudio] Destination: /Users/marcelbuian/projects/mb/marcel-vibe/Deepium 2026/MarcelVibe/27/Gydra-Ikra (mixed by Nefertem) - 2019.mp3
Deleting original file /Users/marcelbuian/projects/mb/marcel-vibe/Deepium 2026/MarcelVibe/27/Gydra-Ikra (mixed by Nefertem) - 2019.m4a (pass -k to keep)
[Metadata] Adding metadata to "/Users/marcelbuian/projects/mb/marcel-vibe/Deepium 2026/MarcelVibe/27/Gydra-Ikra (mixed by Nefertem) - 2019.mp3"
[EmbedThumbnail] ffmpeg: Adding thumbnail to "/Users/marcelbuian/projects/mb/marcel-vibe/Deepium 2026/MarcelVibe/27/Gydra-Ikra (mixed by Nefertem) - 2019.mp3"
Reading URLs from STDIN - EOF (Ctrl+D) to end:
