first_added,plays,last_played,artist,title,youtube,year
2026-09-04T09:47:59,2,2026-09-08T07:27:11,ST.EGO,Ksenia,https://www.youtube.com/watch?v=k7s1cIcWAUM,2026
2026-09-04T09:53:41,2,2026-09-08T07:36:56,Wodash Stogh,Storm,https://www.youtube.com/watch?v=7TmwadINuqM,2025
2026-09-04T09:58:07,20,2026-09-11T04:57:37,M-sol Deep,Ocean and Whales,,
2026-09-04T10:02:10,2,2026-09-08T07:44:58,Dangelo Witker,Lest's Flow,,
2026-09-04T10:05:46,2,2026-09-08T07:52:28,Emi Brandan,Feel Natural,https://www.youtube.com/watch?v=vAGSlVnWMv0,2025
2026-09-04T10:10:34,20,2026-09-11T05:10:00,Desert Dwellers,Traversing the Endless Road (Anton Tumas Remix),https://www.youtube.com/watch?v=SYSDnwgepyc,2026
2026-09-04T10:15:13,2,2026-09-08T07:57:16,Erdi Irmak,Signal Lost,https://www.youtube.com/watch?v=Q0k3a8gvhY0,2025
2026-09-04T10:19:56,2,2026-09-08T08:04:55,Dsf,Mystika (Lost Desert Remix),https://www.youtube.com/watch?v=MR1Vi7aRpx0,2020
2026-09-04T10:23:55,20,2026-09-11T05:21:56,Dune Echo,Area 51,https://www.youtube.com/watch?v=lVvTdIWArdA,2025
2026-09-04T10:27:35,2,2026-09-08T08:08:58,El Mundo & Zazou,All Along the Way,https://www.youtube.com/watch?v=98DbtRk6P6c,2020
2026-09-04T10:31:20,2,2026-09-08T08:16:51,ST.EGO,Time Stands Still,https://www.youtube.com/watch?v=m8D3UFS7-9s,2026
2026-09-04T10:36:04,20,2026-09-11T05:31:14,Nicolas Viana,Blaze (Molac Remix),https://www.youtube.com/watch?v=sxRAKD6Mh4U,2025
2026-09-04T10:40:56,2,2026-09-08T08:21:34,Scabeni,Mists of Time,https://www.youtube.com/watch?v=qoQ01TSInpI,2021
2026-09-04T10:44:41,2,2026-09-08T08:28:51,Aiwaska & Starving Yet Full,Lost Dream,https://www.youtube.com/watch?v=zp3bfsvMgPo,2021
2026-09-04T10:49:43,19,2026-09-11T05:40:27,Niko Ava,Amazonia,https://www.youtube.com/watch?v=QufS0dkOxzU,2025
2026-09-04T10:54:26,2,2026-09-08T08:33:52,Sebastian Sellares,Garden of Eden,https://www.youtube.com/watch?v=FX8hBmgAbsM,2021
2026-09-04T10:58:34,19,2026-09-11T05:54:56,Taleon,Laneia,https://www.youtube.com/watch?v=2Wjl6yXep50,2026
2026-09-04T11:02:32,2,2026-09-08T08:42:03,Hraach & Armen Miran,NowHere,https://www.youtube.com/watch?v=P5HUNRUT-nY,2019
2026-09-04T11:05:46,19,2026-09-11T06:08:44,Amonita,Frozen Soul,https://www.youtube.com/watch?v=m3a3PYgMI2w,2026
2026-09-04T11:09:26,2,2026-09-08T08:45:16,Hitlis,Wake Up,https://www.youtube.com/watch?v=Ity_PK31XvA,2025
2026-09-04T11:14:23,2,2026-09-08T08:55:28,Limara,Dragonfly,https://www.youtube.com/watch?v=XzLNKZs1HUo,2025
2026-09-04T11:17:32,19,2026-09-11T06:20:44,Slow Ted,Antarctica (K.O.G.A.N Remix),https://www.youtube.com/watch?v=T-XF7-Px264,2025
2026-09-04T11:21:26,2,2026-09-08T09:03:52,Bk Yatra,Echoes of the Savannah,https://www.youtube.com/watch?v=XVnhUefedfI,2026
2026-09-04T11:24:49,2,2026-09-08T09:10:24,Chris Cargo,Shinichi,https://www.youtube.com/watch?v=hECRAHKFTec,2022
2026-09-04T11:28:02,18,2026-09-11T06:33:56,Anton Ishutin,Tale of Infinity,https://www.youtube.com/watch?v=T-vznICBdPg,2026
2026-09-04T11:30:58,2,2026-09-08T09:13:37,FON.LEMAN,Vanassa,https://www.youtube.com/watch?v=42DAHSZOsEI,2026
2026-09-04T11:35:24,2,2026-09-08T09:23:00,Gorge,Indian Summer,https://www.youtube.com/watch?v=84yPBf1VN08,2026
2026-09-04T11:41:37,18,2026-09-11T06:46:14,Glenn Morrison & Night Waves (Uk),Underneath The Frequency,,
2026-09-04T11:45:49,2,2026-09-08T09:29:18,Limetra & Ranta,Caravan,https://www.youtube.com/watch?v=MrEzN8_oLLA,2026
2026-09-04T11:49:43,2,2026-09-08T09:38:31,Ivor Zegra,Escape From Heaven,https://www.youtube.com/watch?v=f4cwRdD7PWc,2026
2026-09-04T11:54:27,18,2026-09-11T06:54:16,Greg Ochman,Hot Casa,https://www.youtube.com/watch?v=WWpU-1mtV-Q,2026
2026-09-04T11:58:03,2,2026-09-08T09:43:15,Cafe de Anatolia,Karwan,https://www.youtube.com/watch?v=Pdv5Q8Dum7s,2026
2026-09-04T12:01:57,2,2026-09-08T09:51:26,Matur,Teri Marzi,https://www.youtube.com/watch?v=WYNSgE5t3UQ,2026
2026-09-04T12:07:12,17,2026-09-11T07:02:31,Marc Samuel,Zen Beach,,
2026-09-04T12:11:15,2,2026-09-08T09:56:40,Carlos Bacchus,Sirio,https://www.youtube.com/watch?v=b0RvIEa3zfk,2026
2026-09-04T12:15:54,17,2026-09-11T07:16:46,Limetra & Ranta,Bloom,https://www.youtube.com/watch?v=CLGHQNWSdUk,2026
2026-09-04T12:21:09,2,2026-09-08T10:05:32,David Petros,Mongo,https://www.youtube.com/watch?v=Ndwt66uUrho,2026
2026-09-04T12:25:43,17,2026-09-11T07:31:23,Nichols & Roark,Melodica,https://www.youtube.com/watch?v=Yiajomt5kLU,2025
2026-09-04T12:30:58,1,2026-09-04T12:30:58,Davi,Forbidden City (Khen Remix),https://www.youtube.com/watch?v=btEzQVEhQWU,2024
2026-09-04T12:35:51,1,2026-09-04T12:35:51,Bonfante,Broken Infinity,https://www.youtube.com/watch?v=gnwW-kGL-I0,2020
2026-09-04T12:40:07,18,2026-09-11T07:42:56,Jody Wisternoff & David Hohme,5 Years (mredrollo & Artic White Remix),https://www.youtube.com/watch?v=Op3ouu4cLf4,2026
2026-09-04T12:43:16,1,2026-09-04T12:43:16,Dzhef,Flyuktu,https://www.youtube.com/watch?v=gllfovsRBUg,2022
2026-09-04T12:47:15,1,2026-09-04T12:47:15,Panyer,Undercurrent,https://www.youtube.com/watch?v=Sh99U8IKHb8,2024
2026-09-04T12:50:33,18,2026-09-11T07:53:26,Acarya,Echoes From a Hidden Sky,https://www.youtube.com/watch?v=bWZs9Y9wX1o,2026
2026-09-04T12:55:30,1,2026-09-04T12:55:30,Taleman,Inspiration,https://www.youtube.com/watch?v=4R1LM1YTh6g,2022
2026-09-04T12:58:12,1,2026-09-04T12:58:12,Bohem,Berlin,https://www.youtube.com/watch?v=3B9S24fGuNk,2021
2026-09-04T13:01:52,18,2026-09-11T08:06:34,Ivan Garci,Pure Reflections,https://www.youtube.com/watch?v=3XUN-tlppZ4,2026
2026-09-04T13:07:16,1,2026-09-04T13:07:16,Kamilo Sanclemente,Balade (Plecta Remix),https://www.youtube.com/watch?v=xBJdy3XAGNs,2024
2026-09-04T13:12:09,1,2026-09-04T13:12:09,Different Ray,Beneath the Stars,https://www.youtube.com/watch?v=A_ahB_G_Xv4,2024
2026-09-04T13:17:06,18,2026-09-11T08:15:02,Alex Spite & Lubovsolo,Love Is You,https://www.youtube.com/watch?v=N4Surm4o_ZE,2026
2026-09-04T13:21:22,1,2026-09-04T13:21:22,Ghenwa Nemnom,Gaia,https://www.youtube.com/watch?v=tbW4MgZEIDk,2024
2026-09-04T13:26:10,1,2026-09-04T13:26:10,Above & Beyond,Surge (PROFF & Igor Garanin Remix),https://www.youtube.com/watch?v=I49aXXi_gDU,2023
2026-09-04T13:31:03,18,2026-09-11T08:23:08,ST.EGO,Aroma of Rain,https://www.youtube.com/watch?v=zszYqqVal98,2026
2026-09-04T13:35:15,1,2026-09-04T13:35:15,Proff,Nara,https://www.youtube.com/watch?v=bdkfihtPs7Y,2022
2026-09-04T13:38:02,18,2026-09-11T08:36:47,Matias Delongaro,Esoteric (Arun K Remix),https://www.youtube.com/watch?v=dBiaFnNX0Ms,2026
2026-09-04T13:42:59,1,2026-09-04T13:42:59,Nohan,All I Need,https://www.youtube.com/watch?v=1ozVRjt-suU,2022
2026-09-04T13:45:54,18,2026-09-11T08:50:54,Alley Sa,Cycles,https://www.youtube.com/watch?v=wZLWQv1RkRk,2025
2026-09-04T13:49:35,1,2026-09-04T13:49:35,Ritmicki Hram,Clouds,https://www.youtube.com/watch?v=VttBdKq7-UA,2021
2026-09-04T13:53:51,1,2026-09-04T13:53:51,Ranta & Dulus & Miroshin,Elevated,https://www.youtube.com/watch?v=uFzWcLsUgFM,2024
2026-09-04T13:58:03,18,2026-09-11T09:03:07,Above & Beyond,Homecoming (Tim Green Remix),https://www.youtube.com/watch?v=WtjavXfZqHA,2026
2026-09-04T14:01:44,1,2026-09-04T14:01:44,Sergio Vilas,In My Dreams,https://www.youtube.com/watch?v=WtbgRxwq6Qg,2022
2026-09-04T14:04:57,1,2026-09-04T14:04:57,Roumie,Blind Eyes,https://www.youtube.com/watch?v=7k7iWUMv5Ac,2022
2026-09-04T14:07:21,17,2026-09-11T09:14:54,Return to Saturn,Shadows of Odin,https://www.youtube.com/watch?v=WjrqUNPSQ2s,2025
2026-09-04T14:10:57,1,2026-09-04T14:10:57,Evren Furtuna,Stars,https://www.youtube.com/watch?v=dCWr6-_Aqgg,2022
2026-09-04T14:14:42,1,2026-09-04T14:14:42,Jochem Hamerling,Essence of Time,https://www.youtube.com/watch?v=zZ6G4EHP_PQ,2022
2026-09-04T14:18:09,17,2026-09-11T09:27:39,Cafe de Anatolia,Lotus,https://www.youtube.com/watch?v=iVnmxJBbpOM,2026
2026-09-04T14:23:20,1,2026-09-04T14:23:20,Alley Sa & Wesley (Br),Solace,https://www.youtube.com/watch?v=J4sHCj3n5qc,2024
2026-09-04T14:26:47,1,2026-09-04T14:26:47,Diego Acosta (Uy),Learning to Fly,https://www.youtube.com/watch?v=4KBas48C8iw,2024
2026-09-04T14:32:06,17,2026-09-11T09:37:01,Victor Crain,Ploceus In Congo,https://www.youtube.com/watch?v=uIQvH8_ms48,2025
2026-09-04T14:36:59,1,2026-09-04T14:36:59,Massio & Kanedo,Suspended Emotions (Erdi Irmak Remix),https://www.youtube.com/watch?v=iD6yDbVjV6Q,2021
2026-09-04T14:41:15,1,2026-09-04T14:41:15,KANATA.T,Sandalwood (Nicolas Viana Remix),https://www.youtube.com/watch?v=zXcEYudOw_4,2024
2026-09-04T14:46:30,17,2026-09-11T09:44:31,4MOON Music & Ranta,Navi,https://www.youtube.com/watch?v=zvubnpnOHqY,2026
2026-09-04T14:51:14,2,2026-09-08T13:01:52,Dexter Crowe,Apoth (Hermanez Remix),https://www.youtube.com/watch?v=nS88SBvCRD4,2023
2026-09-04T14:54:32,16,2026-09-11T09:57:43,Eduardo Mcgregor,Night Train to Moscow (Nicolas Viana Remix),https://www.youtube.com/watch?v=qvk7NbvHT-Y,2026
2026-09-04T14:58:39,2,2026-09-08T13:09:13,Pyramido & Cafe de Anatolia,Wisdom,https://www.youtube.com/watch?v=iDfe6kSOvv0,2023
2026-09-04T15:02:24,16,2026-09-11T10:10:55,Oovsha,Laid Back,https://www.youtube.com/watch?v=TGyWdP1J3Wo,2026
2026-09-04T15:05:15,1,2026-09-04T15:05:15,Jelly for the Babies & Plecta & Eleonora,Flying (Greenage Remix),https://www.youtube.com/watch?v=62E9dX30X3Q,2024
2026-09-04T15:09:27,1,2026-09-04T15:09:27,Savvas,Craving Spaces,https://www.youtube.com/watch?v=SDx8j2kHAF8,2025
2026-09-04T15:15:05,16,2026-09-11T10:21:39,Heikoon,Kalaa Malaa,https://www.youtube.com/watch?v=R9XrZ8B6n5w,2026
2026-09-04T15:18:14,1,2026-09-04T15:18:14,DUB.FORMAT,Keep,https://www.youtube.com/watch?v=dY06Rr3OMzo,2022
2026-09-04T15:21:23,2,2026-09-08T13:16:20,Liife & Kem Otto,Semangat,https://www.youtube.com/watch?v=cS339YU3Fzg,2021
2026-09-04T15:25:08,16,2026-09-11T10:32:36,Juan Pablo Moran,Journey To Freedom,https://www.youtube.com/watch?v=5KOFNSyUAOs,2025
2026-09-04T15:30:50,2,2026-09-08T13:20:05,Mredrollo,Follower,https://www.youtube.com/watch?v=rIf4nF-EYkw,2023
2026-09-04T15:33:59,2,2026-09-08T13:25:52,Amonita,Riviera (Ranta Remix),https://www.youtube.com/watch?v=lomQ7NTQcYk,2024
2026-09-04T15:39:50,16,2026-09-11T10:45:43,Bahri Bekil,Roots & Sky,https://www.youtube.com/watch?v=n_rb3y03dZM,2025
2026-09-04T15:44:34,2,2026-09-08T13:31:43,Mou Mou,Sunset (Ghume Remix),https://www.youtube.com/watch?v=LvuMvDhrllk,2024
2026-09-04T15:49:53,2,2026-09-08T13:40:48,Modd & Metanoya,Above The Sky,https://www.youtube.com/watch?v=VfqsGTS1cQg,2024
2026-09-04T15:53:02,16,2026-09-11T10:54:26,Limetra,Snitsya Ei More,https://www.youtube.com/watch?v=3MCAXB2abUM,2025
2026-09-04T15:58:17,2,2026-09-08T13:43:57,Balcazar,El Gran,https://www.youtube.com/watch?v=Snl0XwrMcEg,2021
2026-09-04T16:02:29,2,2026-09-08T13:53:10,Amir Farhoodi & Saleh,Yazd,https://www.youtube.com/watch?v=8TH-HJmyH0U,2024
2026-09-04T16:05:11,17,2026-09-11T11:04:51,Bodaishin & Izhy & Kora (Ca),Daimoku (Kora Remix),https://www.youtube.com/watch?v=QR2EqVJtoVA,2025
2026-09-04T16:09:19,2,2026-09-08T13:55:52,Fairtone,Don't This,https://www.youtube.com/watch?v=8UwJDmFWxpw,2024
2026-09-04T16:13:17,17,2026-09-11T11:18:12,Artem Prime & Cafe de Anatolia,Feel It,https://www.youtube.com/watch?v=bDJS5dpALGY,2025
2026-09-04T16:18:01,2,2026-09-08T14:04:03,Guy Mantzur,We are Together,https://www.youtube.com/watch?v=gpq5smwxMR0,2021
2026-09-04T16:22:44,17,2026-09-11T11:32:14,Randy de Silva & Evaki 14 & MR.D,Path to Shambhala,https://www.youtube.com/watch?v=N3mTyvqjNkg,2025
2026-09-04T16:26:43,2,2026-09-08T14:08:42,Urmet K & Shawni,Secrets Of Your Heart,https://www.youtube.com/watch?v=ov__gaRcUD8,2021
2026-09-04T16:29:43,2,2026-09-08T14:16:30,Of Norway,Refraction,https://www.youtube.com/watch?v=CcA4g1DB9yM,2020
2026-09-04T16:33:01,18,2026-09-11T11:43:47,David Deere & Anna Renae,Secrets,https://www.youtube.com/watch?v=dWJEiYdJYHs,2025
2026-09-04T16:36:23,2,2026-09-08T14:23:28,Volen Sentir,Moment Of Peace,https://www.youtube.com/watch?v=sD1bB6XgAs8,2024
2026-09-04T16:41:20,2,2026-09-08T14:32:37,Wesley (Br),Underwater,https://www.youtube.com/watch?v=kruVCj6liqM,2024
2026-09-04T16:45:01,19,2026-09-11T11:55:56,Ayna Lune,EMeu,,
2026-09-04T16:47:38,2,2026-09-08T14:36:18,Slow Hearts,Star Veil,https://www.youtube.com/watch?v=MnA75rP3dlo,2023
2026-09-04T16:54:37,2,2026-09-08T14:48:31,Lisandro (Ar),Love,https://www.youtube.com/watch?v=Pbktx7G7EnY,2022
2026-09-04T16:57:14,19,2026-09-11T12:08:32,Ismail Kizil & Tibetania,Harala Gurele,https://www.youtube.com/watch?v=LM4N7LrehXo,2025
2026-09-04T17:00:59,2,2026-09-08T14:51:09,Julian Cardona,Nocturna Estelar,https://www.youtube.com/watch?v=d5jdL4hxC8M,2024
2026-09-04T17:04:08,2,2026-09-08T14:56:28,Hermanez,Entering Midnight,https://www.youtube.com/watch?v=jwcrAUwium4,2018
2026-09-04T17:08:16,19,2026-09-11T12:16:42,Dj Karaebin,Northern Lights In Tromso,https://www.youtube.com/watch?v=eflcWNT7VA8,2025
2026-09-04T17:13:17,2,2026-09-08T15:00:36,Oliver Koletzki,Satya,https://www.youtube.com/watch?v=_efHITlsXJ8,2024
2026-09-04T17:16:08,2,2026-09-08T15:08:19,Lost Desert & Simon Vuarambon & Hermanez,Moon by Day,https://www.youtube.com/watch?v=cpHopcLOQDk,2021
2026-09-04T17:20:56,19,2026-09-11T12:25:29,Chriss Jaxx,Open Your Eyes,https://www.youtube.com/watch?v=JRMyliibxuw,2026
2026-09-04T17:25:09,2,2026-09-08T15:13:07,Aioowilly,Flow,https://www.youtube.com/watch?v=AES2r1OzRm4,2025
2026-09-04T17:28:45,19,2026-09-11T12:39:30,Garmoney,Verovan Mirage,https://www.youtube.com/watch?v=btPiRE1pQro,2025
2026-09-04T17:33:37,2,2026-09-08T15:20:33,Davka,Spirits Take Flight (Leon Lobato Remix),https://www.youtube.com/watch?v=1DsEdDXcCuE,2024
2026-09-04T17:38:34,18,2026-09-11T03:16:49,Amber Stomp,Fillim,https://www.youtube.com/watch?v=wmnNdl1AcQQ,2026
2026-09-04T17:42:10,2,2026-09-08T15:25:30,0708,Worlds Apart,,
2026-09-04T17:46:58,2,2026-09-08T15:33:09,Jiminy Hop,Verona,https://www.youtube.com/watch?v=tIav7pWuOdM,2020
2026-09-04T17:50:21,18,2026-09-11T03:27:19,Florian Gasperini,Alteration Nocturne,https://www.youtube.com/watch?v=I65qt93PIOM,2024
2026-09-04T17:54:33,2,2026-09-08T15:41:33,Loc,Ours (Hermanez Remix),https://www.youtube.com/watch?v=sxWr0ZpwHqY,2020
2026-09-04T17:58:22,2,2026-09-08T15:51:09,Nopi,Bueno Me Piese,https://www.youtube.com/watch?v=R7xrUq38Evk,2021
2026-09-04T18:02:34,19,2026-09-11T03:41:52,Nicolas Viana,Dusk,https://www.youtube.com/watch?v=YXzCoaJLB3w,2026
2026-09-04T18:07:49,2,2026-09-08T15:55:26,Jakhira & Fiordland,Spirit of Piopiotahi,https://www.youtube.com/watch?v=8l4dJQIAkZU,2024
2026-09-04T18:13:49,2,2026-09-08T16:05:29,Arina Mur,Heaven Can Wait,https://www.youtube.com/watch?v=OUidfEqwLUc,2024
2026-09-04T18:18:06,18,2026-09-11T03:54:33,Yves Eaux,Tasmania,https://www.youtube.com/watch?v=cdcgjCpKuqo,2026
2026-09-04T18:20:12,2,2026-09-08T16:09:41,Peter Makto,Bedouin (Erdi Irmak Remix),https://www.youtube.com/watch?v=HMdf2LwnLp8,2021
2026-09-04T18:24:15,2,2026-09-08T16:18:23,Matthew Sona,Synthetic,https://www.youtube.com/watch?v=niajytzXr5w,2024
2026-09-04T18:28:09,18,2026-09-11T04:03:06,Makebo,Just a Dream,https://www.youtube.com/watch?v=yN8nk3q6GVw,2020
2026-09-04T18:33:01,2,2026-09-08T16:22:17,Zac & Lenn V,"Seventh Street (Albuquerque, Who Else Remix)",https://www.youtube.com/watch?v=PettPex4BRA,2021
2026-09-04T18:37:45,2,2026-09-08T16:30:36,Mik Kartl,Mountain Peaks,https://www.youtube.com/watch?v=cnuw2GmVByU,2021
2026-09-04T18:41:57,19,2026-09-11T04:13:13,Trippin Jaguar,Radar Peak,https://www.youtube.com/watch?v=NvUKu8cA07U,2025
2026-09-04T18:45:46,2,2026-09-08T16:34:48,Ventt & Keparys,Utro,https://www.youtube.com/watch?v=wCHFUuf4AQA,2023
2026-09-04T18:50:57,19,2026-09-11T04:20:12,Travis Jesse,Pine Forest Song,https://www.youtube.com/watch?v=cp6KOCFXI5s,2024
2026-09-04T18:53:48,2,2026-09-08T16:44:56,Missfeat,Walking in the Clouds,https://www.youtube.com/watch?v=Ns_B0omFDWk,2024
2026-09-04T18:59:07,19,2026-09-11T04:31:31,Drav,Say My Name,,
2026-09-04T19:04:09,2,2026-09-08T16:50:15,Aurel Den Bossa & Ias Ferndale,Famemba,https://www.youtube.com/watch?v=wBgTuYM8OIA,2024
2026-09-04T19:09:10,2,2026-09-08T17:00:05,Cahelo & Pandhora,Dust,https://www.youtube.com/watch?v=_1jTEV2nuhY,2021
2026-09-04T19:12:55,19,2026-09-11T04:43:27,Ghon,Nimaya,https://www.youtube.com/watch?v=sAUMcjslfyw,2025
2026-09-04T19:18:46,2,2026-09-08T17:07:44,Roumie,Fujian,https://www.youtube.com/watch?v=CA3uOPxywmU,2022
2026-09-04T19:22:31,2,2026-09-08T17:15:05,Nox Vahn,In The Talons Of The Big Bird,https://www.youtube.com/watch?v=Dvbdz7CXxGk,2021
2026-09-04T19:30:47,2,2026-09-08T17:19:22,Proff,Light Between the Trees,https://www.youtube.com/watch?v=l4jR02tWQlE,2025
2026-09-04T19:35:30,2,2026-09-08T17:27:55,Rigooni,Riverside,https://www.youtube.com/watch?v=s9YXkCiB21Y,2022
2026-09-04T19:43:18,2,2026-09-08T17:31:08,Mira & Christopher Schwarzwalder,Deia (AVEM Remix),https://www.youtube.com/watch?v=nzf-srd47eI,2021
2026-09-04T19:46:32,2,2026-09-08T17:37:13,Underher & Kyla Millette,Unbreakable (Madota Remix),https://www.youtube.com/watch?v=QN53KFtBdlA,2021
2026-09-04T19:54:24,2,2026-09-08T17:41:29,Amonita,Milky Way,https://www.youtube.com/watch?v=i5C4U2fnsl4,2021
2026-09-04T19:59:39,2,2026-09-08T17:50:56,Rigooni,Ode (Greg Ochman Remix),https://www.youtube.com/watch?v=utTnbZlblbw,2022
2026-09-04T20:06:42,2,2026-09-08T17:53:02,Licha Ignacio,Kamuro,https://www.youtube.com/watch?v=CNAZNndEwb8,2024
2026-09-04T20:17:12,2,2026-09-08T18:02:25,Anton Ishutin & Hippush,Quantum Leap,https://www.youtube.com/watch?v=u4UbnFIyECg,2025
2026-09-04T20:25:59,2,2026-09-08T18:07:13,Anton Pushkin & Uluuka,Love Will Save This World,https://www.youtube.com/watch?v=MiezNcggQcg,2025
2026-09-04T20:29:12,2,2026-09-08T18:14:29,Khen,My Pure Soul,https://www.youtube.com/watch?v=Z7YXqlYGvvU,2025
2026-09-04T20:37:50,2,2026-09-08T18:24:41,Aurum (Ar),Coming Back,,
2026-09-04T20:42:33,2,2026-09-08T18:34:40,Veeco,New Generation,https://www.youtube.com/watch?v=eM1mJbJEGTY,2024
2026-09-04T20:51:20,2,2026-09-08T18:39:32,Lee Burridge & Lost Desert,Loopyjazz,https://www.youtube.com/watch?v=YbMeb2U1LFc,2021
2026-09-04T20:55:32,2,2026-09-08T18:46:53,Artic White,Luce,https://www.youtube.com/watch?v=lqPC9dsyxIk,2025
2026-09-04T21:03:38,2,2026-09-08T18:52:04,Double Touch,Pomelo,https://www.youtube.com/watch?v=PGiDEd4rmgY,2024
2026-09-04T21:08:44,2,2026-09-08T19:02:02,Makebo,Nostalgia,https://www.youtube.com/watch?v=hKJQOiWAkm4,2025
2026-09-04T21:18:29,2,2026-09-08T19:07:40,M.O.S & Leonid Sivelkin & Krasa Rosa,On The Strings Of Love,https://www.youtube.com/watch?v=RaiNV6Da7Xw,2024
2026-09-04T21:22:46,2,2026-09-08T19:17:16,Dmitry Molosh,Distant Land,https://www.youtube.com/watch?v=zAKJfst07Ng,2021
2026-09-04T21:30:11,2,2026-09-08T19:21:10,Ruh,Desert Tour,https://www.youtube.com/watch?v=nKxqxMEHcN8,2021
2026-09-04T21:38:31,2,2026-09-08T19:29:39,Kaz James & Nick Morgan,Twisted,https://www.youtube.com/watch?v=oOsYJ-Co8Y4,2018
2026-09-04T21:47:22,2,2026-09-08T19:33:19,Yourr,New Transitions,,
2026-09-04T21:51:07,2,2026-09-08T19:41:16,Talemates,Phonga,https://www.youtube.com/watch?v=FDioRsXp-0k,2022
2026-09-04T21:59:35,2,2026-09-08T19:49:27,Madraas,Meia Lua,https://www.youtube.com/watch?v=Gf6kKlu9FIk,2021
2026-09-04T22:03:16,2,2026-09-08T19:56:48,Julian Marazuela,The Journey,https://www.youtube.com/watch?v=feUZ5dQZojE,2023
2026-09-04T22:09:34,2,2026-09-08T20:00:01,Greg Ochman,Ocean Color (Erdi Irmak Remix),https://www.youtube.com/watch?v=KW4_7bVMqYE,2022
2026-09-04T22:12:43,2,2026-09-08T20:06:51,Anonimat,Painkiller,https://www.youtube.com/watch?v=EloV9IeNwm8,2024
2026-09-04T22:22:19,2,2026-09-08T20:11:25,Povar,Round & Round,https://www.youtube.com/watch?v=5gcZpP8r2KM,2025
2026-09-04T22:26:13,2,2026-09-08T20:19:00,Wayward Brothers & Arina Alba,Paradise,https://www.youtube.com/watch?v=lrXv4YI9BnQ,2021
2026-09-04T22:36:16,2,2026-09-08T20:23:43,Bona Fide,The Other Side Of The Moon,https://www.youtube.com/watch?v=OdOrLwBeNGo,2020
2026-09-04T22:40:01,2,2026-09-08T20:32:39,Diass,To the Rhythm,https://www.youtube.com/watch?v=gs98dKUFh4Y,2025
2026-09-04T22:50:17,2,2026-09-08T20:38:39,King Ben,Toscana,https://www.youtube.com/watch?v=zeMpz4ZW5JA,2021
2026-09-04T22:59:04,2,2026-09-08T20:48:06,Death on the Balcony & Caramelli,Request the Love in Me,https://www.youtube.com/watch?v=gArud2QF5EQ,2022
2026-09-04T23:08:54,2,2026-09-08T20:52:54,Marian,Life and Death,,
2026-09-04T23:12:52,2,2026-09-08T21:01:36,Barchi,Urabu,https://www.youtube.com/watch?v=0_uLv8M_6r0,2020
2026-09-04T23:20:31,2,2026-09-08T21:09:42,Kokiyo,Celestial Clouds,https://www.youtube.com/watch?v=92ssGLxLVZ0,2021
2026-09-04T23:24:07,2,2026-09-08T21:16:14,Nick Varon,Wardenclyffe,https://www.youtube.com/watch?v=4aRZyjdp65I,2020
2026-09-04T23:31:33,2,2026-09-08T21:19:54,Moti Brothers,Golden Shores,https://www.youtube.com/watch?v=1jhgppyub7g,2024
2026-09-04T23:35:13,2,2026-09-08T21:26:44,Artem Prime & Cafe de Anatolia,My Sea,https://www.youtube.com/watch?v=Jruws_swXdA,2025
2026-09-04T23:43:46,2,2026-09-08T21:31:41,Distic,Totem Bird,,
2026-09-04T23:46:55,2,2026-09-08T21:40:32,Juan Sapia,Holy Grail (Greg Ochman Remix),https://www.youtube.com/watch?v=7nRsJMFVMWY,2022
2026-09-04T23:55:01,2,2026-09-08T21:43:27,Mauro Masi,Eco Groove,https://www.youtube.com/watch?v=WPnkQMhJIDI,2024
2026-09-04T23:58:42,2,2026-09-08T21:51:51,Nhii & Maga,Bonding,https://www.youtube.com/watch?v=G5lQzrcMSPA,2021
2026-09-05T00:07:19,2,2026-09-08T21:55:36,Space Food,Reborn,https://www.youtube.com/watch?v=LTHzQA6vwo8,2020
2026-09-05T00:14:45,2,2026-09-08T22:03:33,Kyotto,No Feelings,https://www.youtube.com/watch?v=vEAnsN1Ir3U,2023
2026-09-05T00:25:10,2,2026-09-08T22:09:51,Ismaehl & Thomas Hernan,Muyuavi,https://www.youtube.com/watch?v=-vj5cs6KwPg,2024
2026-09-05T00:29:40,2,2026-09-08T22:18:29,G.O.D.A. & B1KO & Cafe de Anatolia,Moncoeur,https://www.youtube.com/watch?v=YrBHu5GFwVQ,2024
2026-09-05T00:36:48,2,2026-09-08T22:27:29,Beije,Waiting for the Sun to Rise,https://www.youtube.com/watch?v=evV-Selb3Z8,2021
2026-09-05T00:40:33,2,2026-09-08T22:35:17,Greenage,Sweet Sorrow,https://www.youtube.com/watch?v=JLSyr7AeYqg,2019
2026-09-05T00:48:12,2,2026-09-08T22:39:47,Gorge,Head In The Clouds,https://www.youtube.com/watch?v=dNtUgjBHk6o,2026
2026-09-05T00:52:06,2,2026-09-08T22:47:04,Abuk,Absolute Truth,https://www.youtube.com/watch?v=3San1eB57CY,2026
2026-09-05T01:01:24,2,2026-09-08T22:50:40,David Petros,Gyumri,https://www.youtube.com/watch?v=A-bY6uCyNOU,2026
2026-09-05T01:05:09,2,2026-09-08T22:57:02,Covsky & Frais & Michael Bennett,Frozen in Time (Billion Watchers Remix),https://www.youtube.com/watch?v=IspXP56sxFw,2022
2026-09-05T01:14:45,2,2026-09-08T23:01:55,Diego Narvaez,A Stone,https://www.youtube.com/watch?v=K-NAxPDB3_c,2026
2026-09-05T01:19:11,2,2026-09-08T23:10:01,Makebo,Skyline,https://www.youtube.com/watch?v=38F8iCRuRGA,2021
2026-09-05T01:28:33,2,2026-09-08T23:14:13,Erdi Irmak,Reprise,https://www.youtube.com/watch?v=wGRi-h67tdo,2026
2026-09-05T01:36:53,2,2026-09-08T23:23:26,Nicolas Viana,Resist,https://www.youtube.com/watch?v=YNiXioeNgc0,2022
2026-09-05T01:45:21,2,2026-09-08T23:27:11,Fishplant,Ambivalence,https://www.youtube.com/watch?v=mZwTb_Rwgl0,2026
2026-09-05T01:51:35,2,2026-09-08T23:37:35,Idin Gorji,Naghme,https://www.youtube.com/watch?v=-kITTp0HasQ,2026
2026-09-05T01:59:45,2,2026-09-08T23:46:35,Ismaehl,Arewa,https://www.youtube.com/watch?v=pEG1oGw4v-g,2026
2026-09-05T02:04:29,2,2026-09-08T23:54:55,Mauro Masi,Analitic,https://www.youtube.com/watch?v=tH6VzBwK8-A,2026
2026-09-05T02:12:39,2,2026-09-08T23:59:47,Jean Vayat & Mohsen Neshom,Atish,https://www.youtube.com/watch?v=mSJEPOwF9B0,2025
2026-09-05T02:17:45,2,2026-09-09T00:09:01,Kaiotto,Consciousness,https://www.youtube.com/watch?v=fUpr7-zKa6o,2026
2026-09-05T02:23:54,2,2026-09-09T00:12:37,Alley Sa,Under the Same Sky,https://www.youtube.com/watch?v=5f_LbyyKbsQ,2026
2026-09-05T02:27:39,2,2026-09-09T00:21:37,Limetra & Ana Kosh,Gentle,https://www.youtube.com/watch?v=L8NBBVlP8qw,2026
2026-09-05T02:37:42,2,2026-09-09T00:27:55,Juan Pablo Moran,Simulation,https://www.youtube.com/watch?v=JE7LhoeShrk,2025
2026-09-05T02:42:17,2,2026-09-09T00:34:35,Lublo,Kindergarten,https://www.youtube.com/watch?v=YNxywkNVPDQ,2026
2026-09-05T02:52:06,2,2026-09-09T00:39:23,Mindo & Audiense,Nero,https://www.youtube.com/watch?v=NuYZutkg3GU,2025
2026-09-05T03:00:31,2,2026-09-09T00:48:33,Raw Main,Skydome,https://www.youtube.com/watch?v=xTLjqtxVImQ,2026
2026-09-05T03:11:10,2,2026-09-09T00:54:19,Return to Saturn,After Midnight,https://www.youtube.com/watch?v=OvROxGNhQjA,2025
2026-09-05T03:15:58,2,2026-09-09T01:02:52,Segundo Carletti,The Infinity,https://www.youtube.com/watch?v=M59KULXm7kM,2025
2026-09-05T03:24:22,2,2026-09-09T01:10:31,Shamanski,Tena Tena,https://www.youtube.com/watch?v=fKBMvjAhB40,2026
2026-09-05T03:28:07,2,2026-09-09T01:19:13,Limetra & Ranta,Etna,https://www.youtube.com/watch?v=6MDgYMzhYAU,2026
2026-09-05T03:38:05,2,2026-09-09T01:25:00,Abaze,Lucid Dreams (Nicolas Viana Remix),https://www.youtube.com/watch?v=ewy-gCGWLlM,2025
2026-09-05T03:43:20,2,2026-09-09T01:36:06,Solaris (Br),Aquarius,https://www.youtube.com/watch?v=wQbKfCSBvnU,2026
2026-09-05T03:52:56,2,2026-09-09T01:40:31,Vasily Dvortsov,The Scent of the Southern Wind,https://www.youtube.com/watch?v=ZGcPlZkWtcI,2026
2026-09-05T03:57:35,2,2026-09-09T01:49:13,Artydal,Viajero,https://www.youtube.com/watch?v=rhrjjskqOMg,2026
2026-09-05T04:04:16,2,2026-09-09T01:53:48,Atman (Us),Arcadia (Jack Essek Remix),https://www.youtube.com/watch?v=MTe8QuMw1Ak,2026
2026-09-05T04:08:32,2,2026-09-09T02:02:39,Vasily Dvortsov,Youth Summer Echoes,https://www.youtube.com/watch?v=3qYIr0XEPb4,2026
2026-09-05T04:17:10,2,2026-09-09T02:06:24,Limetra & Ranta,Teleporte,https://www.youtube.com/watch?v=qTLKGcMD6E0,2026
2026-09-05T04:25:38,2,2026-09-09T02:14:48,James Martin (Au),Salt & Solace,https://www.youtube.com/watch?v=l9r3RRvElLo,2026
2026-09-05T04:32:59,2,2026-09-09T02:19:13,ST.EGO,Wilted Roses,https://www.youtube.com/watch?v=LvfqdSZtflU,2026
2026-09-05T04:38:14,2,2026-09-09T02:29:21,Sauul,Ojos De Isla,https://www.youtube.com/watch?v=opnNgABte4Q,2025
2026-09-05T04:47:37,2,2026-09-09T02:38:30,Ismaehl,Balandra,https://www.youtube.com/watch?v=OpxiFFJ42qw,2026
2026-09-05T04:52:48,2,2026-09-09T02:47:35,Beije,Jamal,https://www.youtube.com/watch?v=x1QthtxWNVE,2026
2026-09-05T05:03:54,2,2026-09-09T02:52:50,Berdu,Colours of Light,https://www.youtube.com/watch?v=ar5yDVCJjiw,2026
2026-09-05T05:08:37,2,2026-09-09T03:01:14,El Mundo & Zazou,Sands of Time,https://www.youtube.com/watch?v=3lyB9-TWUWA,2021
2026-09-05T05:17:01,2,2026-09-09T03:05:35,Choopie,Alush (Alberto Hernandez & Dulus Remix),https://www.youtube.com/watch?v=yz8gGtecpbA,2021
2026-09-05T05:22:16,2,2026-09-09T03:14:44,Beije,Ven Conmigo,https://www.youtube.com/watch?v=m2Zw0kqsRzM,2026
2026-09-05T05:30:31,2,2026-09-09T03:18:20,Gorje Hewek,Young Summer,https://www.youtube.com/watch?v=UVoKEuM8FPs,2026
2026-09-05T05:34:12,2,2026-09-09T03:24:56,Shai T,Miracles,https://www.youtube.com/watch?v=RRRwjnAXmvk,2020
2026-09-05T05:41:19,2,2026-09-09T03:28:23,Lena Storm,De Anima,https://www.youtube.com/watch?v=EH-wtkSQOvw,2025
2026-09-05T05:50:51,2,2026-09-09T03:37:09,Samche,Frames In Motion,https://www.youtube.com/watch?v=RUej7kRa2xY,2025
2026-09-05T06:00:04,1,2026-09-05T06:00:04,Darren Bray & Hole Box,Sanctum (Hole Box Remix),https://www.youtube.com/watch?v=NTs08IX3H3Y,2021
2026-09-05T06:03:13,1,2026-09-05T06:03:13,Bluepaper,Elephant Rock (Northern Star Remix),https://www.youtube.com/watch?v=kazpdPmgUcs,2022
2026-09-05T06:09:45,1,2026-09-05T06:09:45,Hermanez,Alavanca,https://www.youtube.com/watch?v=Jhl63-Gy6D8,2022
2026-09-05T06:13:25,1,2026-09-05T06:13:25,Dulus,Nothing To Lose,https://www.youtube.com/watch?v=9rJrzEQS34M,2022
2026-09-05T06:22:03,1,2026-09-05T06:22:03,Paul Losev,Milkyway,https://www.youtube.com/watch?v=HmIHJVlDN_o,2024
2026-09-05T06:24:45,1,2026-09-05T06:24:45,M.E.M.O. & Monolitio,On My Way,https://www.youtube.com/watch?v=H9pUi2Bz12k,2021
2026-09-05T06:35:56,1,2026-09-05T06:35:56,Satori & Derun & Qiyans Krets,Yedi Kule (Satori Remix),https://www.youtube.com/watch?v=scVEfUPJQsg,2020
2026-09-05T06:40:26,1,2026-09-05T06:40:26,Tim Green,Moss,https://www.youtube.com/watch?v=_WMNUgGvWwc,2021
2026-09-05T06:48:41,1,2026-09-05T06:48:41,Enigmatic,He Looked So Happy (Mass Digital Remix),https://www.youtube.com/watch?v=GKtBiE8ekpk,2020
2026-09-05T06:51:50,1,2026-09-05T06:51:50,Nicolas Viana,Rumble,https://www.youtube.com/watch?v=jf7nPAF-jWk,2023
2026-09-05T06:59:38,1,2026-09-05T06:59:38,Plecta,Magnolia,https://www.youtube.com/watch?v=Cexu3EAWjuU,2021
2026-09-05T07:07:44,1,2026-09-05T07:07:44,SOL7 & Mou Mou,Sunset (Emi CA Remix),https://www.youtube.com/watch?v=0g3cEdIVr2A,2024
2026-09-05T07:16:21,1,2026-09-05T07:16:21,Fur Coat & Running Pine,Hurricane (Tim Green Remix),https://www.youtube.com/watch?v=Buywo_RZGyY,2020
2026-09-05T07:21:05,1,2026-09-05T07:21:05,Greg Ochman,Carousel,https://www.youtube.com/watch?v=p7W9PUpgvvg,2021
2026-09-05T07:29:42,1,2026-09-05T07:29:42,Powel,Golem XIV,https://www.youtube.com/watch?v=WITcLME3Krk,2020
2026-09-05T07:33:27,1,2026-09-05T07:33:27,Namito & Farhood Kavan,Vessal (Amine K Remix),https://www.youtube.com/watch?v=lD4eCXzGK8Y,2023
2026-09-05T07:41:33,1,2026-09-05T07:41:33,Audio Junkies & Sahar Z,Come2gether,https://www.youtube.com/watch?v=DR7YOaXSOWg,2022
2026-09-05T07:44:56,1,2026-09-05T07:44:56,Proff & Khen & Volen Sentir,Mirage,https://www.youtube.com/watch?v=PUva_OJ_NzE,2024
2026-09-05T07:54:50,1,2026-09-05T07:54:50,Madloch & Subnode & Pedro Capelossi,Turmeric Latte (Erol Arda Remix),https://www.youtube.com/watch?v=1YaoJzpgJZM,2022
2026-09-05T07:59:42,1,2026-09-05T07:59:42,James Hartnett,Walk Toward The Sun,https://www.youtube.com/watch?v=TnQ9xrc41Dw,2022
2026-09-05T08:05:56,1,2026-09-05T08:05:56,Jody Wisternoff & James Grant,Nightwhisper (Gorje Hewek Remix),https://www.youtube.com/watch?v=5nt8hGfp3_U,2020
2026-09-05T08:08:56,1,2026-09-05T08:08:56,Arina Mur,Mamasei,https://www.youtube.com/watch?v=4dr3pEFAS2A,2022
2026-09-05T08:16:04,1,2026-09-05T08:16:04,Hoten,Sunrise (Kaiq Remix),https://www.youtube.com/watch?v=gWCgjiT352Y,2022
2026-09-05T08:24:41,1,2026-09-05T08:24:41,Mass Digital,Changes,https://www.youtube.com/watch?v=s4xdpxKIg1U,2021
2026-09-05T08:32:02,1,2026-09-05T08:32:02,Gabriel Slick & Camelvip,Desert Moonlight,https://www.youtube.com/watch?v=Npp78b5rlCM,2025
2026-09-05T08:36:23,1,2026-09-05T08:36:23,Julian Moreno & Lucas Ramos & Juan Fernandez,Free Falling,https://www.youtube.com/watch?v=GrU1r-T5vbA,2024
2026-09-05T08:45:14,1,2026-09-05T08:45:14,Lisandro (Ar) & Nukreative,Empress Calling,https://www.youtube.com/watch?v=9zhusidB_KE,2022
2026-09-05T08:47:52,1,2026-09-05T08:47:52,Luigi Sambuy,Sunrise on 2nd,https://www.youtube.com/watch?v=wRKuR0nZKuw,2020
2026-09-05T08:56:47,1,2026-09-05T08:56:47,Planet Funk,Chase the Sun (Makebo Remix),https://www.youtube.com/watch?v=uYZHdZ09R28,2023
2026-09-05T09:00:50,1,2026-09-05T09:00:50,Groefer,Sand & Soda (Brandon Scarbrough Remix),https://www.youtube.com/watch?v=17FhxBIlx5o,2022
2026-09-05T09:09:50,1,2026-09-05T09:09:50,Lupe Republic & Manu Lopez Sound,Suivre L'instinct,https://www.youtube.com/watch?v=zevJdDzSxc4,2023
2026-09-05T09:12:59,1,2026-09-05T09:12:59,Peve,Homero,https://www.youtube.com/watch?v=s6IfZHGifY4,2021
2026-09-05T09:19:31,1,2026-09-05T09:19:31,Jason Heat & Groovegsus,The Cosmos (Jam Deluxe Remix),,
2026-09-05T09:23:16,1,2026-09-05T09:23:16,Double Touch & Reigan,Greatest Day,https://www.youtube.com/watch?v=2n-tfgucBt8,2021
2026-09-05T09:32:29,1,2026-09-05T09:32:29,David Ramano,The Journey Of Love,https://www.youtube.com/watch?v=YtBb0tNtZ9E,2024
2026-09-05T09:41:25,1,2026-09-05T09:41:25,Warung,Recreer,https://www.youtube.com/watch?v=2z-UczaeVbY,2022
2026-09-05T09:49:08,1,2026-09-05T09:49:08,Dr Green,Orahma,https://www.youtube.com/watch?v=05qoYULaB0E,2025
2026-09-05T09:53:47,1,2026-09-05T09:53:47,Thomas Hernan & Locotek,Awaken Your Senses,https://www.youtube.com/watch?v=sehgs9Y-GsQ,2025
2026-09-05T10:03:15,1,2026-09-05T10:03:15,Morris (Ar),Surge,https://www.youtube.com/watch?v=u-0Kfi-aNH8,2025
2026-09-05T10:06:24,2,2026-09-09T06:56:00,Phonic Youth & Wassu,Always,https://www.youtube.com/watch?v=46f7G2v692Y,2020
2026-09-05T10:14:52,2,2026-09-09T06:59:31,Yedikule & Randy de Silva,Solstice Horizon,https://www.youtube.com/watch?v=BJQJfyEjNuY,2025
2026-09-05T10:20:43,2,2026-09-09T07:09:30,Amour Propre & Veytik,Cumbia,https://www.youtube.com/watch?v=HhBQ5fMsA-8,2023
2026-09-05T10:27:19,2,2026-09-09T07:12:21,Nebula & Gardens of Syringa,Empty Cages,https://www.youtube.com/watch?v=7Lk__AopYSg,2020
2026-09-05T10:31:00,2,2026-09-09T07:18:52,Mariner & Domingo,Another Life,https://www.youtube.com/watch?v=YRh_5JYAloM,2021
2026-09-05T10:39:06,2,2026-09-09T07:23:22,Audera,Mystic River,https://www.youtube.com/watch?v=Q1NuPPZYSxw,2020
2026-09-05T10:43:18,2,2026-09-09T07:30:43,Simon Vuarambon,Lazos,https://www.youtube.com/watch?v=4jp2j8IWoS8,2021
2026-09-05T10:50:12,2,2026-09-09T07:33:57,Hoj,Feel That,,
2026-09-05T10:59:12,2,2026-09-09T07:43:28,Daf (Fr),Eternal,https://www.youtube.com/watch?v=pnVGmGIAcgI,2023
2026-09-05T11:07:22,2,2026-09-09T07:46:51,Anamel Project & Cafe de Anatolia,Ma Zal Hay,https://www.youtube.com/watch?v=NlgE494TqWU,2024
2026-09-05T11:12:24,2,2026-09-09T07:56:31,Alex Spite & Sandora,Waiting at Sunset,https://www.youtube.com/watch?v=T_JaDWpAwCQ,2024
2026-09-05T11:20:52,2,2026-09-09T08:05:32,Husa & Zeyada,Trick of the Mind (Erdi Irmak Remix),https://www.youtube.com/watch?v=Qv9de41m6G8,2021
2026-09-05T11:24:06,2,2026-09-09T08:12:53,Haft,Inverted Skies,https://www.youtube.com/watch?v=Ef8VAGhcPX4,2023
2026-09-05T11:32:25,2,2026-09-09T08:17:05,Ian O'donovan,Fallen Reign (Death On The Balcony Remix),https://www.youtube.com/watch?v=lKpVK6Cz_7s,2020
2026-09-05T11:36:38,2,2026-09-09T08:26:05,Nopi,Birch Road,https://www.youtube.com/watch?v=VNUSMFb83J0,2021
2026-09-05T11:44:17,2,2026-09-09T08:30:53,Chuchelo,Time Never Sleeps,https://www.youtube.com/watch?v=NS1-6NEakZ4,2024
2026-09-05T11:47:39,2,2026-09-09T08:38:14,Fake Mood,Lullaby,https://www.youtube.com/watch?v=D1Mbwb0f_4A,2020
2026-09-05T11:55:36,2,2026-09-09T08:43:02,Niko Garcia,Galaxy,https://www.youtube.com/watch?v=16d953F6CRo,2025
2026-09-05T12:00:38,2,2026-09-09T08:51:26,Taleman & Ventt,Shifting Focus,https://www.youtube.com/watch?v=HX3kIc0EFEs,2025
2026-09-05T12:12:06,2,2026-09-09T08:57:12,Aureon Flux,Natural Flow,https://www.youtube.com/watch?v=uP7ODsGF7OI,2025
2026-09-05T12:20:57,2,2026-09-09T09:03:57,Paul Losev,Dremunda,https://www.youtube.com/watch?v=tFQnA57bNFc,2025
2026-09-05T12:31:14,1,2026-09-05T12:31:14,Domingo,Hardway,https://www.youtube.com/watch?v=CkaoGvt7k0M,2022
2026-09-05T12:33:38,1,2026-09-05T12:33:38,Alex O'rion,Marathon,https://www.youtube.com/watch?v=ld1FmKXOGG4,2019
2026-09-05T12:41:30,1,2026-09-05T12:41:30,Alej Ch,Abracada,https://www.youtube.com/watch?v=CT75_LVIj54,2025
2026-09-05T12:46:41,1,2026-09-05T12:46:41,Arun K,Auroras Solace,https://www.youtube.com/watch?v=anybX9sVdjc,2025
2026-09-05T12:55:41,1,2026-09-05T12:55:41,Black Kalz & Just,Once An Angel,https://www.youtube.com/watch?v=wBCkp8XC0TY,2025
2026-09-05T13:00:06,1,2026-09-05T13:00:06,Jfr,Lasa,https://www.youtube.com/watch?v=90jIeeuO13U,2024
2026-09-05T13:08:03,1,2026-09-05T13:08:03,Arun K,Melancolia Del Sol,https://www.youtube.com/watch?v=u2TM8SDadms,2025
2026-09-05T13:12:15,1,2026-09-05T13:12:15,Davide Ferrario,End of an Era (Doyeq Remix),https://www.youtube.com/watch?v=eOO8pn52flI,2020
2026-09-05T13:19:54,1,2026-09-05T13:19:54,Krasa Rosa,Cassiopeia,https://www.youtube.com/watch?v=kkmMD8K9jUw,2026
2026-09-05T13:23:31,1,2026-09-05T13:23:31,Lost Desert & Hermanez,Jinx (Volen Sentir Remix),https://www.youtube.com/watch?v=HGPPzefwIAQ,2021
2026-09-05T13:30:34,1,2026-09-05T13:30:34,Solar Kings,Eager Eyes,https://www.youtube.com/watch?v=F_cek7g-Naw,2021
2026-09-05T13:38:40,1,2026-09-05T13:38:40,Nufects,Autumn,https://www.youtube.com/watch?v=5U-YS52sbIs,2024
2026-09-05T13:47:22,1,2026-09-05T13:47:22,Oliver Koletzki,La Hora de Mosquitos,https://www.youtube.com/watch?v=cFQz6dcE_es,2026
2026-09-05T13:51:34,1,2026-09-05T13:51:34,Dj Zombi & Guy Davidov & Seth Vogt,Free My World (Amata Remix),https://www.youtube.com/watch?v=DiuBTKmSzIs,2021
2026-09-05T13:59:31,1,2026-09-05T13:59:31,Ana Kosh,Alla Bella,https://www.youtube.com/watch?v=Zkx-ysV5Ews,2025
2026-09-05T14:03:52,1,2026-09-05T14:03:52,Pambouk,Power of Imagination,https://www.youtube.com/watch?v=vSy8pFbBaNU,2024
2026-09-05T14:12:38,1,2026-09-05T14:12:38,Panyer,That Salty Kiss (Tapski Remix),https://www.youtube.com/watch?v=Dr5i6D0z22g,2024
2026-09-05T14:16:23,1,2026-09-05T14:16:23,Hunter (Ru),Shadows,https://www.youtube.com/watch?v=oQUudypgxag,2026
2026-09-05T14:24:56,1,2026-09-05T14:24:56,M.O.S.,Khimiya,https://www.youtube.com/watch?v=PxmmWkDQqFk,2020
2026-09-05T14:27:47,1,2026-09-05T14:27:47,Oracle,Memory,,
2026-09-05T14:35:58,2,2026-09-09T11:44:10,Domingo,Pocket Vibes,https://www.youtube.com/watch?v=6aafZEm0700,2022
2026-09-05T14:40:28,2,2026-09-09T11:48:40,Erdi Irmak & Paul Losev,Beyond Reach,https://www.youtube.com/watch?v=hYnhHSCjyl0,2024
2026-09-05T14:49:05,2,2026-09-09T11:56:42,Volen Sentir,Mimoraya,https://www.youtube.com/watch?v=BxMRX4z5vmQ,2022
2026-09-05T14:54:02,2,2026-09-09T12:03:13,Dzho Raspee,Creative Farmer,https://www.youtube.com/watch?v=4sUDxt7QQck,2023
2026-09-05T15:03:11,1,2026-09-05T15:03:11,Togni,Elixir,https://www.youtube.com/watch?v=ShvGqNv9hTI,2025
2026-09-05T15:08:17,1,2026-09-05T15:08:17,Alain Fanegas,In The Dark (Chris Luno Remix),https://www.youtube.com/watch?v=4jKfAoWtfPQ,2021
2026-09-05T15:16:46,1,2026-09-05T15:16:46,Bodaishin & Ryan (Ar),Fates,https://www.youtube.com/watch?v=jiXpCbj5cio,2022
2026-09-05T15:21:12,2,2026-09-09T12:12:22,84 Avenue & Sherrnx,Dreaming About You,https://www.youtube.com/watch?v=0mwzi4pHutQ,2026
2026-09-05T15:27:43,2,2026-09-09T12:16:03,Bawab,What You See,https://www.youtube.com/watch?v=cnj4idKd69s,2026
2026-09-05T15:30:16,2,2026-09-09T12:23:19,Budakid,Igls,https://www.youtube.com/watch?v=oGUUKkrNqyY,2026
2026-09-05T15:37:24,2,2026-09-09T12:25:25,84 Avenue & Sherrnx,Drowing,https://www.youtube.com/watch?v=Tvl0QF-cZtk,2021
2026-09-05T15:41:36,2,2026-09-09T12:33:36,Edu Schwartz,Riftborn,https://www.youtube.com/watch?v=QRsljYoyuC8,2026
2026-09-05T15:51:48,2,2026-09-09T12:37:52,Gee Funk,Between Us,https://www.youtube.com/watch?v=plUUtIcDqgk,2026
2026-09-05T15:56:13,2,2026-09-09T12:46:03,Greg Ochman,Funki,https://www.youtube.com/watch?v=AvdDCiX2d6I,2026
2026-09-05T16:04:33,2,2026-09-09T12:50:15,Edu Schwartz,Swayline (Gorkiz Remix),https://www.youtube.com/watch?v=Y0bAOZkpxew,2026
2026-09-05T16:13:01,2,2026-09-09T12:58:03,Gee Funk,Ibiza at First Light,https://www.youtube.com/watch?v=urE2MNDp0AE,2026
2026-09-05T16:21:12,2,2026-09-09T13:02:33,84 Avenue & Sherrnx,Fly Away,https://www.youtube.com/watch?v=7FR0EkSavI8,2026
2026-09-05T16:24:25,2,2026-09-09T18:47:07,Greg Ochman,Hili (Valdovinos Remix),https://www.youtube.com/watch?v=ysLuxAMgfk0,2022
2026-09-05T16:32:13,2,2026-09-09T13:17:06,Gee Funk,Where We Fade,https://www.youtube.com/watch?v=vW1Kd5poDgU,2026
2026-09-05T16:36:57,2,2026-09-09T13:08:37,Juan Domecq,Shadow Of Green,https://www.youtube.com/watch?v=C9dz_hRudoo,2026
2026-09-05T16:45:57,2,2026-09-09T13:36:14,Greg Ochman,Magente,https://www.youtube.com/watch?v=3Ek_Dsi4rsU,2026
2026-09-05T16:48:48,2,2026-09-09T13:25:21,Kate Nova & Amonita & Makebo,Tirana (Volen Sentir Remix),https://www.youtube.com/watch?v=-jFn_S74zRo,2026
2026-09-05T16:55:55,2,2026-09-09T13:28:34,LI.LA & Koyenga,Nesirah,https://www.youtube.com/watch?v=XauTZdcBQfo,2026
2026-09-05T16:59:31,2,2026-09-09T13:53:15,Greg Ochman,Marble Mountain,https://www.youtube.com/watch?v=1-ydteAXWwA,2026
2026-09-05T17:06:21,2,2026-09-09T13:39:04,Limetra,Impulse,https://www.youtube.com/watch?v=UYMK7xi9k9U,2026
2026-09-05T17:11:04,2,2026-09-09T13:48:59,Makebo,Balance,https://www.youtube.com/watch?v=X5zCk8auvIY,2026
2026-09-05T17:19:11,2,2026-09-09T14:01:39,Tibor Dragan,Maitri,https://www.youtube.com/watch?v=b01z0l_WHxM,2021
2026-09-05T17:25:15,2,2026-09-09T14:04:53,Nopi & Sarah Chilanti,Flatter (GastoM Remix),https://www.youtube.com/watch?v=_vFGJWq-1HM,2021
2026-09-05T17:33:12,2,2026-09-09T14:11:42,De SAINT. & Lovless Youth,Lifeline,https://www.youtube.com/watch?v=mo9aVtEtt3w,2024
2026-09-05T17:36:35,2,2026-09-09T14:15:05,Savvas,Reminisce,https://www.youtube.com/watch?v=xxFicXfBn74,2022
2026-09-05T17:44:05,2,2026-09-09T14:24:00,Amir Farhoodi & Saleh,Bazar,https://www.youtube.com/watch?v=0YlqVY8j-8Y,2026
2026-09-05T17:47:14,2,2026-09-09T14:32:29,Sa-moan,Fue Asi,https://www.youtube.com/watch?v=AF9ZBIetN28,2022
2026-09-05T17:55:51,2,2026-09-09T14:41:20,Divenitto & Firmin,The Island,https://www.youtube.com/watch?v=LCi0Y9w6RFg,2025
2026-09-05T17:59:59,2,2026-09-09T14:45:23,Peter Makto,Bedouin,https://www.youtube.com/watch?v=Q6E2mom3clg,2021
2026-09-05T18:08:54,2,2026-09-09T14:53:20,Liquid Bloom & Porangui,Peyote Canyon (Uone Remix),https://www.youtube.com/watch?v=UMJ73S8lA50,2025
2026-09-05T18:14:23,2,2026-09-09T14:58:48,Gabi Raiz,Shivas Eye,https://www.youtube.com/watch?v=YbmGxYcTDDo,2025
2026-09-05T18:25:33,2,2026-09-09T15:09:41,Gianpiero Errichiello & Cafe de Anatolia,Shamanic Sax,https://www.youtube.com/watch?v=NLBTlJ4GEQM,2025
2026-09-05T18:28:06,2,2026-09-09T15:12:18,Peter Makto & Sounds of Sirin,Who Is Dandy,https://www.youtube.com/watch?v=-aOMFoEU5MY,2024
2026-09-05T18:35:23,2,2026-09-09T15:20:06,Ana Kosh,Khi Nana (Alex Konstantinov Remix),https://www.youtube.com/watch?v=AW5FGab9OWI,2025
2026-09-05T18:47:18,2,2026-09-09T15:27:05,Cafe de Anatolia & Queen G,Mi Tornado,,
2026-09-05T18:56:45,2,2026-09-09T15:34:48,Mariner & Domingo,Night At The Circus (Somelee Remix),https://www.youtube.com/watch?v=lkwHWA0o_94,2021
2026-09-05T19:00:57,2,2026-09-09T15:39:01,Gux Jimenez & Dastan,High Priestess (Newman Remix),https://www.youtube.com/watch?v=-zTUiX-xCPo,2025
2026-09-05T19:10:20,2,2026-09-09T15:47:47,Ias Ferndale & Aurel Den Bossa & Cafe de Anatolia,African Way,https://www.youtube.com/watch?v=hQp-Ovu5a_U,2025
2026-09-05T19:14:01,2,2026-09-09T15:56:38,Ilias Katelanos & Plecta & Alexandra Savvidi,Nymfes,https://www.youtube.com/watch?v=btz53kaBSwI,2025
2026-09-05T19:22:16,2,2026-09-09T16:05:34,Jfr,Jotark,https://www.youtube.com/watch?v=i0t0jhe4t6c,2025
2026-09-05T19:28:29,2,2026-09-09T16:11:47,Jonathan Touch & Vitaliy Rybakin,The Ocean,https://www.youtube.com/watch?v=fanOeOJhpHs,2025
2026-09-05T19:38:10,2,2026-09-09T16:21:14,Leroy Santiago & Jade & M-sol Deep,Moments With Me,https://www.youtube.com/watch?v=ATB7MYm8Cbs,2025
2026-09-05T19:43:16,2,2026-09-09T16:26:16,Marcos Rivas,Butterflies,https://www.youtube.com/watch?v=UPPU2hcqDBg,2025
2026-09-05T19:51:58,2,2026-09-09T16:35:25,Peter Makto,Muladhara,https://www.youtube.com/watch?v=XK7xVXVxrv4,2025
2026-09-05T19:58:11,2,2026-09-09T16:41:43,Proff,Glittering Puzzle (PROFF Remix),https://www.youtube.com/watch?v=jbm3mCLXcaE,2009
2026-09-05T20:07:07,2,2026-09-09T16:49:44,Dave Leck,Opal,https://www.youtube.com/watch?v=CTtiwK3bVr4,2024
2026-09-05T20:14:28,2,2026-09-09T16:53:29,Tomas Gerd,Cloud Seven,https://www.youtube.com/watch?v=uKqFuS4Ldmg,2025
2026-09-05T20:23:46,2,2026-09-09T17:00:50,Monty Eden,Time Again,https://www.youtube.com/watch?v=UUNh9b-AnSM,2024
2026-09-05T20:29:05,2,2026-09-09T17:06:10,Space Food,Soma,https://www.youtube.com/watch?v=Wy2ysrTHHQQ,2020
2026-09-05T20:37:02,2,2026-09-09T17:42:06,Limetra,Nimble,https://www.youtube.com/watch?v=N0NXOmi7X_I,2026
2026-09-05T20:41:14,2,2026-09-09T17:14:56,Makebo,Storm,https://www.youtube.com/watch?v=PzRuNxBvezQ,2026
2026-09-05T20:49:52,2,2026-09-09T17:23:34,Mass Digital,A Las Estrellas,https://www.youtube.com/watch?v=ESXXaX2zc9U,2018
2026-09-05T20:52:48,2,2026-09-09T17:31:40,Mass Stellar,My Organic Flow (IVADRO Remix),https://www.youtube.com/watch?v=ZlHa0dzaMFQ,2026
2026-09-05T21:00:04,2,2026-09-09T17:34:53,Portobello & M Sol Deep,Promised,https://www.youtube.com/watch?v=Ea3Ep7AK8pw,2026
2026-09-05T21:03:13,2,2026-09-09T17:46:18,Roy Rosenfeld & Alan & Lost Miracle,Two Again,https://www.youtube.com/watch?v=ONu_z0VbA6Q,2026
2026-09-05T21:09:18,2,2026-09-09T17:54:15,Stereo Munk & Lucas Zarate,Searching The Pieces,https://www.youtube.com/watch?v=jmxoTbLxd_A,2026
2026-09-05T21:12:40,2,2026-09-09T17:57:42,Tojogo,Konjo,https://www.youtube.com/watch?v=p_Dlm9Ew-58,2026
2026-09-05T21:19:39,2,2026-09-09T18:05:30,Acarya,Horus,https://www.youtube.com/watch?v=g_rVxfgCrSg,2026
2026-09-05T21:30:04,2,2026-09-09T18:10:13,Two Twenty,Transurfing,https://www.youtube.com/watch?v=tmj_LZjb4uM,2026
2026-09-05T21:37:57,2,2026-09-09T18:16:45,Tojogo,Mangata,https://www.youtube.com/watch?v=Jkmfsx6kXuc,2026
2026-09-05T21:41:37,2,2026-09-09T18:20:25,Valer Den Bit,Romance,https://www.youtube.com/watch?v=8u_nls-v8Fg,2026
2026-09-05T21:50:28,2,2026-09-09T18:26:43,Vancoo,I Can Feel It,https://www.youtube.com/watch?v=rjWqcx1fYOU,2026
2026-09-05T21:55:12,2,2026-09-09T18:35:07,Tojogo,Mindframe,https://www.youtube.com/watch?v=TtIw_X9Evx8,2026
2026-09-05T22:02:19,2,2026-09-09T18:43:09,Volen Sentir & Amonita & Makebo,Tirana,https://www.youtube.com/watch?v=yCWBVgtfE5M,2026
2026-09-05T22:06:18,2,2026-09-09T18:54:15,Acarya,Thoth,https://www.youtube.com/watch?v=Req6T_cw0dc,2026
2026-09-05T22:15:13,2,2026-09-09T18:58:22,Amonita & Makebo,Lumieres,https://www.youtube.com/watch?v=VIVrJ8tt8RQ,2026
2026-09-05T22:18:40,2,2026-09-09T19:06:37,Aova,Apex,https://www.youtube.com/watch?v=Atq8glvKUdc,2026
2026-09-05T22:25:48,2,2026-09-09T19:09:51,Acarya,Osiris,https://www.youtube.com/watch?v=89ubyaMS3aQ,2026
2026-09-05T22:31:34,2,2026-09-09T19:19:13,Artic White,Summer 98,https://www.youtube.com/watch?v=uE2LAZLy170,2026
2026-09-05T22:39:04,2,2026-09-09T19:23:21,Sunar,Desert Rose (Molac Remix),https://www.youtube.com/watch?v=tUyg8ngvH-I,2024
2026-09-05T22:45:36,2,2026-09-09T19:31:27,Wisso & Galo Azin & M-sol Deep,No Time,https://www.youtube.com/watch?v=hAP8znwjhY4,2025
2026-09-05T22:52:48,2,2026-09-09T19:34:54,Tidy Daps,Libertad,https://www.youtube.com/watch?v=a1sS18VTKwo,2022
2026-09-05T22:56:47,2,2026-09-09T19:44:08,Maulo Partinez,Sunrise by the Sea (Hole Box Remix),https://www.youtube.com/watch?v=wfaRM099KU8,2020
2026-09-05T23:06:09,2,2026-09-09T19:50:39,Alehho,Divina,https://www.youtube.com/watch?v=xyoWvwQPf3s,2021
2026-09-05T23:09:23,2,2026-09-09T19:58:45,Li-polymer,All Together We Are More,https://www.youtube.com/watch?v=UA3xw2bwVcY,2021
2026-09-05T23:18:18,2,2026-09-09T20:03:29,Maxi Degrassi,The Love Goes First,https://www.youtube.com/watch?v=Y98wMZCLCCk,2020
2026-09-05T23:22:53,2,2026-09-09T20:11:48,Ghon,Catch The Rabbit,https://www.youtube.com/watch?v=EJEYgsCpGtU,2025
2026-09-05T23:33:28,2,2026-09-09T20:17:35,Madraas,Travel to Nowhere,https://www.youtube.com/watch?v=H-f4dUpHEBU,2021
2026-09-05T23:37:44,2,2026-09-09T20:24:42,Makebo,Good Morning,https://www.youtube.com/watch?v=necah05vgmM,2021
2026-09-05T23:45:01,2,2026-09-09T20:28:23,Tonaco,Mysterious Voices,https://www.youtube.com/watch?v=cGrmGLIJeds,2021
2026-09-05T23:47:43,2,2026-09-09T20:36:02,Mauro Augugliaro & Luca Cociuffo,Dancing Souls,https://www.youtube.com/watch?v=dYLIoYL54WE,2022
2026-09-05T23:54:32,2,2026-09-09T20:38:39,Matthias Meyer & Xinobi,Lacuna,https://www.youtube.com/watch?v=5JbqT-5xKPE,2022
2026-09-06T00:03:55,2,2026-09-09T20:48:42,Tomas Gerd,Vultur,https://www.youtube.com/watch?v=pCCiEd_NtfE,2023
2026-09-06T00:09:14,2,2026-09-09T20:51:51,Nico Szabo,Raccoon,https://www.youtube.com/watch?v=B943WQt-Ntc,2020
2026-09-06T00:12:55,2,2026-09-09T20:59:35,Enamour & Local Dialect,Delusions,https://www.youtube.com/watch?v=UrW5kkuSWuU,2021
2026-09-06T00:21:46,2,2026-09-09T21:08:12,Zahna,Violeta,https://www.youtube.com/watch?v=s_Klg947I4c,2024
2026-09-06T00:25:58,2,2026-09-09T21:16:05,Viel,Too High,https://www.youtube.com/watch?v=pp1kQ_FeNfs,2021
2026-09-06T00:34:04,2,2026-09-09T21:20:21,Gorje Hewek & Izhevski,Morning Bells (Markus Homm Remix),https://www.youtube.com/watch?v=qG7ex_XgDSI,2013
2026-09-06T00:38:16,2,2026-09-09T21:29:26,Tim Green,Coriolis,https://www.youtube.com/watch?v=3OSdVyeQIIA,2021
2026-09-06T00:45:01,2,2026-09-09T21:33:20,Taleman & Deaf Unique,Become One (Pumbum Remix),https://www.youtube.com/watch?v=hKC1fNr5t7U,2025
2026-09-06T00:50:43,2,2026-09-09T21:43:46,Stan Tone,Tree Of Life,https://www.youtube.com/watch?v=kwLpbglT11Q,2025
2026-09-06T01:00:55,2,2026-09-09T21:49:01,M.O.S. & Christian Burns,Why,https://www.youtube.com/watch?v=VTrVVfXF4Dk,2023
2026-09-06T01:05:21,2,2026-09-09T21:57:20,Mattias Herrera,Moon Market,https://www.youtube.com/watch?v=_ATNMSwcv9k,2021
2026-09-06T01:15:10,2,2026-09-09T22:01:14,Lads,Cedar,https://www.youtube.com/watch?v=LKdFa0W-Ywo,2020
2026-09-06T01:23:39,2,2026-09-09T22:09:20,Ercos Blanka,Kafka (Arina Mur Remix),https://www.youtube.com/watch?v=AXAt_9AClIg,2020
2026-09-06T01:33:06,2,2026-09-09T22:14:13,Soul Button,Circadian Rhythm (Hraach Remix),https://www.youtube.com/watch?v=sH469w-E0rc,2021
2026-09-06T01:36:51,2,2026-09-09T22:21:47,Tom Banner,It's You,https://www.youtube.com/watch?v=NZjcG6ZJDwk,2025
2026-09-06T01:44:43,2,2026-09-09T22:28:59,ST.EGO,Please Don't Lie To Me,https://www.youtube.com/watch?v=jn989t4GeuY,2025
2026-09-06T01:48:55,2,2026-09-09T22:37:23,Molac,Apu Tambur,https://www.youtube.com/watch?v=hoMKrFgARJw,2022
2026-09-06T01:56:30,2,2026-09-09T22:40:01,Double Touch,Cielo (Fulltone Remix),https://www.youtube.com/watch?v=7EaiFvfH7oU,2021
2026-09-06T02:00:46,2,2026-09-09T22:47:49,ST.EGO,Go Nowhere,https://www.youtube.com/watch?v=vaQ6iHrHOvM,2025
2026-09-06T02:10:18,2,2026-09-09T22:52:37,Oovsha,Conscience,https://www.youtube.com/watch?v=Y6KZe4E60VI,2024
2026-09-06T02:15:20,2,2026-09-09T23:01:41,Budakid,Silent Summer,https://www.youtube.com/watch?v=cIkfYLEimbQ,2021
2026-09-06T02:22:27,2,2026-09-09T23:04:55,Shri (Ind),Rajamati,https://www.youtube.com/watch?v=DXZ6S8vx5wY,2025
2026-09-06T02:27:11,2,2026-09-09T23:14:54,Nohan,Disoriental (Bross Remix),https://www.youtube.com/watch?v=3Pfp-j39pWg,2020
2026-09-06T02:34:36,2,2026-09-09T23:18:34,Zigan Ald & Umami,Tomorrow,https://www.youtube.com/watch?v=OlpJ_CODQKo,2021
2026-09-06T02:42:11,2,2026-09-09T23:27:34,Nicolas Giordano,Arkham (N'Pot Remix),https://www.youtube.com/watch?v=Q3LbRFY2MLc,2021
2026-09-06T02:49:09,2,2026-09-09T23:31:37,Ventt & Keparys,OlivSky,https://www.youtube.com/watch?v=eVeapj4IWFQ,2023
2026-09-06T02:53:21,2,2026-09-09T23:38:58,Volen Sentir,Le Saint Graal,https://www.youtube.com/watch?v=cRIfIZVvKZU,2021
2026-09-06T03:01:45,2,2026-09-09T23:48:07,Ian Ludvi & Idd Aziz,Nature,https://www.youtube.com/watch?v=SZ7AkT8tTjg,2021
2026-09-06T03:05:44,2,2026-09-09T23:57:25,Jax D & Michon,One Night Stand,https://www.youtube.com/watch?v=Es_rtq62-8E,2022
2026-09-06T03:11:21,2,2026-09-09T23:59:31,Amir Telem,Radesh (Nopi Remix),https://www.youtube.com/watch?v=lSIoXZOwciw,2023
2026-09-06T03:14:53,2,2026-09-10T00:07:15,Gorje Hewek & Izhevski,Inspire,https://www.youtube.com/watch?v=0p7FoxzJI60,2014
2026-09-06T03:23:08,2,2026-09-10T00:11:31,Solidmind & Joshua Wasem,Qisou,https://www.youtube.com/watch?v=FJxToSAEEl4,2021
2026-09-06T03:26:48,2,2026-09-10T00:19:24,Nicolas Giordano,Arkham (Ilias Katelanos Remix),https://www.youtube.com/watch?v=jJAoalGzEnA,2021
2026-09-06T03:35:48,2,2026-09-10T00:23:09,Levva,Surrender,https://www.youtube.com/watch?v=keItczeIzCw,2026
2026-09-06T03:39:29,2,2026-09-10T00:31:46,Rawla,Desierta,https://www.youtube.com/watch?v=sakF_1mLtQE,2024
2026-09-06T03:51:42,2,2026-09-10T00:38:49,HUNTER. S,La Vie Est Belle,https://www.youtube.com/watch?v=w1161eDkQb0,2024
2026-09-06T04:01:23,2,2026-09-10T00:49:01,Jiminy Hop,Muvao,https://www.youtube.com/watch?v=aDucd-mtbc8,2024
2026-09-06T04:10:14,2,2026-09-10T00:52:55,Peve,Smooth (Alex Twin Remix),https://www.youtube.com/watch?v=zz3_kl0YSJA,2021
2026-09-06T04:13:59,2,2026-09-10T01:00:17,Rigooni,Petrichor,https://www.youtube.com/watch?v=n-dUyX5IggI,2021
2026-09-06T04:23:04,2,2026-09-10T01:07:42,B1KO,Zamarra,https://www.youtube.com/watch?v=keNDSzVa8g4,2025
2026-09-06T04:26:58,2,2026-09-10T01:16:42,Felix Raphael & Yannek Maunz,Morning Sky,https://www.youtube.com/watch?v=ld6HEVCf3VE,2022
2026-09-06T04:34:05,2,2026-09-10T01:19:38,Krasa Rosa,Volare,https://www.youtube.com/watch?v=XvIWEQF72QY,2024
2026-09-06T04:38:13,2,2026-09-10T01:28:33,Time After Time,Fata Mea,https://www.youtube.com/watch?v=JT4veOpU2Lc,2025
2026-09-06T04:46:14,2,2026-09-10T01:32:27,Dan Bay & Eretna,Ankara (Anatolian Sessions Remix),https://www.youtube.com/watch?v=Sauv6rjrsQw,2025
2026-09-06T04:49:46,2,2026-09-10T01:40:42,Deividas Bagdanov,Hashiva,https://www.youtube.com/watch?v=qFaZZKJCZYU,2022
2026-09-06T04:59:08,2,2026-09-10T01:45:03,Flowers on Monday,Don't Give Up,https://www.youtube.com/watch?v=t2172wzkWFE,2020
2026-09-06T05:03:38,2,2026-09-10T01:53:41,Momo Khani & ID.JAY,Azadi,https://www.youtube.com/watch?v=Ts-pCpLCRmc,2023
2026-09-06T05:09:56,2,2026-09-10T01:56:18,Minnado,Wake Up Man (Slow Hearts Remix),https://www.youtube.com/watch?v=0MzEpQx31yk,2021
2026-09-06T05:18:25,2,2026-09-10T02:03:57,Davka & Leon Lobato,De Profundis,https://www.youtube.com/watch?v=5fKXnZQ-vLs,2021
2026-09-06T05:26:26,1,2026-09-06T05:26:26,Kered,Open Your Heart,https://www.youtube.com/watch?v=AVyMAlz9J7U,2025
2026-09-06T05:29:26,1,2026-09-06T05:29:26,Lost Desert & Amand & Reigan,Open Form,https://www.youtube.com/watch?v=DxvFCnZh2Cg,2021
2026-09-06T05:39:16,1,2026-09-06T05:39:16,Mitch Oliver & Nic Falardeau,Mylus (Madraas Remix),https://www.youtube.com/watch?v=u3CJnZae2gI,2022
2026-09-06T05:42:11,1,2026-09-06T05:42:11,Gaston Sosa,Low Vegan,https://www.youtube.com/watch?v=5Fl1PpbFTJc,2021
2026-09-06T05:51:16,1,2026-09-06T05:51:16,Shai T,Hypnotic,https://www.youtube.com/watch?v=t2E_U8yYHd0,2021
2026-09-06T05:54:29,1,2026-09-06T05:54:29,Peshta Gora,Aria (Matur Remix),https://www.youtube.com/watch?v=mfRmO6QhDrs,2023
2026-09-06T06:01:55,1,2026-09-06T06:01:55,Max Wexem,Hope Dies Last,https://www.youtube.com/watch?v=DNo6QJ8nyJM,2020
2026-09-06T06:04:50,1,2026-09-06T06:04:50,Manuel Sanchez & Sonnero,Tiger Winds,https://www.youtube.com/watch?v=wtR8gvVHtF0,2023
2026-09-06T06:12:16,1,2026-09-06T06:12:16,Ranta & Dulus & Miroshin,Magnetic,https://www.youtube.com/watch?v=-vvNq_AxgYA,2024
2026-09-06T06:15:39,1,2026-09-06T06:15:39,Andfolk & Aman Dava,Podria Ser Lunes,https://www.youtube.com/watch?v=VrcEfyGD8ek,2024
2026-09-06T06:24:43,1,2026-09-06T06:24:43,Ralf Urland,Activity (Dave Pad Remix),https://www.youtube.com/watch?v=RRgLQu2XkyY,2021
2026-09-06T06:32:18,1,2026-09-06T06:32:18,Fabian Krooss & Jacob Stille,Watatata,https://www.youtube.com/watch?v=0ETdpEG8fnY,2021
2026-09-06T06:39:57,1,2026-09-06T06:39:57,Limara,Alchemy,https://www.youtube.com/watch?v=N8Tc231TXGs,2021
2026-09-06T06:44:27,1,2026-09-06T06:44:27,Alexey Union,Yakamoz,https://www.youtube.com/watch?v=5eGOKe66Ae0,2021
2026-09-06T06:51:48,1,2026-09-06T06:51:48,Alex Galvan,Magic Carpet (Hauy Remix),https://www.youtube.com/watch?v=Q7cDCJ7EgiE,2024
2026-09-06T06:54:39,1,2026-09-06T06:54:39,Licha Ignacio,Willow,https://www.youtube.com/watch?v=u_XmE6Yd2vU,2024
2026-09-06T07:05:04,1,2026-09-06T07:05:04,Touzani,Beads of Rain (Serious Dancers Remix),https://www.youtube.com/watch?v=aqU-povlipg,2022
2026-09-06T07:08:45,1,2026-09-06T07:08:45,Marco Tegui,Chaising The Sun (Greg Pidcock Remix),https://www.youtube.com/watch?v=ZK2i_avaXj4,2021
2026-09-06T07:17:04,1,2026-09-06T07:17:04,Nopi,Another Life!,https://www.youtube.com/watch?v=PhncvRvSs8U,2021
2026-09-06T07:20:18,1,2026-09-06T07:20:18,Traumhouse,Beatus Insanus,https://www.youtube.com/watch?v=psq0tVsX0Jo,2024
2026-09-06T07:29:45,1,2026-09-06T07:29:45,Wawda & Mulo,Svoboda,https://www.youtube.com/watch?v=ZaBynfr5Bvo,2024
2026-09-06T07:33:57,1,2026-09-06T07:33:57,Amol Reon & Airbas,Different Times (Stranger Tourists Remix),https://www.youtube.com/watch?v=vwZzlraIh74,2021
2026-09-06T07:41:31,1,2026-09-06T07:41:31,David Hohme & Dustin Nantais & Sophia Urista,Storybook (DSF Remix),https://www.youtube.com/watch?v=4YUV1eDRgZw,2021
2026-09-06T07:48:21,1,2026-09-06T07:48:21,Greg Nairo & Modulo,Panaray,https://www.youtube.com/watch?v=NkHRxd7U86Y,2022
2026-09-06T07:56:09,1,2026-09-06T07:56:09,Amonita,Aura,https://www.youtube.com/watch?v=3THP7q9Lhjg,2021
2026-09-06T07:59:59,1,2026-09-06T07:59:59,Tim Green & Izhevski,Beacon,https://www.youtube.com/watch?v=cR7PnXMF1Pc,2021
2026-09-06T08:09:21,1,2026-09-06T08:09:21,Wawda & Mulo,Mir,https://www.youtube.com/watch?v=Rb75uBakUC8,2024
2026-09-06T08:14:00,2,2026-09-10T05:03:49,Jenya Miller,The Birds,https://www.youtube.com/watch?v=Wua2DSKuNk8,2021
2026-09-06T08:21:26,2,2026-09-10T05:06:31,Deekay,Verdana,https://www.youtube.com/watch?v=B2VX1Dc4OT0,2025
2026-09-06T08:24:35,2,2026-09-10T05:13:25,Taleon,Amariva,https://www.youtube.com/watch?v=dwlSLZks4PA,2025
2026-09-06T08:33:30,2,2026-09-10T05:17:06,Garmoney,Vanyata,https://www.youtube.com/watch?v=cvBIKo6dQFg,2025
2026-09-06T08:38:14,2,2026-09-10T05:26:51,Space Motion & Bukeka,We Are One,https://www.youtube.com/watch?v=B06RTs2Nv1w,2024
2026-09-06T08:47:05,2,2026-09-10T05:31:34,N'pot,Wood Spirit (Taleman Remix),https://www.youtube.com/watch?v=WVfkilizNzg,2022
2026-09-06T08:50:14,2,2026-09-10T05:38:55,Fluida,Welcome Home,https://www.youtube.com/watch?v=-gqZq7Da4Tk,2021
2026-09-06T08:58:24,2,2026-09-10T05:42:22,Kike Roldan & Ivan Sandhas,Haunted (Domingo & Loveclub Remix),https://www.youtube.com/watch?v=03lfSr7j8Uo,2023
2026-09-06T09:06:44,2,2026-09-10T05:51:27,Nico de Andrea & Baron,Kebali,https://www.youtube.com/watch?v=3NmmBFnPnFg,2021
2026-09-06T09:13:33,2,2026-09-10T05:54:58,Ayala,Walls,https://www.youtube.com/watch?v=04hKKiZ5sFs,2020
2026-09-06T09:17:14,2,2026-09-10T06:02:15,Alley Sa,Searching,https://www.youtube.com/watch?v=zrxT1unuagM,2022
2026-09-06T09:22:29,2,2026-09-10T06:09:09,Aroma (Ind),Furuha,https://www.youtube.com/watch?v=Z-wkFrcrkrs,2022
2026-09-06T09:26:41,2,2026-09-10T06:18:31,Maxi Degrassi,No Drama Dance,https://www.youtube.com/watch?v=i-kIF9o3PiA,2024
2026-09-06T09:34:52,2,2026-09-10T06:23:01,Michael a,Fantasy (Lucas Rossi Remix),https://www.youtube.com/watch?v=f8wHhNJeT34,2021
2026-09-06T09:38:05,2,2026-09-10T06:28:21,Fluida & Ahmed Sosso,First Nation Drums (Nhii Remix),https://www.youtube.com/watch?v=-haCYcHBG2Y,2021
2026-09-06T09:47:59,2,2026-09-10T06:33:14,Matrx & Dwelyr,Dulcet,https://www.youtube.com/watch?v=nXL9O0us9mg,2025
2026-09-06T09:51:44,2,2026-09-10T06:41:51,Mike Kohl,Obsidian,https://www.youtube.com/watch?v=Qm9Mxlj1xKk,2025
2026-09-06T10:00:40,2,2026-09-10T06:46:35,Rigooni,Tzaddi,https://www.youtube.com/watch?v=s66N2qRbc9M,2025
2026-09-06T10:04:52,2,2026-09-10T06:54:36,Skimer,Firmament,https://www.youtube.com/watch?v=UEq0mcFy3kY,2025
2026-09-06T10:14:46,2,2026-09-10T06:59:38,Alex Raider,Yawal,https://www.youtube.com/watch?v=h3n0aI8kbEw,2018
2026-09-06T10:23:23,2,2026-09-10T07:07:30,Noxian,Organicxation,https://www.youtube.com/watch?v=ILKH44teqQ0,2025
2026-09-06T10:30:53,2,2026-09-10T07:10:48,Skimer,Solstice,https://www.youtube.com/watch?v=CSL3zC6Z9Ug,2025
2026-09-06T10:35:41,2,2026-09-10T07:20:33,Christian Luke,Alexandria,https://www.youtube.com/watch?v=Ga5S_U_DNwM,2025
2026-09-06T10:46:11,2,2026-09-10T07:31:44,Jakhira & Fiordland,Doubtful Tranquility,https://www.youtube.com/watch?v=9X0kFjZMgwM,2024
2026-09-06T10:52:07,2,2026-09-10T07:41:42,Davi,Self R3B00T,https://www.youtube.com/watch?v=enB5qODE-Jg,2025
2026-09-06T10:59:55,2,2026-09-10T07:47:24,ST.EGO,Unforgettable,https://www.youtube.com/watch?v=hEUsxxLUMqA,2025
2026-09-06T11:04:11,2,2026-09-10T07:56:15,Rasmus Vels,Love Intensifies,https://www.youtube.com/watch?v=aBypZL9BXw8,2022
2026-09-06T11:11:37,2,2026-09-10T07:58:44,Momo Khani,6 Am at the Beach,https://www.youtube.com/watch?v=1xGSzXacgS4,2021
2026-09-06T11:15:00,2,2026-09-10T08:05:51,Davka,Tabaqui,https://www.youtube.com/watch?v=IcqamJTd1og,2022
2026-09-06T11:21:27,2,2026-09-10T08:08:29,M.O.S. & Bona Fide,The Great Melody,https://www.youtube.com/watch?v=j4LPYFNmXd0,2020
2026-09-06T11:25:16,2,2026-09-10T08:17:11,Francisco Manrique,Yellow Tree,https://www.youtube.com/watch?v=ryQCnZzSzbk,2024
2026-09-06T11:32:42,2,2026-09-10T08:21:45,Jiggler,Delight,https://www.youtube.com/watch?v=oWaooFg0Cg0,2024
2026-09-06T11:40:57,2,2026-09-10T08:29:47,Meadow Dawn,A Little Piece of Paradise,https://www.youtube.com/watch?v=2iKH65HCGjM,2024
2026-09-06T11:51:31,1,2026-09-06T11:51:31,Lilova,Glaza,https://www.youtube.com/watch?v=TjYgeK80eO4,2025
2026-09-06T11:57:13,1,2026-09-06T11:57:13,Miroshin & Ranta,Labyrinth,https://www.youtube.com/watch?v=953h1YrYYqM,2026
2026-09-06T12:06:31,1,2026-09-06T12:06:31,Limetra,Imminent Collision,https://www.youtube.com/watch?v=5v_GQGk7BaE,2026
2026-09-06T12:11:15,1,2026-09-06T12:11:15,Namatjira,Jume,https://www.youtube.com/watch?v=IJtYCowI6_I,2026
2026-09-06T12:20:33,1,2026-09-06T12:20:33,Nasiri,Ikigai (DJ Phellix Remix),https://www.youtube.com/watch?v=cl03-5A3s50,2025
2026-09-06T12:24:27,1,2026-09-06T12:24:27,Lost Desert,When Sun Rises (Volen Sentir Remix),https://www.youtube.com/watch?v=2WxnmLF7G4k,2025
2026-09-06T12:33:00,1,2026-09-06T12:33:00,Namatjira,Nhaam,https://www.youtube.com/watch?v=HewsF0QPZDc,2026
2026-09-06T12:37:12,1,2026-09-06T12:37:12,Sanders Soul,Feelings,https://www.youtube.com/watch?v=PU7h-S8mVC8,2026
2026-09-06T12:47:33,1,2026-09-06T12:47:33,Savanna,Un Trip en Samaipata,https://www.youtube.com/watch?v=jSXl211ybYM,2026
2026-09-06T12:52:21,1,2026-09-06T12:52:21,Shamanski,Cloudwalker,https://www.youtube.com/watch?v=Nh-yHv8Sx2M,2026
2026-09-06T13:02:19,1,2026-09-06T13:02:19,Shifrina,The Next,https://www.youtube.com/watch?v=GbRmS5pzLq0,2026
2026-09-06T13:11:01,1,2026-09-06T13:11:01,Slaqk,Advent,https://www.youtube.com/watch?v=tBI5bcMddZQ,2026
2026-09-06T13:19:21,1,2026-09-06T13:19:21,Cafe de Anatolia,Valle Grande,https://www.youtube.com/watch?v=lg0ndC7OcN8,2026
2026-09-06T13:23:11,1,2026-09-06T13:23:11,Camilo Verna,Colosus,https://www.youtube.com/watch?v=H1phpmNZrXc,2026
2026-09-06T13:31:12,1,2026-09-06T13:31:12,Traumhouse,Ewigkeit (Erdi Irmak Remix),https://www.youtube.com/watch?v=nFaMj9NMvlo,2026
2026-09-06T13:36:05,1,2026-09-06T13:36:05,Hippush & Ilya,Yalta,https://www.youtube.com/watch?v=Nm9s8RmYPwU,2021
2026-09-06T13:41:42,1,2026-09-06T13:41:42,Urban Flex,Spirit Of Deira,https://www.youtube.com/watch?v=juCAK-mbXAk,2021
2026-09-06T13:45:41,1,2026-09-06T13:45:41,Gabey,Where to Go,https://www.youtube.com/watch?v=Q76v03PATpA,2011
2026-09-06T13:55:39,1,2026-09-06T13:55:39,Sonnero,Unfolding Mysteries,https://www.youtube.com/watch?v=QjefLL9RGco,2026
2026-09-06T14:01:08,2,2026-09-10T11:06:19,Camilo Verna,Nautilus,https://www.youtube.com/watch?v=-RoAvEFClBc,2026
2026-09-06T14:09:41,2,2026-09-10T11:15:28,Mars Monero,Orchestra of Spirits (Kamilo Sanclemente Remix),https://www.youtube.com/watch?v=FMXWG3N3Q8A,2023
2026-09-06T14:15:45,2,2026-09-10T11:21:33,Erdi Irmak,Ember,https://www.youtube.com/watch?v=pJ57wDecBbI,2025
2026-09-06T14:25:30,2,2026-09-10T11:32:16,Nicolas Viana,Kalira,https://www.youtube.com/watch?v=w_Grl_vgcCI,2026
2026-09-06T14:36:00,2,2026-09-10T11:41:12,Lisandro,Serenade,https://www.youtube.com/watch?v=rksjipiVoQs,2020
2026-09-06T14:44:42,1,2026-09-06T14:44:42,Hernan Martinez (Ar),Anthurium,https://www.youtube.com/watch?v=uwLD2dHr8OA,2022
2026-09-06T14:49:44,1,2026-09-06T14:49:44,Anonymous Conditions,Beyond Sunrise,https://www.youtube.com/watch?v=7SRvAdhDeBw,2025
2026-09-06T14:57:36,1,2026-09-06T14:57:36,Ska Ska,Awakening,https://www.youtube.com/watch?v=DAvHrZfYszM,2012
2026-09-06T15:01:26,2,2026-09-10T11:48:19,Taburu & Cafe de Anatolia,Al's Farewell,https://www.youtube.com/watch?v=q2tBMzNpUtM,2022
2026-09-06T15:09:37,2,2026-09-10T11:51:33,Diego Acosta (Uy),The Queen's Tree,https://www.youtube.com/watch?v=SYwlpr4x-AE,2024
2026-09-06T15:14:38,2,2026-09-10T12:00:15,Jaydee,You Called Me,https://www.youtube.com/watch?v=w-wciHNOUuM,2024
2026-09-06T15:26:02,2,2026-09-10T12:06:15,Denis Babin & Metranome,Gargantua,https://www.youtube.com/watch?v=FWGNFvGMKTY,2024
2026-09-06T15:30:14,2,2026-09-10T12:15:38,Aurel Den Bossa & Ias Ferndale,Ademam,https://www.youtube.com/watch?v=KrfRbVirXbk,2024
2026-09-06T15:40:22,2,2026-09-10T12:21:29,Matias Delongaro,Heima,https://www.youtube.com/watch?v=uONCaddKFj4,2024
2026-09-06T15:45:01,2,2026-09-10T12:31:05,Greg Ochman,Naya,https://www.youtube.com/watch?v=G2RolZGEX7Y,2024
2026-09-06T15:55:35,2,2026-09-10T12:37:23,Skimer,Walka,https://www.youtube.com/watch?v=GTgT8CRcpW8,2024
2026-09-06T16:05:43,1,2026-09-06T16:05:43,Nora En Pure,Polar Lights,https://www.youtube.com/watch?v=GhFBP4WZlH0,2024
2026-09-06T16:14:07,1,2026-09-06T16:14:07,Mass Digital,Sitting On Clouds,https://www.youtube.com/watch?v=nzfzP4dCtAQ,2021
2026-09-06T16:17:52,1,2026-09-06T16:17:52,Rauschhaus,Pyramid Square,https://www.youtube.com/watch?v=Q5bGqGMf6P4,2022
2026-09-06T16:23:38,1,2026-09-06T16:23:38,Anton Ishutin,Masai,https://www.youtube.com/watch?v=FVadMte4eRw,2022
2026-09-06T16:26:52,1,2026-09-06T16:26:52,Tolga Maktay,Depths Of Kerala (Cox Remix),https://www.youtube.com/watch?v=-AMdE-urYik,2025
2026-09-06T16:35:38,1,2026-09-06T16:35:38,Ria Mehta & Sean Ae,Miramar,https://www.youtube.com/watch?v=u7_5W3JWOrU,2022
2026-09-06T16:38:29,1,2026-09-06T16:38:29,El Mundo & Zazou,Falling Through the Ceiling,https://www.youtube.com/watch?v=aJw3ItDehtg,2023
2026-09-06T16:47:52,1,2026-09-06T16:47:52,Amentia,Hiver,https://www.youtube.com/watch?v=FV3EGhs4_qM,2020
2026-09-06T16:52:04,1,2026-09-06T16:52:04,Teelco,Between Us,https://www.youtube.com/watch?v=CBHd2qowDTc,2025
2026-09-06T17:02:21,1,2026-09-06T17:02:21,Julien Pastel,Gaia,https://www.youtube.com/watch?v=qgjEka8sP-o,2024
2026-09-06T17:05:52,1,2026-09-06T17:05:52,Delon & Eliezer Murad,Soul To Soul,https://www.youtube.com/watch?v=LXhPf_vivjk,2026
2026-09-06T17:14:12,1,2026-09-06T17:14:12,Ibi Sanchez,Bass in the Void,https://www.youtube.com/watch?v=q2T9HpTiGKw,2026
2026-09-06T17:22:00,1,2026-09-06T17:22:00,Amir Farhoodi & Saleh,Sense,https://www.youtube.com/watch?v=8K1DPY7awes,2026
2026-09-06T17:27:46,1,2026-09-06T17:27:46,Ivory Coats,Faraday Cage,https://www.youtube.com/watch?v=GxmrMeTcN70,2026
2026-09-06T17:31:45,1,2026-09-06T17:31:45,Krutykh & Katerina Medvedeva & Vitaliy Rybakin,Expectation,https://www.youtube.com/watch?v=ryQhfJ2T38o,2026
2026-09-06T17:38:34,1,2026-09-06T17:38:34,Menori,Cadencia (David Petros Remix),https://www.youtube.com/watch?v=M_IstSEJ_yA,2026
2026-09-06T17:43:54,2,2026-09-10T12:51:42,Monostone,Soraya,https://www.youtube.com/watch?v=MRwWA1obnyU,2026
2026-09-06T17:52:40,2,2026-09-10T12:54:47,Krutykh & Katerina Medvedeva & Vitaliy Rybakin,Hold On,https://www.youtube.com/watch?v=oq5CUwiFckI,2026
2026-09-06T17:56:21,2,2026-09-10T13:01:05,Amir Farhoodi & Saleh,Whisper,https://www.youtube.com/watch?v=K7lrbpRmDoU,2026
2026-09-06T18:03:42,2,2026-09-10T13:03:42,Nene (It),Sensual Seduction,,
2026-09-06T18:06:55,2,2026-09-10T13:10:36,Ocean Bloom & Octavio Tchonitch,The Dream of Life,https://www.youtube.com/watch?v=JXhqv0qxr88,2026
2026-09-06T18:16:27,2,2026-09-10T13:14:57,Ori B.,Ya Salam,https://www.youtube.com/watch?v=_Ib3CyLKv9o,2026
2026-09-06T18:21:15,2,2026-09-10T13:24:47,Radical Fantasy & Nohan,Ballerina,https://www.youtube.com/watch?v=03CEX1EtsFk,2026
2026-09-06T18:29:03,2,2026-09-10T13:28:27,Roni Be,Una Mia,https://www.youtube.com/watch?v=4LuwYxa1sPQ,2026
2026-09-06T18:37:58,2,2026-09-10T13:36:51,Santiablo & Bagagee VIPHEX13,Samanvaya,https://www.youtube.com/watch?v=VhQIJ7LAt_A,2026
2026-09-06T18:46:22,2,2026-09-10T13:41:17,Saqib & Naayaab,Jungle (Antares Remix),https://www.youtube.com/watch?v=JXIzmsYvdIo,2026
2026-09-06T18:49:00,2,2026-09-10T13:48:42,Jim Rider,In Theory,https://www.youtube.com/watch?v=BhBa_c4So_Q,2020
2026-09-06T18:55:23,2,2026-09-10T13:55:18,Makebo & Amonita,Savage,https://www.youtube.com/watch?v=DTP2XfpVi7U,2022
2026-09-06T18:58:18,2,2026-09-10T19:39:08,Nicolas Viana,Astro Sunset,https://www.youtube.com/watch?v=gEkqsiyY-Ds,2022
2026-09-06T19:04:36,2,2026-09-10T14:02:30,Scure (Br),Jungle Dance,https://www.youtube.com/watch?v=tmYB9lUhhYw,2026
2026-09-06T19:08:30,2,2026-09-10T14:06:20,Oracle,Rotary,https://www.youtube.com/watch?v=aeCHk_FKAi4,2021
2026-09-06T19:16:54,2,2026-09-10T14:16:18,Scure (Br) & Bertoldi,Joyful Way,https://www.youtube.com/watch?v=RY8lQzP03Q4,2026
2026-09-06T19:21:06,2,2026-09-10T14:20:26,Sebastian Bach,Searching For Light,https://www.youtube.com/watch?v=j2PajDjFUaM,2026
2026-09-06T19:29:57,2,2026-09-10T14:26:26,Serious Dancers,Qamar,https://www.youtube.com/watch?v=aSCAvcWPlu8,2026
2026-09-06T19:33:06,2,2026-09-10T14:29:35,Amonita,Dolphins,https://www.youtube.com/watch?v=7oUnUAxcWfU,2026
2026-09-06T19:40:27,2,2026-09-10T14:37:37,Shifrina,My Way,https://www.youtube.com/watch?v=u3NwBcZ1I2g,2026
2026-09-06T19:49:18,2,2026-09-10T14:41:40,Unknown Vibezz,Just You,https://www.youtube.com/watch?v=hOrvVelw-ms,2026
2026-09-06T19:57:02,2,2026-09-10T14:49:28,Uoak & Poli Poli,Control Me (M.O.S. Remix),https://www.youtube.com/watch?v=yvcvtAk3ZfQ,2026
2026-09-06T20:00:42,2,2026-09-10T14:53:13,Volen Sentir & Krasa Rosa,Mist,https://www.youtube.com/watch?v=xk6ovvQKvmQ,2026
2026-09-06T20:08:21,2,2026-09-10T14:59:26,Xizuka,Sunshine Awakening,https://www.youtube.com/watch?v=CAZsfPNgk0g,2026
2026-09-06T20:12:33,2,2026-09-10T15:08:40,Ben Monday,Baltic (Wawda & Mulo Remix),https://www.youtube.com/watch?v=Mgt1TiAIEqM,2026
2026-09-06T20:20:57,2,2026-09-10T15:17:40,Benshu (Sb) & Hali Jah,Kutsuto Magare 2026,https://www.youtube.com/watch?v=eC7gb5voppU,2026
2026-09-06T20:24:38,2,2026-09-10T15:21:20,Amonita,Tranquility,https://www.youtube.com/watch?v=AUHss9nc1U8,2026
2026-09-06T20:30:11,2,2026-09-10T15:28:50,Phillosopher,Chiaroscuro,https://www.youtube.com/watch?v=dF4EaWAwQHU,2024
2026-09-06T20:35:26,2,2026-09-10T15:34:05,Florian Gasperini,Fear Of Losing,https://www.youtube.com/watch?v=1DlaklSWQU4,2024
2026-09-06T20:44:31,2,2026-09-10T15:42:52,Rawla,Deseado,https://www.youtube.com/watch?v=aWhJx-On1kg,2024
2026-09-06T20:51:25,2,2026-09-10T15:49:46,Anton Ishutin,Won't Escape,https://www.youtube.com/watch?v=vnOk2RzIkcE,2026
2026-09-06T20:58:19,2,2026-09-10T15:56:35,Gab Rhome,Chandelier Cleaner,https://www.youtube.com/watch?v=0btAC5y05U0,2022
2026-09-06T21:04:19,2,2026-09-10T15:59:40,Kamilo Sanclemente,Eclipse,https://www.youtube.com/watch?v=82tbaakZb-Y,2022
2026-09-06T21:11:53,2,2026-09-10T16:07:15,Fullton & Izhevski,Orange Gardens,https://www.youtube.com/watch?v=nWOWYg0oyhA,2021
2026-09-06T21:16:05,2,2026-09-10T16:11:27,Sample Boy,38,https://www.youtube.com/watch?v=AKNi2iwY2H8,2022
2026-09-06T21:24:02,2,2026-09-10T16:18:16,Matur & Sounds of Sirin,Nurani,https://www.youtube.com/watch?v=cx0vsn0uTP4,2024
2026-09-06T21:28:01,2,2026-09-10T16:26:09,Dsf,A Village Called Zooberi,https://www.youtube.com/watch?v=J0KWRw9tKzU,2020
2026-09-06T21:36:38,2,2026-09-10T16:34:24,Volen Sentir,Jivoe Serdce,https://www.youtube.com/watch?v=0ecFe8nOgI8,2021
2026-09-06T21:39:47,2,2026-09-10T16:37:28,Jim Rider,Colours,https://www.youtube.com/watch?v=pb88fdnUPN8,2024
2026-09-06T21:46:55,2,2026-09-10T16:43:55,Mou Mou,Tibet,https://www.youtube.com/watch?v=5FkPNX4accE,2024
2026-09-06T21:51:20,2,2026-09-10T16:48:21,Nihanna,Ayahuasca,https://www.youtube.com/watch?v=N8wx3g0ZlrQ,2024
2026-09-06T21:59:53,2,2026-09-10T16:56:09,Beije,Azimuth (GMJ Remix),https://www.youtube.com/watch?v=Ah9K4TKiNP8,2021
2026-09-06T22:04:41,2,2026-09-10T17:00:57,Nicolas Soria,Oftuku,https://www.youtube.com/watch?v=XKmevvnnc80,2021
2026-09-06T22:13:50,2,2026-09-10T17:09:21,Renga Weh,Traces,https://www.youtube.com/watch?v=zueRPV5szfQ,2020
2026-09-06T22:22:19,2,2026-09-10T17:13:06,Max Wexem,Solar Flare,https://www.youtube.com/watch?v=ZkBtTUQfklU,2025
2026-09-06T22:30:56,2,2026-09-10T17:21:21,Replicanth,Apolo,https://www.youtube.com/watch?v=QpoiSN-KuTk,2020
2026-09-06T22:34:37,2,2026-09-10T17:25:01,Anriu,Hey Darling,https://www.youtube.com/watch?v=b3yC648PSdM,2024
2026-09-06T22:41:09,2,2026-09-10T17:31:55,Nicolas Giordano,Positivity,https://www.youtube.com/watch?v=QqxiCUDv8wY,2025
2026-09-06T22:45:57,2,2026-09-10T17:41:58,Hermanez,Heavens of Seven,https://www.youtube.com/watch?v=QrfH2NAbJAk,2020
2026-09-06T22:54:07,2,2026-09-10T17:51:34,Aurum (Ar),It Is Not You,https://www.youtube.com/watch?v=kQxP5sec2h0,2024
2026-09-06T22:59:09,2,2026-09-10T17:56:31,Ilias Katelanos & Plecta,Ammoudara (Makebo Remix),https://www.youtube.com/watch?v=Ya4WQMowr9w,2024
2026-09-06T23:06:48,2,2026-09-10T18:04:24,Gumale,Humble Dawn,https://www.youtube.com/watch?v=hw7ORhYyGMk,2025
2026-09-06T23:11:58,2,2026-09-10T18:09:35,John Woods,The Youth Substance,https://www.youtube.com/watch?v=12JNIwIA5K0,2025
2026-09-06T23:21:12,2,2026-09-10T18:19:33,Amonita,Clockworks,https://www.youtube.com/watch?v=zM_9vacvcWw,2025
2026-09-06T23:27:48,2,2026-09-10T18:26:09,Nora En Pure,Teahupoo,https://www.youtube.com/watch?v=6AdKtptypC4,2025
2026-09-06T23:35:49,2,2026-09-10T18:35:59,P1LGR1MS,Zambia (Heaven Inc. Remix),https://www.youtube.com/watch?v=iPJMRC4oYkA,2025
2026-09-06T23:45:03,2,2026-09-10T18:41:09,Flowers on Monday & Erdi Irmak,Colors,https://www.youtube.com/watch?v=vmazjHuWZuI,2024
2026-09-06T23:54:25,2,2026-09-10T18:49:33,Mariner & Domingo,Here I Am,https://www.youtube.com/watch?v=xUhSp67W2K8,2020
2026-09-06T23:58:46,2,2026-09-10T18:53:54,Khen,A Hero,https://www.youtube.com/watch?v=MHZRUjmMvrk,2020
2026-09-07T00:08:13,2,2026-09-10T19:02:18,Armen Miran,Reborn (Volen Sentir Remix),https://www.youtube.com/watch?v=5_VZoaoHEVs,2019
2026-09-07T00:11:54,2,2026-09-10T19:10:56,Wawda & Mulo,Solsticij,https://www.youtube.com/watch?v=9FASiQ2DVkw,2024
2026-09-07T00:20:09,2,2026-09-10T19:19:47,Facundo Nadra,Gift for You,https://www.youtube.com/watch?v=vBWddKUSHts,2025
2026-09-07T00:24:17,2,2026-09-10T19:23:54,Gumale,Voices Of Silence,https://www.youtube.com/watch?v=SUqDmMk95MY,2025
2026-09-07T00:34:29,2,2026-09-10T19:32:50,Amonita,The Game,https://www.youtube.com/watch?v=1PMqQTJQhXM,2025
2026-09-07T00:40:47,2,2026-09-10T19:46:24,Ricardo Angeles,Flow,https://www.youtube.com/watch?v=q01z2vrQTrE,2020
2026-09-07T00:49:15,2,2026-09-10T19:49:38,Minnado,Other Times,https://www.youtube.com/watch?v=HVqEnShjhFM,2023
2026-09-07T00:53:14,2,2026-09-10T19:58:38,Phonique & Erlend Oye,Casualities (Gorje Hewek Remix),https://www.youtube.com/watch?v=VAzeTO6kBho,2025
2026-09-07T01:02:27,2,2026-09-10T20:03:40,Nicolas Viana,Wrinkle in Time,https://www.youtube.com/watch?v=1XYOwIXAB0Q,2024
2026-09-07T01:11:18,2,2026-09-10T20:13:11,Dee Montero,Aria (Newman Remix),https://www.youtube.com/watch?v=9Ewnxj_QZFw,2020
2026-09-07T01:19:24,2,2026-09-10T20:16:16,Dj Phellix & Saman Gorgin,Hur,https://www.youtube.com/watch?v=A0Xv-6qSt2M,2021
2026-09-07T01:23:09,2,2026-09-10T20:24:44,Dzhef,Hutu,https://www.youtube.com/watch?v=JyBT2pfI6zc,2020
2026-09-07T01:31:20,2,2026-09-10T20:33:22,Brian David,Angiru,https://www.youtube.com/watch?v=KJFhCNlvKJE,2025
2026-09-07T01:36:35,2,2026-09-10T20:41:28,The Cobb,Spring Time,https://www.youtube.com/watch?v=xj2KQLDHKVE,2022
2026-09-07T01:42:53,2,2026-09-10T20:44:10,Oliver & Tom,Bruges,https://www.youtube.com/watch?v=Kg_o_yQcGvs,2022
2026-09-07T01:47:09,2,2026-09-10T20:51:35,Engelhart,Sumerian,https://www.youtube.com/watch?v=aWrMBu6_DdQ,2025
2026-09-07T01:56:41,2,2026-09-10T20:57:31,Armen Miran & Felix Raphael,Ghost,https://www.youtube.com/watch?v=zeAwyIaJCX0,2020
2026-09-07T02:00:58,2,2026-09-10T21:07:25,Cesar Abril,Savana,https://www.youtube.com/watch?v=advX_kp65pE,2022
2026-09-07T02:09:17,2,2026-09-10T21:10:34,At Dawn,To Me No More,https://www.youtube.com/watch?v=17d6eY2XF-4,2026
2026-09-07T02:12:08,2,2026-09-10T21:18:13,Double Touch & Reigan,Wide Eyed (Hermanez Remix),https://www.youtube.com/watch?v=KJef-pQy9F8,2020
2026-09-07T02:21:17,2,2026-09-10T21:22:25,Blondish & Rowee,Garden Of 3Den,https://www.youtube.com/watch?v=COxy1_-mu0s,2020
2026-09-07T02:28:52,2,2026-09-10T21:30:31,Taleman & Den Macklin,Warm Up,https://www.youtube.com/watch?v=UPZ1AzymBJQ,2025
2026-09-07T02:37:47,2,2026-09-10T21:35:19,Samche,Chasing Chimes,https://www.youtube.com/watch?v=xtwuo8vs1qQ,2025
2026-09-07T02:41:50,2,2026-09-10T21:43:30,Pierre Sebastiano,Siempre (Artless Being Remix),https://www.youtube.com/watch?v=g-OcqU11QSY,2025
2026-09-07T02:49:29,2,2026-09-10T21:53:05,Proff & M.O.S.,Namtso,https://www.youtube.com/watch?v=6DdH5vFaHM0,2024
2026-09-07T02:53:10,2,2026-09-10T22:00:45,Rigooni,Gimmel,https://www.youtube.com/watch?v=usyatdtRjFM,2024
2026-09-07T03:00:31,2,2026-09-10T22:04:57,New Even & Maria Cini,Sonora,https://www.youtube.com/watch?v=AlHcDCn0trY,2023
2026-09-07T03:04:29,2,2026-09-10T22:12:18,Big Al,Amber,https://www.youtube.com/watch?v=KIQyu7uLKqE,2023
2026-09-07T03:13:25,2,2026-09-10T22:15:31,Hermanez & Lost Desert,Other Side,https://www.youtube.com/watch?v=a-2yh36amlo,2021
2026-09-07T03:17:05,2,2026-09-10T22:21:49,Arina Mur,Spin the Dawn,https://www.youtube.com/watch?v=WCSEYHRW-yk,2023
2026-09-07T03:24:53,2,2026-09-10T22:24:54,Hosini,Koala,https://www.youtube.com/watch?v=xUjdpwN-gp4,2023
2026-09-07T03:28:25,2,2026-09-10T22:32:06,Veytik,Saudade Stomp,https://www.youtube.com/watch?v=kwx-73kpnUs,2021
2026-09-07T03:37:56,2,2026-09-10T22:36:27,Missfeat,Libertate,https://www.youtube.com/watch?v=Ldnd0pg1e9U,2021
2026-09-07T03:46:07,2,2026-09-10T22:45:31,Edu Schwartz,Whisper of Your Heart,https://www.youtube.com/watch?v=gp9oPJYP_tI,2021
2026-09-07T03:54:36,2,2026-09-10T22:49:16,Beije,Standing Between The Worlds,https://www.youtube.com/watch?v=8MnNe2oIXeE,2020
2026-09-07T03:58:21,2,2026-09-10T22:57:09,Lee Jones,Understanding (Alejandro Mosso Remix),https://www.youtube.com/watch?v=qb-F_wUUDuw,2020
2026-09-07T04:06:04,2,2026-09-10T23:05:46,Nohan,Time (Armen Miran Remix),https://www.youtube.com/watch?v=pQZc5MUlBlI,2020
2026-09-07T04:10:48,2,2026-09-10T23:14:06,Curt Reynolds,Switch,https://www.youtube.com/watch?v=A4h5GQGWklQ,2021
2026-09-07T04:17:42,2,2026-09-10T23:17:37,Miraculum,Exhale (Nicolas Soria Remix),https://www.youtube.com/watch?v=GB9i7lmy7sE,2022
2026-09-07T04:21:27,2,2026-09-10T23:25:34,Onerec,Destiny (Vauban Remix),https://www.youtube.com/watch?v=6Bb7_bJfQw8,2021
2026-09-07T04:26:55,2,2026-09-10T23:28:30,Marco Amoazoo,Fields,https://www.youtube.com/watch?v=DyPaZrFDtZ0,2024
2026-09-07T04:32:19,2,2026-09-10T23:39:09,Doyeq,Melted,https://www.youtube.com/watch?v=gqSXYUKay9U,2024
2026-09-07T04:41:55,2,2026-09-10T23:45:00,Throdef & Basam Randy,Gyulbahar (ArmHin Remix),https://www.youtube.com/watch?v=hRNHa00E4mM,2021
2026-09-07T04:46:21,2,2026-09-10T23:51:32,Iman Hanzo,Tears Of The Sun,https://www.youtube.com/watch?v=NQvjviYHdAM,2023
2026-09-07T04:54:09,2,2026-09-10T23:54:18,Brian David,Sankofa (Ellle Fach Remix),https://www.youtube.com/watch?v=9n5VNg8GY4A,2025
2026-09-07T05:03:13,2,2026-09-11T00:04:03,Alex Twin & Victhor,Amarr,https://www.youtube.com/watch?v=d6BN-32Tu9Q,2020
2026-09-07T05:12:31,1,2026-09-07T05:12:31,Memo Rex,Vesta,https://www.youtube.com/watch?v=aWRjkArka-Q,2024
2026-09-07T05:16:16,1,2026-09-07T05:16:16,Mike Kohl,Home (Namatjira Remix),https://www.youtube.com/watch?v=hFBvpc3HfgA,2025
2026-09-07T05:24:45,1,2026-09-07T05:24:45,Bodai,Brave (Edu Schwartz Remix),https://www.youtube.com/watch?v=a7VZ2YadcQk,2025
2026-09-07T05:27:36,2,2026-09-11T03:09:55,Milam,Mt Fuji Is a Pyramid,https://www.youtube.com/watch?v=xTaifKDmftk,2026
2026-09-07T05:35:37,2,2026-09-11T03:13:58,Pedro Aviles,Saudade,https://www.youtube.com/watch?v=gqL3Ar9DKPU,2026
2026-09-07T05:38:28,2,2026-09-11T03:20:30,Rich Towers,Parallels,https://www.youtube.com/watch?v=4kafhE2eIfE,2024
2026-09-07T05:46:07,2,2026-09-11T03:24:42,Rossell & Gama,The Feeling,https://www.youtube.com/watch?v=Np_Hqg9cCw4,2026
2026-09-07T05:48:45,2,2026-09-11T03:31:31,Ritmicki Hram,Mare Desiderii,https://www.youtube.com/watch?v=Y0DDFAevwSI,2021
2026-09-07T05:56:38,2,2026-09-11T03:36:46,Tamer Amin,Racing To Nowhere (Mariner & Domingo Remix),https://www.youtube.com/watch?v=OiIa6J-Ijm0,2021
2026-09-07T06:01:39,2,2026-09-11T03:47:03,Aykut Bilir,Drape,https://www.youtube.com/watch?v=sYdHr_rY4co,2021
2026-09-07T06:08:38,2,2026-09-11T03:50:21,Andy Lansky & Zigan Aldi,Dadaduz,https://www.youtube.com/watch?v=3JUO52fJAxU,2025
2026-09-07T06:17:56,2,2026-09-11T03:56:43,Radice (Po),Caapi,https://www.youtube.com/watch?v=s40xRNGeJ10,2022
2026-09-07T06:25:03,2,2026-09-11T03:59:39,Nursultan Kun,Luvway (Erich Von Kollar Remix),https://www.youtube.com/watch?v=VG-dxNhhrNk,2021
2026-09-07T06:28:30,2,2026-09-11T04:07:58,A Silver MT. Zion,13 Angels Standing Guard 'Round The Side Of Your B,https://www.youtube.com/watch?v=hQZfGa5t4e8,2007
2026-09-07T06:38:33,2,2026-09-11T04:17:03,Alberto Hernandez & Mond,A Night In Istanbul,https://www.youtube.com/watch?v=aFdcxXk8N8g,2022
2026-09-07T06:41:42,2,2026-09-11T04:23:03,Vooz Brothers,Emotional Intelligence,https://www.youtube.com/watch?v=P_1-rYf8rgA,2021
2026-09-07T06:49:39,2,2026-09-11T04:27:19,Return to Saturn,Prana,https://www.youtube.com/watch?v=gYCrXoCRD9w,2022
2026-09-07T06:53:51,2,2026-09-11T04:36:33,Nohan,Four Walls (Lost Desert Remix),https://www.youtube.com/watch?v=v7ntfh0WSq4,2020
2026-09-07T07:01:12,2,2026-09-11T04:39:42,Stevie R & Djanan Turan,Inicio de la magia (ReyKjavik Remix),https://www.youtube.com/watch?v=tctFrMRj2TU,2020
2026-09-07T07:05:02,2,2026-09-11T04:49:22,Rivvo & Matt Oliver,The Peaceful Forest,https://www.youtube.com/watch?v=lAEBzs1Avmo,2023
2026-09-07T07:12:59,2,2026-09-11T04:52:00,Kamilo Sanclemente,Parallax (Carlos Bacchus Remix),https://www.youtube.com/watch?v=25bynSe18uM,2025
2026-09-07T07:18:32,2,2026-09-11T05:01:40,Mauro Masi,The World,https://www.youtube.com/watch?v=SWDiCYowd8c,2025
2026-09-07T07:24:50,2,2026-09-11T05:05:52,Pedro Aviles,Miralune,https://www.youtube.com/watch?v=tifoywzHMjQ,2026
2026-09-07T07:33:55,2,2026-09-11T05:14:39,Phillosopher,The Ethereal Path (Domingo + Loveclub Remix),https://www.youtube.com/watch?v=cYjAA1o7N2M,2026
2026-09-07T07:41:52,2,2026-09-11T05:18:47,Pole Folder,Elo (Madraas Remix),https://www.youtube.com/watch?v=dSb4AU5ceAM,2026
2026-09-07T07:45:01,2,2026-09-11T05:25:36,Julian Liander,Moon Whisper,https://www.youtube.com/watch?v=hdSHofENAi0,2025
2026-09-07T07:53:29,2,2026-09-11T05:36:06,Arteforma,Flora (El Mundo Remix),https://www.youtube.com/watch?v=aBKfC6xnUvA,2025
2026-09-07T07:57:46,2,2026-09-11T05:45:06,Mredrollo,Funkinmusic,https://www.youtube.com/watch?v=Yil98woxN88,2025
2026-09-07T08:08:47,2,2026-09-11T05:51:11,Chunkee,Sands of Time,https://www.youtube.com/watch?v=3qyiqIzYmpM,2025
2026-09-07T08:12:32,2,2026-09-11T05:58:50,Stan Tone,Taiko Frenzy,https://www.youtube.com/watch?v=5BTkFPZ7ARo,2025
2026-09-07T08:23:52,2,2026-09-11T06:04:18,Viel,Shining Again (NAASA Remix),https://www.youtube.com/watch?v=alwDzKf_ZqA,2025
2026-09-07T08:28:17,2,2026-09-11T06:12:24,Kyong Sono,Edelstein (Christopher Schwarzwalder Remix),https://www.youtube.com/watch?v=l19yHTbAgM4,2025
2026-09-07T08:36:23,2,2026-09-11T06:16:27,Randy de Silva & ST.EGO,Listen My Mind,https://www.youtube.com/watch?v=DulGdlNyD3k,2026
2026-09-07T08:40:40,2,2026-09-11T06:24:33,Will Vance,Call To Mind (Traumhouse Remix),https://www.youtube.com/watch?v=Uwxom1JcFGY,2025
2026-09-07T08:50:29,2,2026-09-11T06:29:48,Yannek Maunz,Bouncing Off Walls,https://www.youtube.com/watch?v=H2JkY3tOLMI,2025
2026-09-07T08:58:17,2,2026-09-11T06:36:51,M.O.S.,Orchidea,https://www.youtube.com/watch?v=UZxLhNNWs-Y,2021
2026-09-07T09:07:45,2,2026-09-11T06:41:26,Elliot Moriarty,Simple Things,https://www.youtube.com/watch?v=Or9_wZGmoIA,2022
2026-09-07T09:12:33,2,2026-09-11T06:50:26,Bunicul Tau,Ne Ruynuy,https://www.youtube.com/watch?v=M9Jo2lPcLAM,2025
2026-09-07T09:21:06,2,2026-09-11T06:57:47,Cameron Jack,Sixth Sense,https://www.youtube.com/watch?v=hKxjpVHCc0Y,2025
2026-09-07T09:25:49,2,2026-09-11T07:06:29,Chona (Ar),Redemption,https://www.youtube.com/watch?v=E9GCbALNuzg,2025
2026-09-07T09:34:45,2,2026-09-11T07:11:31,Julian Liander,You And Me,https://www.youtube.com/watch?v=2gc8pN7A8u0,2025
2026-09-07T09:40:00,2,2026-09-11T07:22:01,David Orin & Hannah Noelle,Downpour,https://www.youtube.com/watch?v=xn0_qPCymSI,2024
2026-09-07T09:49:49,2,2026-09-11T07:28:10,Mass Digital & Cafe de Anatolia,Time Flies by Us,https://www.youtube.com/watch?v=ELrtPGxdL8M,2023
2026-09-07T09:52:58,2,2026-09-11T07:36:34,Valen Frando,LaBaLa,https://www.youtube.com/watch?v=lsSRYrrPWvQ,2020
2026-09-07T10:00:15,2,2026-09-11T07:40:01,Edu Schwartz,Quiet Inside (Madraas Remix),https://www.youtube.com/watch?v=mgWwe8wBsqA,2021
2026-09-07T10:03:15,2,2026-09-11T07:46:05,Nikita Grib & Netochno,Prism,https://www.youtube.com/watch?v=RbZ4PyTZ8q0,2026
2026-09-07T10:09:51,2,2026-09-11T07:49:46,SOL7 & Daesmith,Praia (Peter Makto Remix),https://www.youtube.com/watch?v=rajwj20aaE8,2026
2026-09-07T10:17:43,2,2026-09-11T07:58:23,Thom Rich,Brother Hermanos (Mike Kohl Remix),https://www.youtube.com/watch?v=x-l-cKuhyGU,2025
2026-09-07T10:25:00,2,2026-09-11T08:02:04,Coss Bocanegra,Maria De La Luz,https://www.youtube.com/watch?v=VSxpi3tQ45c,2026
2026-09-07T10:29:30,2,2026-09-11T08:11:53,De Brus,Solar Drift,https://www.youtube.com/watch?v=ErXQzClPZgk,2026
2026-09-07T10:36:37,2,2026-09-11T08:19:19,Erdi Irmak,Calling,https://www.youtube.com/watch?v=EsP0g8B_Pg8,2025
2026-09-07T10:40:27,2,2026-09-11T08:27:20,Elliot Moriarty,Upholding Expectations,https://www.youtube.com/watch?v=9iJIg8-Gf94,2024
2026-09-07T10:49:23,2,2026-09-11T08:31:01,Oovsha,Olyushka,https://www.youtube.com/watch?v=NHd21CBEBwc,
2026-09-07T10:55:09,2,2026-09-11T08:41:44,Serious Dancers,Oasis,https://www.youtube.com/watch?v=lzewAZKXW1w,2024
2026-09-07T11:05:21,2,2026-09-11T08:46:46,M.O.S.,Night Owls,https://www.youtube.com/watch?v=SfdpFw36QeQ,2024
2026-09-07T11:09:33,2,2026-09-11T08:54:34,Oovsha,New Life,https://www.youtube.com/watch?v=IGGu_ZwtSBE,2024
2026-09-07T11:18:29,2,2026-09-11T09:00:25,Enigmatic,Crossing Roads,https://www.youtube.com/watch?v=iIK1nMch7f0,2022
2026-09-07T11:21:11,2,2026-09-11T09:06:48,Dibidabo & Lev Tatarov,Vo Dvore (Sound Shapes Remix),https://www.youtube.com/watch?v=E3FneXXtyDo,2020
2026-09-07T11:30:38,2,2026-09-11T09:11:13,Alpas & Maple Sun,Rivers (Anton Ishutin Remix),https://www.youtube.com/watch?v=bQ3T-tYF9Zs,2026
2026-09-07T11:39:38,2,2026-09-11T09:18:34,Erdi Irmak,Von,https://www.youtube.com/watch?v=XnKLviRLyoY,2026
2026-09-07T11:49:00,1,2026-09-07T11:49:00,Hans Gerd,Rubra,https://www.youtube.com/watch?v=pHov_uNVYuQ,2026
2026-09-07T11:54:56,1,2026-09-07T11:54:56,Jason Rivas & Cream House,Oceans,https://www.youtube.com/watch?v=_29lbYRBUnI,2025
2026-09-07T12:02:21,1,2026-09-07T12:02:21,Kadien,Phoenix,https://www.youtube.com/watch?v=QgA8Y0htxuM,2026
2026-09-07T12:06:06,1,2026-09-07T12:06:06,Lex Laurence & Liam Bongo & Divine Timing,Elefantum (Tebra Remix),,
2026-09-07T12:14:12,1,2026-09-07T12:14:12,Mail,Begin,,
2026-09-07T12:19:54,1,2026-09-07T12:19:54,Omerar Nanda,Hum Baha (Anatolian Sessions Remix),https://www.youtube.com/watch?v=f2a2yreSgJQ,2026
2026-09-07T12:26:39,1,2026-09-07T12:26:39,Pumbum,Drunk Pluck,https://www.youtube.com/watch?v=qeKZkmAsheo,2024
2026-09-07T12:31:50,1,2026-09-07T12:31:50,Anriu & Poli-poli,Finding The Wind,https://www.youtube.com/watch?v=vTVed6FDuqk,2024
2026-09-07T12:38:39,1,2026-09-07T12:38:39,Rabiee Ahmad,Dream (Lavie Au Soleil Remix),https://www.youtube.com/watch?v=jNXDw342Wrc,2024
2026-09-07T12:43:41,1,2026-09-07T12:43:41,Ranta & Arthaum,Hupsa Kay,https://www.youtube.com/watch?v=cVc-coYAUpY,2026
2026-09-07T12:53:03,1,2026-09-07T12:53:03,Samche,Firefly,https://www.youtube.com/watch?v=1Rzyn96zuLo,2026
2026-09-07T13:03:25,1,2026-09-07T13:03:25,Sebastian Hal & Hamze,Unbroken,https://www.youtube.com/watch?v=q4mBhXIyqBU,2026
2026-09-07T13:11:13,1,2026-09-07T13:11:13,Shayan Pasha & Different Ray,Green Waves,https://www.youtube.com/watch?v=_pPvBxvxqFg,2026
2026-09-07T13:14:22,1,2026-09-07T13:14:22,Samche,Onde,,
2026-09-07T13:23:04,1,2026-09-07T13:23:04,Studio Deep & Ivor Zegra,The World Is Yours,https://www.youtube.com/watch?v=WsupEAWyEN0,2026
2026-09-07T13:27:16,1,2026-09-07T13:27:16,Tibetania & Anamel Project,Dont Let Go,,
2026-09-07T13:35:58,1,2026-09-07T13:35:58,Amber Stomp,330x14 (Volen Sentir Deep Jungle Ceremony Remix),https://www.youtube.com/watch?v=_ix8aLJ-PUU,2026
2026-09-07T13:41:08,1,2026-09-07T13:41:08,Samche,Quietude,https://www.youtube.com/watch?v=uzIrKxJl0oA,2026
2026-09-07T13:48:02,1,2026-09-07T13:48:02,Tryger,"Fall Into (Ver Dikt, Andy Dav Remix)",https://www.youtube.com/watch?v=nmCDSfX-1dQ,2025
2026-09-07T13:51:43,1,2026-09-07T13:51:43,Bartan & Shumeta,"Under The Moonlight (Plecta, Jelly For The Babies",,
2026-09-07T13:59:04,1,2026-09-07T13:59:04,Cafe de Anatolia & Gonzalo Lodi,Spiaggia,https://www.youtube.com/watch?v=45__oe2cH14,2026
2026-09-07T14:04:46,1,2026-09-07T14:04:46,Dj Paulus,Solace,https://www.youtube.com/watch?v=j2iZW67MrYE,2026
2026-09-07T14:13:46,2,2026-09-11T12:12:17,Dsf,Time Flies,https://www.youtube.com/watch?v=SogQDG8IevE,2026
2026-09-07T14:22:59,2,2026-09-11T12:21:44,Juan Domecq,Summer Ghost,https://www.youtube.com/watch?v=cNwXQJP6lQg,2026
2026-09-07T14:31:55,1,2026-09-07T14:31:55,Hans Gerd,Space Cadet,https://www.youtube.com/watch?v=a1fGNoQHxv0,2026
2026-09-07T14:36:07,1,2026-09-07T14:36:07,Alver Deejay,The Other Side,https://www.youtube.com/watch?v=tvEqbrDVkfA,2026
2026-09-07T14:44:22,1,2026-09-07T14:44:22,Eddy Hart & Tibetania,Tabla,https://www.youtube.com/watch?v=qsfou5tbATU,2025
2026-09-07T14:47:26,2,2026-09-11T12:29:41,Bachir Salloum,You Make Me Feel (Nhar Remix),https://www.youtube.com/watch?v=auTGrE4f_Iw,2025
2026-09-07T14:56:49,2,2026-09-11T12:34:20,Ryno,Now Everybody Dance,https://www.youtube.com/watch?v=LU7aP4fwy6Q,2025
2026-09-07T15:02:04,2,2026-09-11T12:44:23,Ricardo Angeles,Whisper (Reskide Remix),https://www.youtube.com/watch?v=0ouQIvSOq18,2025
2026-09-07T15:11:22,1,2026-09-07T15:11:22,Niko Ava,Azure,https://www.youtube.com/watch?v=Jel6crl0MD8,2025
2026-09-07T15:15:34,1,2026-09-07T15:15:34,Antrim,Hoffnung,https://www.youtube.com/watch?v=5M1Id5teN0A,2021
2026-09-07T15:22:06,1,2026-09-07T15:22:06,Stan Tone,Morena,https://www.youtube.com/watch?v=bW6Zg6BIZ-g,2025
2026-09-07T15:26:49,1,2026-09-07T15:26:49,Victhor,The Dawn,https://www.youtube.com/watch?v=L3GhVyjWSuo,2025
2026-09-07T15:35:13,1,2026-09-07T15:35:13,Disalazar,Child Chants,https://www.youtube.com/watch?v=Xdcu6Z99W5k,2025
2026-09-07T15:42:43,1,2026-09-07T15:42:43,Death on the Balcony,Spectrum of Light,https://www.youtube.com/watch?v=VDbDe_tFEho,2022
2026-09-07T15:51:57,1,2026-09-07T15:51:57,Redoblue,Melia,https://www.youtube.com/watch?v=MCAdyCBdRtQ,2022
2026-09-07T15:54:34,1,2026-09-07T15:54:34,K2W0,Pushin On (Timboletti Remix),https://www.youtube.com/watch?v=2zl2OoV3fT0,2021
2026-09-07T16:03:07,1,2026-09-07T16:03:07,Domo,How bad,,
2026-09-07T16:06:52,1,2026-09-07T16:06:52,Erdi Irmak,Lost Tales,https://www.youtube.com/watch?v=T5lNmTKiAN4,2024
2026-09-07T16:17:40,1,2026-09-07T16:17:40,Marian,Goethe and the Nature,https://www.youtube.com/watch?v=MOTM4LrncOs,2021
2026-09-07T16:21:03,1,2026-09-07T16:21:03,Emi Galvan & Dj Zombi,Frequency Shift,https://www.youtube.com/watch?v=5AOVgmdDBs8,2024
2026-09-07T16:27:52,1,2026-09-07T16:27:52,Evren Furtuna,Nude,https://www.youtube.com/watch?v=tq5OnHLhCiU,2020
2026-09-07T16:32:40,1,2026-09-07T16:32:40,Bross,"Trubadour (Nacho Varela, Cruz Vittor Remix)",https://www.youtube.com/watch?v=1byJOPvTOK8,2021
2026-09-07T16:40:19,1,2026-09-07T16:40:19,Naasa & Tryger,Wild Island,https://www.youtube.com/watch?v=qyaV2FJorbY,2025
2026-09-07T16:44:31,1,2026-09-07T16:44:31,Mashrik & Borak,Physical Empathy (Ali Farahani Remix),https://www.youtube.com/watch?v=SDZAw6Dl9AQ,2025
2026-09-07T16:54:12,1,2026-09-07T16:54:12,Emotional Tourist,Mixed Feelings,https://www.youtube.com/watch?v=e_Mc_AklBm0,2022
2026-09-07T16:59:32,1,2026-09-07T16:59:32,M.O.S. & Ilias Katelanos & Plecta & Alexandra Savvidi,When We Are Alone,https://www.youtube.com/watch?v=fA0cnnFSIhw,2025
2026-09-07T17:07:47,1,2026-09-07T17:07:47,Ranta,Children of Ymir,https://www.youtube.com/watch?v=OkaNQcas6J8,2023
2026-09-07T17:11:09,1,2026-09-07T17:11:09,Kamilo Sanclemente & Zalvador,Hypnotized,https://www.youtube.com/watch?v=8sXZ9_-ATsA,2022
2026-09-07T17:19:11,1,2026-09-07T17:19:11,Volen Sentir,Manasarovar,https://www.youtube.com/watch?v=tJkCwpOlEro,2019
2026-09-07T17:23:50,1,2026-09-07T17:23:50,Valeria Petz,Meraki (Arbey Gonzalez Remix),https://www.youtube.com/watch?v=unbV9lGMIzk,2023
2026-09-07T17:31:11,1,2026-09-07T17:31:11,Wisso,New Horizon,https://www.youtube.com/watch?v=p3OxLas5BSM,2023
2026-09-07T17:35:23,1,2026-09-07T17:35:23,Tim Green,You Look Good,https://www.youtube.com/watch?v=71KSwateDn0,2025
2026-09-07T17:46:20,1,2026-09-07T17:46:20,Pedro Sanmartin,Lost Planet (Juan Deminicis Remix),https://www.youtube.com/watch?v=9JvYppHh-uk,2021
2026-09-07T17:50:36,1,2026-09-07T17:50:36,Anonimat,Shibuya (Newman Remix),https://www.youtube.com/watch?v=fjuIomnT8xQ,2025
2026-09-07T18:02:14,1,2026-09-07T18:02:14,Krasa Rosa,Caravan,https://www.youtube.com/watch?v=h_pr5PENT_M,2024
2026-09-07T18:05:18,1,2026-09-07T18:05:18,Enamour & Hon Jao,Dragonfly,https://www.youtube.com/watch?v=jwg7tmuA-N8,2021
2026-09-07T18:12:30,1,2026-09-07T18:12:30,Tim Green,Minds,https://www.youtube.com/watch?v=qk1sx_ayJJA,2025
2026-09-07T18:23:09,1,2026-09-07T18:23:09,Silken Tide,Something Changed,https://www.youtube.com/watch?v=gIFYfj0CzU0,2025
2026-09-07T18:31:56,1,2026-09-07T18:31:56,Oris Moon,Space Gravity,https://www.youtube.com/watch?v=7Zdq7oE2uGo,2025
2026-09-07T18:35:09,1,2026-09-07T18:35:09,Junior & Lost Desert,Yo Nde,https://www.youtube.com/watch?v=0Klylp-ySzk,2021
2026-09-07T18:44:27,1,2026-09-07T18:44:27,Molac & Eduardo Mcgregor,Midnight Cowboy,https://www.youtube.com/watch?v=qMxBwZHrM9Y,2025
2026-09-07T18:48:39,1,2026-09-07T18:48:39,Missfeat,Feel Me,https://www.youtube.com/watch?v=qcHg7dtVijs,2025
2026-09-07T18:58:24,1,2026-09-07T18:58:24,MI.LA & Maxxim,Nishati (Soul Engineers Remix),https://www.youtube.com/watch?v=6ZbAVVFXoug,2025
2026-09-07T19:04:11,1,2026-09-07T19:04:11,Matt Dwellers,Osha,https://www.youtube.com/watch?v=gu6HUtOq0Mk,2025
2026-09-07T19:11:59,1,2026-09-07T19:11:59,Leon Lobato,Divine Timing,https://www.youtube.com/watch?v=yKT1Fg6bVok,2025
2026-09-07T19:15:53,1,2026-09-07T19:15:53,Alley Sa,Mbali,https://www.youtube.com/watch?v=ZfvAGoYO76s,2024
2026-09-07T19:25:07,1,2026-09-07T19:25:07,Manu Pavez,Dialogos Mentales,https://www.youtube.com/watch?v=looastODGHE,2025
2026-09-07T19:29:19,1,2026-09-07T19:29:19,South Bloom & Sounds of Sirin,I Feel Love,https://www.youtube.com/watch?v=chKJ_yRN9O8,2024
2026-09-07T19:37:25,1,2026-09-07T19:37:25,Kalico Jak & Tibetania,From The Wilds,https://www.youtube.com/watch?v=nBwpvt0RRIc,2025
2026-09-07T19:45:35,1,2026-09-07T19:45:35,Matt Dwellers,Aiana,https://www.youtube.com/watch?v=an1mpncva5Q,2025
2026-09-07T19:54:13,1,2026-09-07T19:54:13,Jim Carson,World Goes Crazy,,
2026-09-07T19:59:23,1,2026-09-07T19:59:23,Izhevski & Stan Tone,Protea,https://www.youtube.com/watch?v=iSduK3f1WM0,2025
2026-09-07T20:06:04,1,2026-09-07T20:06:04,David Green,Tulum,https://www.youtube.com/watch?v=ehECQ4LaREU,2024
2026-09-07T20:10:38,1,2026-09-07T20:10:38,Nicolas Soria,The Journey,https://www.youtube.com/watch?v=9Riv3xvirFQ,2022
2026-09-07T20:17:19,1,2026-09-07T20:17:19,Eduardo Mcgregor,I Fall Too,https://www.youtube.com/watch?v=QvJfjIOh84k,2021
2026-09-07T20:20:59,1,2026-09-07T20:20:59,Luis Kill & Maximiliano Db,Enchants,https://www.youtube.com/watch?v=8Azcxgtustw,2020
2026-09-07T20:30:13,1,2026-09-07T20:30:13,Wawda & Mulo,Poletje,https://www.youtube.com/watch?v=IuCDInYUfS0,2024
2026-09-07T20:34:56,1,2026-09-07T20:34:56,Mauro Masi,The Controll,,
2026-09-07T20:46:56,1,2026-09-07T20:46:56,Storgards,Miss U,https://www.youtube.com/watch?v=-G4EH5IG0HQ,2020
2026-09-07T20:50:50,1,2026-09-07T20:50:50,Peve,A Little Happinnes,https://www.youtube.com/watch?v=6rldIL6UdLI,2021
2026-09-07T20:58:16,1,2026-09-07T20:58:16,Traumhouse,Mundus Dolor,https://www.youtube.com/watch?v=04lj22l08rc,2024
2026-09-07T21:08:42,1,2026-09-07T21:08:42,Blex (Ar),Qasar,https://www.youtube.com/watch?v=0XI8HhKxjDI,2024
2026-09-07T21:19:52,1,2026-09-07T21:19:52,Vite & Jesus Nava,Galaxy Counters,https://www.youtube.com/watch?v=CXekUePNmHQ,2020
2026-09-07T21:23:51,1,2026-09-07T21:23:51,Dsf,"Yes, Of Course",https://www.youtube.com/watch?v=j25OvNhMJDs,2026
2026-09-07T21:32:46,1,2026-09-07T21:32:46,Sebastien Leger,Pakpak,https://www.youtube.com/watch?v=c0AcblTTIKw,2024
2026-09-07T21:36:22,1,2026-09-07T21:36:22,Greg Ochman,Kaizen,https://www.youtube.com/watch?v=XHe16ILkFM8,2024
2026-09-07T21:45:13,1,2026-09-07T21:45:13,Roy Rosenfeld,Hello,https://www.youtube.com/watch?v=cApsjfVV9sw,2024
2026-09-07T21:52:12,1,2026-09-07T21:52:12,Lee Jones,Nautilus,https://www.youtube.com/watch?v=4V8aMeFeB6Y,2021
2026-09-07T22:01:21,1,2026-09-07T22:01:21,Miraval,Bleeding Hearts,https://www.youtube.com/watch?v=rORM6US_IX0,2021
2026-09-07T22:04:48,1,2026-09-07T22:04:48,Agustin Duarte,Summer Somewhere,https://www.youtube.com/watch?v=Bj4KEsfl0cM,2025
2026-09-07T22:11:55,1,2026-09-07T22:11:55,Soul of Void,Etz Haim,https://www.youtube.com/watch?v=v4KpLGbVBnM,2022
2026-09-07T22:14:33,1,2026-09-07T22:14:33,Montezuma,Caminata,https://www.youtube.com/watch?v=rz_O0sKq2JQ,2021
2026-09-07T22:21:58,1,2026-09-07T22:21:58,Peshta Gora,Tikho v Lesu,https://www.youtube.com/watch?v=BVZskDvsdig,2021
2026-09-07T22:29:51,1,2026-09-07T22:29:51,Pambouk,Hidden Faces,https://www.youtube.com/watch?v=dxG6Dtmsh6w,2024
2026-09-07T22:39:27,1,2026-09-07T22:39:27,Mariner & Domingo,Edenwilde (Elk Remix),https://www.youtube.com/watch?v=H6nIHcZ2tWo,2021
2026-09-07T22:43:44,1,2026-09-07T22:43:44,M.O.S.,Igako,https://www.youtube.com/watch?v=NtF0wY81YZk,2024
2026-09-07T22:54:00,1,2026-09-07T22:54:00,Lost Desert,Indigo Bleu,https://www.youtube.com/watch?v=7bKyAL5So9M,2024
2026-09-07T22:58:53,1,2026-09-07T22:58:53,Nosssia,Green Way,https://www.youtube.com/watch?v=_w73uxRanwk,2021
2026-09-07T23:07:48,1,2026-09-07T23:07:48,Domingo & Loveclub & Maxxim,Mystique,https://www.youtube.com/watch?v=s4Eyq3D0v9c,2022
2026-09-07T23:09:54,1,2026-09-07T23:09:54,Unam & David Leyton,Hearth,https://www.youtube.com/watch?v=_AIJVUJqimQ,2025
2026-09-07T23:19:08,1,2026-09-07T23:19:08,Awka,Stimm (Chiari Remix),https://www.youtube.com/watch?v=IUYZmFR9Ilo,2021
2026-09-07T23:23:24,1,2026-09-07T23:23:24,La Vue,Hedo,https://www.youtube.com/watch?v=jyyEuUr3mdU,2020
2026-09-07T23:28:53,1,2026-09-07T23:28:53,Augusto Landucci,Rebecca,https://www.youtube.com/watch?v=xukJhTLCOx4,2022
2026-09-07T23:32:20,1,2026-09-07T23:32:20,Amarone,Pink Lemonade,https://www.youtube.com/watch?v=7F2ZKsNLAC4,2022
2026-09-07T23:38:51,1,2026-09-07T23:38:51,Double Touch,Earth Guardians,https://www.youtube.com/watch?v=bbmEz6pKQqg,2022
2026-09-07T23:47:33,1,2026-09-07T23:47:33,Nohan,Assuefazione,https://www.youtube.com/watch?v=MxZndA3hXY4,2024
2026-09-07T23:57:27,1,2026-09-07T23:57:27,Savvas,We Are,https://www.youtube.com/watch?v=XH6O1NFckH8,2024
2026-09-08T00:03:23,1,2026-09-08T00:03:23,Serious Dancers,Adalee,https://www.youtube.com/watch?v=zxTxMOkq5Rg,2024
2026-09-08T00:13:53,1,2026-09-08T00:13:53,James Saboia,Luz do Mundo,https://www.youtube.com/watch?v=0P2qSznsgX0,2023
2026-09-08T00:17:02,1,2026-09-08T00:17:02,Not Demure,Lovster,https://www.youtube.com/watch?v=XoExMoWdRsE,2021
2026-09-08T00:24:28,1,2026-09-08T00:24:28,Julian Liander,Ember,https://www.youtube.com/watch?v=RUnphPf4tKA,2025
2026-09-08T00:29:38,1,2026-09-08T00:29:38,Cafe de Anatolia & Scure (Br),Serenade,https://www.youtube.com/watch?v=sixoaLzMAg8,2024
2026-09-08T00:38:29,1,2026-09-08T00:38:29,Bodaishin & Thales Senses,Miracle Mornings,https://www.youtube.com/watch?v=7MCaUCY6Wuc,2023
2026-09-08T00:41:43,1,2026-09-08T00:41:43,Amir Telem,Shikshaktakam,https://www.youtube.com/watch?v=AhLJXJr9OZE,2020
2026-09-08T00:49:53,1,2026-09-08T00:49:53,Fede Archdale,Comet 1,https://www.youtube.com/watch?v=72FqjRmohvw,2026
2026-09-08T00:53:07,1,2026-09-08T00:53:07,Monojoke,Tranquility,https://www.youtube.com/watch?v=UqAr64m1tAA,2020
2026-09-08T01:00:46,1,2026-09-08T01:00:46,Konvex (Fr),Hona,https://www.youtube.com/watch?v=zAEoLrjoB40,2024
2026-09-08T01:07:58,1,2026-09-08T01:07:58,Rawla,Astra,https://www.youtube.com/watch?v=2HR_SooA1V0,2024
2026-09-08T01:16:53,1,2026-09-08T01:16:53,Dor Reuveni,Chasing Shadows,https://www.youtube.com/watch?v=8DTo5sWoRoQ,2022
2026-09-08T01:20:07,1,2026-09-08T01:20:07,Blex (Ar),Radha,https://www.youtube.com/watch?v=-kTEgTMGrBQ,2024
2026-09-08T01:30:05,1,2026-09-08T01:30:05,Alley Sa,Sequoia,https://www.youtube.com/watch?v=FxUdjEiOgFE,2024
2026-09-08T01:33:37,1,2026-09-08T01:33:37,Fulltone,A Sine From The Nord (Powel Remix),https://www.youtube.com/watch?v=JvtqtQmL6lg,2021
2026-09-08T01:41:07,1,2026-09-08T01:41:07,Rocio Portillo & Karim Sar Sar & Valley (Ar),Three Doors,https://www.youtube.com/watch?v=hHsOzR6aE2o,2022
2026-09-08T01:44:56,1,2026-09-08T01:44:56,Jeff Eveline,Wandering Gas,https://www.youtube.com/watch?v=X-8IWcDgd1s,2021
2026-09-08T01:54:10,1,2026-09-08T01:54:10,M.A.N.D.Y.,"Gizmo (Amine K, Yahya Remix)",https://www.youtube.com/watch?v=Lr8EVmQhJA0,2024
2026-09-08T01:57:59,1,2026-09-08T01:57:59,Kenji Sekiguchi,Suimei,https://www.youtube.com/watch?v=wv0KYcwkRZs,2023
2026-09-08T02:05:29,1,2026-09-08T02:05:29,Ilya Gerus,Avalon,https://www.youtube.com/watch?v=4C-YEDqyLKc,2021
2026-09-08T02:08:43,1,2026-09-08T02:08:43,Facundo Nadra,Pequena Tesela,https://www.youtube.com/watch?v=XMnPpsXyrzY,2025
2026-09-08T02:18:19,1,2026-09-08T02:18:19,Alberto Hernandez,All We Have Is Now,https://www.youtube.com/watch?v=Hmqa0TavVEc,2021
2026-09-08T02:28:22,1,2026-09-08T02:28:22,Alehho,Dawn of Man,https://www.youtube.com/watch?v=Mid9QpXj83A,2021
2026-09-08T02:32:57,1,2026-09-08T02:32:57,Cocho,D.A.N.,https://www.youtube.com/watch?v=ZjLsQCQAAlg,2023
2026-09-08T02:36:15,1,2026-09-08T02:36:15,Nopi,Forest Gid,,
2026-09-08T02:44:52,1,2026-09-08T02:44:52,Ben Tucker,Out of Place,https://www.youtube.com/watch?v=dTZ0cOLEmCc,2020
2026-09-08T02:49:27,1,2026-09-08T02:49:27,Basaar,Agamotto,https://www.youtube.com/watch?v=pJXOq6v7yck,2022
2026-09-08T02:56:43,1,2026-09-08T02:56:43,Tootall,Blossom (DSF Remix),https://www.youtube.com/watch?v=EGSogyFmloo,2021
2026-09-08T03:01:45,1,2026-09-08T03:01:45,Ventt & Keparys,Secret of the Nile (Nacho Varela & Cruz Vittor Remix,,
2026-09-08T03:08:48,1,2026-09-08T03:08:48,Valdovinos & Belu Clavero,Asterisms,https://www.youtube.com/watch?v=GrQZQC-PfD8,2021
2026-09-08T03:12:28,1,2026-09-08T03:12:28,S.O.U.L. Vibration & Dncn & Freddy Be,Knock Me Off My Feet (Replicanth Remix),https://www.youtube.com/watch?v=z2sIkiTO1Do,2022
2026-09-08T03:20:39,1,2026-09-08T03:20:39,Simone Vitullo & Tanit,Rorogwela (Newman I Love Remix),https://www.youtube.com/watch?v=kqya4fLJn3o,2022
2026-09-08T03:23:48,1,2026-09-08T03:23:48,Hoj & Newman,Symptom of the Sound,https://www.youtube.com/watch?v=39QVfu1FPEY,2020
2026-09-08T03:33:19,1,2026-09-08T03:33:19,Alex O'rion,Ameal,https://www.youtube.com/watch?v=8qnmUQQOLek,2021
2026-09-08T03:41:39,1,2026-09-08T03:41:39,Zeca Veloso,Todo Homem (Antdot & Maz (BR) Remix),https://www.youtube.com/watch?v=oT0fNP0r1lI,2022
2026-09-08T03:48:51,1,2026-09-08T03:48:51,Volen Sentir,Neunivai,https://www.youtube.com/watch?v=am12F47e5o4,2021
2026-09-08T03:52:49,1,2026-09-08T03:52:49,Anthony Middleton,Magic Touch,https://www.youtube.com/watch?v=ku5dbFvFeHA,2021
2026-09-08T03:58:45,1,2026-09-08T03:58:45,Gai Barone,Bitter Misery (Serious Dancers Remix),https://www.youtube.com/watch?v=XIdw1NgNeJg,2025
2026-09-08T04:04:00,1,2026-09-08T04:04:00,Anonimat & Soulmac & Sensitive (It),Brainwash,https://www.youtube.com/watch?v=aLifJAY9ssI,2024
2026-09-08T04:13:05,1,2026-09-08T04:13:05,Modd,Gambit,https://www.youtube.com/watch?v=2WmdMowxbzA,2021
2026-09-08T04:17:17,1,2026-09-08T04:17:17,Cruster,Melancolie,https://www.youtube.com/watch?v=rx-InK2e9Jg,2021
2026-09-08T04:25:50,1,2026-09-08T04:25:50,Solidmind & Joshua Wasem,Kedjemar,https://www.youtube.com/watch?v=4-u6gpnFjDs,2023
2026-09-08T04:29:30,1,2026-09-08T04:29:30,Nicolas Rada,Zeitgeist,https://www.youtube.com/watch?v=f1t7kTcfuX4,2021
2026-09-08T04:37:41,1,2026-09-08T04:37:41,Michael Simon & Tibetania,Seven Miles,https://www.youtube.com/watch?v=9LrKPOn9wqE,2022
2026-09-08T04:41:26,1,2026-09-08T04:41:26,Lorenzo Al Dino & Peter Cloud,Mind Eater (Gai Barone Remix),https://www.youtube.com/watch?v=a8XD3z_PUx4,2025
2026-09-08T04:48:11,1,2026-09-08T04:48:11,Kirill Borodulev & Basaar,Vostok 1,https://www.youtube.com/watch?v=vJUqD6qoKrI,2025
2026-09-08T04:54:11,1,2026-09-08T04:54:11,Hermanez,Sweet Karma,https://www.youtube.com/watch?v=Cv5Xr9nXWYc,2020
2026-09-08T05:02:39,1,2026-09-08T05:02:39,Evren Furtuna,Mantra,https://www.youtube.com/watch?v=DR0FkK5Pkek,2025
2026-09-08T05:07:45,1,2026-09-08T05:07:45,Ignacio Berardi,Adaggio,https://www.youtube.com/watch?v=qsbErxhnJKk,2025
2026-09-08T05:15:47,1,2026-09-08T05:15:47,Ilya Smagin,Nibbana,https://www.youtube.com/watch?v=aArzqSr2wZo,2025
2026-09-08T05:20:39,1,2026-09-08T05:20:39,Ivadro,Back to Work,https://www.youtube.com/watch?v=NbYD9LGNG9s,2025
2026-09-08T05:30:02,1,2026-09-08T05:30:02,Juan Domecq,Lakeside Serenity (BiGz Remix),https://www.youtube.com/watch?v=88aCcsfLw-Q,2024
2026-09-08T05:35:26,1,2026-09-08T05:35:26,Jab Vix,Valhalla,https://www.youtube.com/watch?v=s9cvysogCME,2025
2026-09-08T05:44:03,1,2026-09-08T05:44:03,James Martin (Au),Ever Present (Seleki Remix),https://www.youtube.com/watch?v=1w0TYtoRSRg,2026
2026-09-08T05:48:29,1,2026-09-08T05:48:29,Nareg,The Beyond,https://www.youtube.com/watch?v=oCxsUPM7lqo,2025
2026-09-08T05:54:52,1,2026-09-08T05:54:52,Netochno,Infinite,https://www.youtube.com/watch?v=RcXPFko38DM,2023
2026-09-08T05:59:39,1,2026-09-08T05:59:39,Berdu,Oracle,https://www.youtube.com/watch?v=WG4FxtX-nm8,2026
2026-09-08T06:08:53,1,2026-09-08T06:08:53,Noizek,Mawal,https://www.youtube.com/watch?v=bJ-TwPdk23E,2025
2026-09-08T06:18:25,1,2026-09-08T06:18:25,Peshta Gora,Weekend,https://www.youtube.com/watch?v=gwHgqb9Wq1Y,2025
2026-09-08T06:27:43,1,2026-09-08T06:27:43,Phillosopher & Patrick Garland (Us),Secrets of the Petroglyphs,https://www.youtube.com/watch?v=_QnXjVx6pq4,2026
2026-09-08T06:31:50,1,2026-09-08T06:31:50,Pumbum,Come Clean (St.Ego Remix),https://www.youtube.com/watch?v=cViGjf248R8,2026
2026-09-08T06:40:50,1,2026-09-08T06:40:50,Rapossa,Roadless Travel (Yves Eaux & Glorionix Remix),https://www.youtube.com/watch?v=cmpVeC9SuAM,2025
2026-09-08T06:45:20,1,2026-09-08T06:45:20,Phillosopher & Patrick Garland (Us),This Time,https://www.youtube.com/watch?v=WXWHwNxFAOw,2026
2026-09-08T06:53:13,1,2026-09-08T06:53:13,Raw Main,Agrabah,https://www.youtube.com/watch?v=ozyUCCcYgJM,2026
2026-09-08T06:58:37,1,2026-09-08T06:58:37,Somelee,Crystal Clear,https://www.youtube.com/watch?v=URB6fac-ssw,2026
2026-09-08T07:08:31,1,2026-09-08T07:08:31,Bilge,Across The Room (St.Ego Remix),https://www.youtube.com/watch?v=hKWepOwGO6I,2026
2026-09-08T07:13:05,1,2026-09-08T07:13:05,Vegaz Sl,Letters From The Cold (KaZkO Remix),https://www.youtube.com/watch?v=HQwxnYlKQ2Q,2026
2026-09-08T07:22:32,1,2026-09-08T07:22:32,Viel,Stay In Love (BiGz Remix),https://www.youtube.com/watch?v=vnwHQjNYp8c,2026
2026-09-08T10:10:06,1,2026-09-08T10:10:06,Peter Makto,Chakra Boogie,https://www.youtube.com/watch?v=xvwC8jsQ034,2024
2026-09-08T10:20:05,1,2026-09-08T10:20:05,Vagner Silveira,Transitions,https://www.youtube.com/watch?v=T1FWZOUfRMU,2025
2026-09-08T10:28:33,1,2026-09-08T10:28:33,Juliane Wolf,Love Conquers All,https://www.youtube.com/watch?v=6vwZw6eoSps,2022
2026-09-08T10:35:45,1,2026-09-08T10:35:45,Delum & David Devanagari,Paradise Found,https://www.youtube.com/watch?v=iAuEojXm8Xo,2020
2026-09-08T10:39:26,1,2026-09-08T10:39:26,Ilias Katelanos & Plecta,Asphodel,https://www.youtube.com/watch?v=__ymO0qmJmE,2024
2026-09-08T10:46:42,1,2026-09-08T10:46:42,Luciano Bz,Fonema,https://www.youtube.com/watch?v=b_GZY9depHQ,2023
2026-09-08T10:50:59,1,2026-09-08T10:50:59,Seleki,Dreamscape,https://www.youtube.com/watch?v=z0-3DZYDE74,2024
2026-09-08T11:02:05,1,2026-09-08T11:02:05,Matias Delongaro,Lush,https://www.youtube.com/watch?v=PsF6CoNSijc,2026
2026-09-08T11:06:26,1,2026-09-08T11:06:26,Mauro Masi,Valhala,https://www.youtube.com/watch?v=ArVYw3IY5Bg,2026
2026-09-08T11:16:15,1,2026-09-08T11:16:15,Edu Schwartz,Someday Means Never,https://www.youtube.com/watch?v=RqTLvJvhS6g,2021
2026-09-08T11:19:47,1,2026-09-08T11:19:47,Krasa Rosa & M.O.S. & Sound Quelle,We Are Kids,https://www.youtube.com/watch?v=5r7m3FMSKDI,2023
2026-09-08T11:29:00,1,2026-09-08T11:29:00,M.O.S. & Double Touch,Ascending (Shai T Remix),https://www.youtube.com/watch?v=3h0Rc6fjpAk,2021
2026-09-08T11:32:41,1,2026-09-08T11:32:41,Skoko,Port in a Storm,https://www.youtube.com/watch?v=tNbKz1VF4SA,2021
2026-09-08T11:40:02,1,2026-09-08T11:40:02,Ryan (Ar),Winds of Harmony,https://www.youtube.com/watch?v=PSsnBXlzfhE,2022
2026-09-08T11:46:16,1,2026-09-08T11:46:16,Wassim Younes & Cafe de Anatolia,Sighs of the Wind,https://www.youtube.com/watch?v=LfzvS45zoys,2023
2026-09-08T11:53:14,1,2026-09-08T11:53:14,Anya Nova,Selene,https://www.youtube.com/watch?v=H6UzDSu54d0,2024
2026-09-08T11:56:55,1,2026-09-08T11:56:55,Tim Parelias & Leo Bakiri,Chamomile,https://www.youtube.com/watch?v=NZUQbT4GspY,2024
2026-09-08T12:07:25,1,2026-09-08T12:07:25,Double Touch,Soft Night,https://www.youtube.com/watch?v=mjX1jamycaU,2024
2026-09-08T12:11:01,1,2026-09-08T12:11:01,Greg Ochman,Mariposa,https://www.youtube.com/watch?v=ju3-t4wQWno,2021
2026-09-08T12:20:05,1,2026-09-08T12:20:05,KANATA.T,Owl (Billka Remix),https://www.youtube.com/watch?v=A1WUU7kBbT8,2025
2026-09-08T12:26:23,1,2026-09-08T12:26:23,Junior & Lost Desert,Bo Singi Yo,https://www.youtube.com/watch?v=KpAWoFpscjc,2021
2026-09-08T12:35:19,1,2026-09-08T12:35:19,Mikael Is Love,Etoile Celeste,https://www.youtube.com/watch?v=iYbddFFXyFc,2026
2026-09-08T12:40:43,1,2026-09-08T12:40:43,Diego Beker,Deepness,https://www.youtube.com/watch?v=34vgDlzJ8QM,2026
2026-09-08T12:49:38,1,2026-09-08T12:49:38,Ramyen,El Olvidado,https://www.youtube.com/watch?v=En7y5GQOUdY,2021
2026-09-08T12:53:23,1,2026-09-08T12:53:23,Wassu,Marianu,https://www.youtube.com/watch?v=fpIvOxQ967s,2021
2026-09-09T03:42:29,1,2026-09-09T03:42:29,Gorje Hewek & Marvin the Sun,Everything You Said,https://www.youtube.com/watch?v=up5kfnK4btM,2021
2026-09-09T03:49:45,1,2026-09-09T03:49:45,Fur Coat & Delhia de France,Eye Of The Storm (Nico Stojan Remix),https://www.youtube.com/watch?v=8TIuKp8zLZw,2021
2026-09-09T03:57:06,1,2026-09-09T03:57:06,Alejo Gonzalez & Barklas,Ten Days,https://www.youtube.com/watch?v=Q7CpySmgkFI,2024
2026-09-09T04:07:05,1,2026-09-09T04:07:05,Big Al & Music P,Raise My Spirit,https://www.youtube.com/watch?v=08jyXXCEbts,2024
2026-09-09T04:12:11,1,2026-09-09T04:12:11,Anonimat,Mars,https://www.youtube.com/watch?v=f96_pJ6Wvxg,2024
2026-09-09T04:23:22,1,2026-09-09T04:23:22,Anonimat & Albuquerque & Hoo,Above Our Reality,https://www.youtube.com/watch?v=9FLTKej7c-k,2024
2026-09-09T04:27:15,1,2026-09-09T04:27:15,Leon Lobato,Beyond the Dreams,https://www.youtube.com/watch?v=HT2PBv0yJHE,2024
2026-09-09T04:34:46,1,2026-09-09T04:34:46,Izhevski,Hawaii,https://www.youtube.com/watch?v=sPnFZ7b8J5c,2022
2026-09-09T04:38:49,1,2026-09-09T04:38:49,Nopi & Sarah Chilanti,Flatter (Dmitry Molosh Remix),https://www.youtube.com/watch?v=1rwYF4fS4dQ,2021
2026-09-09T04:47:40,1,2026-09-09T04:47:40,Emi Galvan,Samsara,https://www.youtube.com/watch?v=ZA55XhjtWlY,2023
2026-09-09T04:51:52,1,2026-09-09T04:51:52,84 Avenue,Bar Amante,https://www.youtube.com/watch?v=eul5DFE-y70,2025
2026-09-09T05:01:41,1,2026-09-09T05:01:41,Stan Tone & Dasha Zarya,Les (Lost Desert Remix),https://www.youtube.com/watch?v=o4D4WaEaSyo,2021
2026-09-09T05:06:11,1,2026-09-09T05:06:11,Arbey Gonzalez,Inner Encounters (Pinkowitz Remix),https://www.youtube.com/watch?v=Qvnt-kIsd1k,2024
2026-09-09T05:15:47,1,2026-09-09T05:15:47,C I a G a & Cafe de Anatolia,Sepia Whispers,,
2026-09-09T05:24:38,1,2026-09-09T05:24:38,Double Touch & Wilma,Distant Ponds,https://www.youtube.com/watch?v=TUpZjo_opVk,2021
2026-09-09T05:32:17,1,2026-09-09T05:32:17,Flexible Fire,La Cumbre,https://www.youtube.com/watch?v=9UQ7IixY81E,2021
2026-09-09T05:36:38,1,2026-09-09T05:36:38,Anton Ishutin,Ahrab,https://www.youtube.com/watch?v=eAJL4KCbvTc,2025
2026-09-09T05:44:04,1,2026-09-09T05:44:04,Klangkarussell,Netzwerk (Luch Remix),https://www.youtube.com/watch?v=EG4aDvgH-3A,2024
2026-09-09T05:48:16,1,2026-09-09T05:48:16,Erdi Irmak,Felt!,https://www.youtube.com/watch?v=LKWUcQOwlLY,2022
2026-09-09T05:55:55,1,2026-09-09T05:55:55,Cafe de Anatolia & Space Castorz,Ancient Dreams,https://www.youtube.com/watch?v=LnNd3QUbXWY,2025
2026-09-09T05:58:50,1,2026-09-09T05:58:50,Gilarden,Time Will Heal,https://www.youtube.com/watch?v=a33mIAahznY,2025
2026-09-09T06:06:43,1,2026-09-09T06:06:43,Chicato,Mica (Brian David Remix),https://www.youtube.com/watch?v=ALu_-mri-hI,2025
2026-09-09T06:11:26,1,2026-09-09T06:11:26,Pedro Sanmartin,The Longest Winter,https://www.youtube.com/watch?v=aXzEZEqeI1A,2021
2026-09-09T06:19:42,1,2026-09-09T06:19:42,Juan Domecq,The Girl Within,https://www.youtube.com/watch?v=E0uLl9P0X7w,2025
2026-09-09T06:25:28,1,2026-09-09T06:25:28,Alex Alcocer,Story Of A Sage,https://www.youtube.com/watch?v=zUVsbJ0rOag,2022
2026-09-09T06:35:54,1,2026-09-09T06:35:54,Ale Russo,Maybe This Time,https://www.youtube.com/watch?v=dY8bKi71dnQ,2024
2026-09-09T06:46:28,1,2026-09-09T06:46:28,ST.EGO,Spark (Seven Wells Remix),https://www.youtube.com/watch?v=aE13atpNNn4,2024
2026-09-09T09:09:03,1,2026-09-09T09:09:03,Nicolas Soria,I'm Here Now,https://www.youtube.com/watch?v=OZnZSUF0h8Q,2024
2026-09-09T09:16:24,1,2026-09-09T09:16:24,Domingo & Loveclub,Seasons,https://www.youtube.com/watch?v=oZsI6BSf7QU,2024
2026-09-09T09:23:09,1,2026-09-09T09:23:09,Different Ray & Molac,Flight Trails,https://www.youtube.com/watch?v=Qd8zOmC1dIk,2023
2026-09-09T09:31:15,1,2026-09-09T09:31:15,Licha Ignacio,Peony,https://www.youtube.com/watch?v=BySqWpG1ogM,2024
2026-09-09T09:36:30,1,2026-09-09T09:36:30,Peter Makto,Opium,https://www.youtube.com/watch?v=AcDnJJRstEs,2021
2026-09-09T09:44:50,1,2026-09-09T09:44:50,Nareg,Rise And Expand,https://www.youtube.com/watch?v=bFJleOI2SSo,2026
2026-09-09T09:48:57,1,2026-09-09T09:48:57,Vedou,Balia,https://www.youtube.com/watch?v=8WoF9r-hvY4,2022
2026-09-09T09:56:32,1,2026-09-09T09:56:32,Less Hate & Nihil Young,"Bambino (Nhii, Elif Remix)",https://www.youtube.com/watch?v=6DqdrkxXgcY,2021
2026-09-09T09:58:56,1,2026-09-09T09:58:56,B.A.X.,Legend of the Forbidden Mountain (Mariner & Doming,,
2026-09-09T10:07:07,1,2026-09-09T10:07:07,Zoeken,Strong Soul,https://www.youtube.com/watch?v=3s22XIqlRrc,2024
2026-09-09T10:10:52,1,2026-09-09T10:10:52,Alejandro Molina,Whispers of the Heartbeat,https://www.youtube.com/watch?v=88pjRNllbV4,2024
2026-09-09T10:21:08,1,2026-09-09T10:21:08,Nohan,Road to You (Eli Nissan Remix),https://www.youtube.com/watch?v=Oi4km4mljgk,2020
2026-09-09T10:26:05,1,2026-09-09T10:26:05,Jakatta,American Dream (PROFF Remix),https://www.youtube.com/watch?v=_1xhu4T9fR8,2024
2026-09-09T10:33:04,1,2026-09-09T10:33:04,Volance,Skasila,,
2026-09-09T10:44:14,1,2026-09-09T10:44:14,Jim Rider & Eduardo Mcgregor,Lights,https://www.youtube.com/watch?v=8UiHSK2NJD4,2022
2026-09-09T10:52:11,1,2026-09-09T10:52:11,Enigmatic & Rafa El,Keeper,https://www.youtube.com/watch?v=0aOZ8-j270o,2022
2026-09-09T10:56:28,1,2026-09-09T10:56:28,Slow Hearts,Menari,https://www.youtube.com/watch?v=cl7ci-LBUEQ,2021
2026-09-09T11:03:22,1,2026-09-09T11:03:22,Peve & Nehli,Luma,https://www.youtube.com/watch?v=H6Zr7FbE0Nk,2022
2026-09-09T11:06:08,1,2026-09-09T11:06:08,Dudubeat & Tissano,White Sun,https://www.youtube.com/watch?v=CYnZNqcAnec,2025
2026-09-09T11:15:40,1,2026-09-09T11:15:40,Tidy Daps,6AM Love (Nicolas Soria Remix),https://www.youtube.com/watch?v=3b0omjr-qWY,2024
2026-09-09T11:20:23,1,2026-09-09T11:20:23,Greenage,La Luna Negra,https://www.youtube.com/watch?v=BRJvbAOeDew,2021
2026-09-09T11:30:31,1,2026-09-09T11:30:31,Elyria,Free Birds,https://www.youtube.com/watch?v=RSwhzXsbSpA,2025
2026-09-09T11:34:11,1,2026-09-09T11:34:11,Alley Sa,Idunnu,https://www.youtube.com/watch?v=4Qyeqp5UdNE,2024
2026-09-10T02:08:45,1,2026-09-10T02:08:45,Roro,Akrasia,https://www.youtube.com/watch?v=rCyfnovVDWE,2021
2026-09-10T02:16:20,1,2026-09-10T02:16:20,The Muhammads,Dana,https://www.youtube.com/watch?v=e9hTzrfi0Bw,2021
2026-09-10T02:26:27,1,2026-09-10T02:26:27,Lucas Degiorgi,Charger,https://www.youtube.com/watch?v=i9BRSSFWqSg,2021
2026-09-10T02:35:27,1,2026-09-10T02:35:27,Namatjira,Gamasch,https://www.youtube.com/watch?v=ZE-8u471Ras,2024
2026-09-10T02:38:23,1,2026-09-10T02:38:23,Wassu & Bona Fide,Sila,https://www.youtube.com/watch?v=y7ZawyNzeQk,2021
2026-09-10T02:47:00,1,2026-09-10T02:47:00,Deviu,Through the Darkness (Erdi Irmak Remix),https://www.youtube.com/watch?v=KuKJ6LUA_hg,2022
2026-09-10T02:50:27,1,2026-09-10T02:50:27,Haris Kate,Djouk,https://www.youtube.com/watch?v=AnFJr14r7c0,2022
2026-09-10T02:57:31,1,2026-09-10T02:57:31,Venao & Daann,End of Times,https://www.youtube.com/watch?v=rqK6nACCz3c,2025
2026-09-10T03:03:39,1,2026-09-10T03:03:39,Franco Leonardini & Gonzalo Sacc,Shaft Of Light,https://www.youtube.com/watch?v=wSbDSOKylIE,2023
2026-09-10T03:12:40,1,2026-09-10T03:12:40,Julian Liander & Mauro Masi,Desai,https://www.youtube.com/watch?v=UkWz6tOawns,2022
2026-09-10T03:15:44,1,2026-09-10T03:15:44,M.O.S. & Diiptrip & Leonid Sivelkin,When She Leaves,https://www.youtube.com/watch?v=nAfDWAekjfk,2021
2026-09-10T03:22:43,1,2026-09-10T03:22:43,Silence Path,Illusion (Powel Remix),https://www.youtube.com/watch?v=2UOU9KSOuIA,2019
2026-09-10T03:26:19,1,2026-09-10T03:26:19,Junior & Lost Desert,Yo Nde (Bona Fide Remix),https://www.youtube.com/watch?v=5SEUsUDwuug,2021
2026-09-10T03:33:26,1,2026-09-10T03:33:26,Return to Saturn,Far Away,https://www.youtube.com/watch?v=KrlVZpoYo8I,2022
2026-09-10T03:39:13,1,2026-09-10T03:39:13,Wawda & Mulo,Explorer,https://www.youtube.com/watch?v=kDwD5h8EjHQ,2025
2026-09-10T03:47:32,1,2026-09-10T03:47:32,Traumhouse,You,,
2026-09-10T03:52:52,1,2026-09-10T03:52:52,Venao & Daann,Sick,https://www.youtube.com/watch?v=IIwhWO6Jz-c,2025
2026-09-10T04:03:08,1,2026-09-10T04:03:08,Bjorn Salvador,Simple Things,https://www.youtube.com/watch?v=s4m4Is4VtrA,2025
2026-09-10T04:09:13,1,2026-09-10T04:09:13,Death on the Balcony,Up Side Down (Madraas Remix),https://www.youtube.com/watch?v=pbng27-72fA,2021
2026-09-10T04:17:14,1,2026-09-10T04:17:14,Dominik Petzold,Hindsight,https://www.youtube.com/watch?v=4UA-3CaGR0Y,2021
2026-09-10T04:21:13,1,2026-09-10T04:21:13,Domingo,I Still Remember (Powel Remix),https://www.youtube.com/watch?v=TPKBNh_QXxs,2022
2026-09-10T04:29:28,1,2026-09-10T04:29:28,Double Touch,Von Paradiso,https://www.youtube.com/watch?v=D-wde9hajpE,2021
2026-09-10T04:32:19,1,2026-09-10T04:32:19,A-slam & K.A.E,Eshtaktelak,https://www.youtube.com/watch?v=xCwCNacKYe4,2021
2026-09-10T04:39:31,1,2026-09-10T04:39:31,Tebra,Izvor,https://www.youtube.com/watch?v=H6jnXx1Uh9o,2022
2026-09-10T04:42:53,1,2026-09-10T04:42:53,St Hilaire,Eli In The Sky,https://www.youtube.com/watch?v=EMI8UTgAJsk,2022
2026-09-10T04:49:43,1,2026-09-10T04:49:43,Rashid Ajami,You Don't Know Me (Madraas Remix),https://www.youtube.com/watch?v=tPvHKGkeTPU,2021
2026-09-10T04:57:36,1,2026-09-10T04:57:36,Fake Mood & Dibidabo,Coconana,https://www.youtube.com/watch?v=sPOHHPS7jvI,2023
2026-09-10T08:34:26,1,2026-09-10T08:34:26,Alley Sa & Wesley (Br),Never Enough,https://www.youtube.com/watch?v=pmNVnFEo0bE,2024
2026-09-10T08:42:01,1,2026-09-10T08:42:01,Anuqram,System Change (Dulus Remix),https://www.youtube.com/watch?v=v1fr7RZsor0,2023
2026-09-10T08:49:53,1,2026-09-10T08:49:53,Valdovinos & Abi Ferraresi,About You,https://www.youtube.com/watch?v=YUAXIBXqoos,2021
2026-09-10T08:57:41,1,2026-09-10T08:57:41,Tim Green,Lune,https://www.youtube.com/watch?v=Gs-eqHKlyPY,2022
2026-09-10T09:00:19,1,2026-09-10T09:00:19,Alexey Romeo,Kudaga (Alex Konstantinov Remix),https://www.youtube.com/watch?v=AGHCDjGVy_I,2021
2026-09-10T09:06:59,1,2026-09-10T09:06:59,Bartella,Mi Orquesta,https://www.youtube.com/watch?v=Z6RURlGcU0Y,2022
2026-09-10T09:09:50,1,2026-09-10T09:09:50,Ira Ange & Alex Konstantinov & Miroshin,Je T aime,https://www.youtube.com/watch?v=_F1zt1TzN8Q,2025
2026-09-10T09:19:17,1,2026-09-10T09:19:17,Gol'man,Luch,,
2026-09-10T09:24:01,1,2026-09-10T09:24:01,Nicolas Viana,Pixel,https://www.youtube.com/watch?v=r6vfPg6lob4,2025
2026-09-10T09:31:58,1,2026-09-10T09:31:58,Ferenczi,Mist Of Spring,https://www.youtube.com/watch?v=CpYwj43APXA,2025
2026-09-10T09:38:47,1,2026-09-10T09:38:47,Erdi Irmak,Star Surf,https://www.youtube.com/watch?v=Iaj5JaAmKug,2025
2026-09-10T09:48:41,1,2026-09-10T09:48:41,Dibidabo,Sound Of My Dream,https://www.youtube.com/watch?v=kyRnpfnj9Cg,2025
2026-09-10T09:53:16,1,2026-09-10T09:53:16,Dune Echo,Heart Is Racing,https://www.youtube.com/watch?v=ZjTYHnood7c,2025
2026-09-10T10:03:37,1,2026-09-10T10:03:37,Cafe de Anatolia & Eddy Hart,Amanecer,https://www.youtube.com/watch?v=vS5llw4Mfbc,2025
2026-09-10T10:13:04,1,2026-09-10T10:13:04,Bonama & Stavrakiz & Cafe de Anatolia,Isle Of Calypso,https://www.youtube.com/watch?v=lxoI8HtRz6s,2025
2026-09-10T10:19:22,1,2026-09-10T10:19:22,Beto Ruve,Future Civilization,https://www.youtube.com/watch?v=idW5UhBbm7k,2025
2026-09-10T10:24:01,1,2026-09-10T10:24:01,Al Park & Atique,For You,https://www.youtube.com/watch?v=dA6386LP8Jg,2025
2026-09-10T10:34:13,1,2026-09-10T10:34:13,Joep Mencke,Origin,https://www.youtube.com/watch?v=DcDR5NHbdyE,2025
2026-09-10T10:38:30,1,2026-09-10T10:38:30,Jennifer Dons & Tibetania,Al Andalus,https://www.youtube.com/watch?v=lvCGTPe7-k0,2025
2026-09-10T10:48:33,1,2026-09-10T10:48:33,Modd & Metanoya,On The Way To Wonderland,https://www.youtube.com/watch?v=7-Vc3P4LKcU,2024
2026-09-10T10:52:13,1,2026-09-10T10:52:13,J Twin,Right Now (Tim Hanmann Remix),https://www.youtube.com/watch?v=YFExApvNxes,2026
2026-09-10T11:01:49,1,2026-09-10T11:01:49,Joston,Sunset Silk,https://www.youtube.com/watch?v=jlNdOf_nt50,2026
2026-09-11T00:09:09,1,2026-09-11T00:09:09,Anonimat & M.O.S.,Perspective Mind,https://www.youtube.com/watch?v=J3gHAJaFiKg,2024
2026-09-11T00:18:05,1,2026-09-11T00:18:05,Artless Being,Souls of Lisa,https://www.youtube.com/watch?v=be-uTWvaSjU,2024
2026-09-11T00:27:32,1,2026-09-11T00:27:32,Audiense,Gili Trawangan,https://www.youtube.com/watch?v=5VFgr05PmGk,2024
2026-09-11T00:37:12,1,2026-09-11T00:37:12,Agoria & Rome Fortune,I Love You More Than Myself (Lannka Remix),https://www.youtube.com/watch?v=dWQP9W9XkKA,2024
2026-09-11T00:40:17,1,2026-09-11T00:40:17,Mauro Masi,Road to Magic Sound,https://www.youtube.com/watch?v=cpfYXENzPZA,2021
2026-09-11T00:50:24,1,2026-09-11T00:50:24,Lost Desert,Satisfied by Noise,https://www.youtube.com/watch?v=rYLH3XfEU-Q,2024
2026-09-11T00:56:11,1,2026-09-11T00:56:11,Double Touch,Amour,https://www.youtube.com/watch?v=Bek6hi1ojC8,2025
2026-09-11T01:03:36,1,2026-09-11T01:03:36,Shamanski,Purple Sky,https://www.youtube.com/watch?v=S-RNMSSxcBM,2024
2026-09-11T01:08:06,1,2026-09-11T01:08:06,Lads,Stoyote (Simos Tagias Remix),https://www.youtube.com/watch?v=wO27mLY30BA,2021
2026-09-11T01:17:11,1,2026-09-11T01:17:11,Ranta,Oronei,https://www.youtube.com/watch?v=p_v5e4t34bM,2023
2026-09-11T01:20:20,1,2026-09-11T01:20:20,Soul of Void,Jamal,https://www.youtube.com/watch?v=X4Xbzbx50gM,2021
2026-09-11T01:27:50,1,2026-09-11T01:27:50,Powel,Hor's Echo,https://www.youtube.com/watch?v=hr6z38NZt_8,2020
2026-09-11T01:31:08,1,2026-09-11T01:31:08,Tuba Twooz,Early Morning Breath,https://www.youtube.com/watch?v=bZyVdSQ-r_g,2021
2026-09-11T01:40:13,1,2026-09-11T01:40:13,Rosario Galati & Yves Murasca,Comprendo,https://www.youtube.com/watch?v=rPz0RDHFoFI,2022
2026-09-11T01:46:58,1,2026-09-11T01:46:58,Aiwaska & Vincent Marlice,Sol Keys,https://www.youtube.com/watch?v=jvFIuvygI3Y,2024
2026-09-11T01:57:01,1,2026-09-11T01:57:01,Roderic,Magma,https://www.youtube.com/watch?v=bioxNY-ZSZY,2022
2026-09-11T02:00:14,1,2026-09-11T02:00:14,Namatjira,Aesa,https://www.youtube.com/watch?v=58-YUqs8wYc,2023
2026-09-11T02:06:01,1,2026-09-11T02:06:01,Stereo Munk & Dublew,Blue Lagoon,https://www.youtube.com/watch?v=NbMAQATgaQ0,2023
2026-09-11T02:09:41,1,2026-09-11T02:09:41,Le'gram & Tania She,Mi Sangre,https://www.youtube.com/watch?v=gAKzqAD2it4,2023
2026-09-11T02:18:41,1,2026-09-11T02:18:41,Dandara & Tom Nikso,Kuzco,https://www.youtube.com/watch?v=2ngn5QgF_m0,2021
2026-09-11T02:22:04,1,2026-09-11T02:22:04,Peter Makto,Bedouin (Renga Weh Remix),https://www.youtube.com/watch?v=mZGs7Ed2xUE,2021
2026-09-11T02:28:08,1,2026-09-11T02:28:08,Peve,Reflection,https://www.youtube.com/watch?v=qFHxwwpvd1k,2021
2026-09-11T02:31:22,1,2026-09-11T02:31:22,Samche,Mars,,
2026-09-11T02:40:35,1,2026-09-11T02:40:35,Gai Barone,Fractals (Nicolas Viana Remix),https://www.youtube.com/watch?v=2rXBlWM6vl8,2025
2026-09-11T02:44:20,1,2026-09-11T02:44:20,Gumale,Ghostly Distance,https://www.youtube.com/watch?v=y2GCFrUjHn8,2025
2026-09-11T02:53:07,1,2026-09-11T02:53:07,Halishan,Humble Forest,https://www.youtube.com/watch?v=rBxw6qn5qCc,2025
2026-09-11T03:01:53,1,2026-09-11T03:01:53,Husa & Zeyada,Khaf Mat (Sarkis Mikael Remix),https://www.youtube.com/watch?v=qOGu7nMvKQo,2025
2026-09-11T09:23:45,1,2026-09-11T09:23:45,David Hohme & Erdi Irmak,Changes!,https://www.youtube.com/watch?v=mn_OSgj00nM,2022
2026-09-11T09:32:45,1,2026-09-11T09:32:45,Hraach,After Dark,https://www.youtube.com/watch?v=Rsg6IzmOebk,2021
2026-09-11T09:41:54,1,2026-09-11T09:41:54,Emi Galvan & Dj Zombi,Train Affair,https://www.youtube.com/watch?v=aUDbJ7L6rgY,2024
2026-09-11T09:49:15,1,2026-09-11T09:49:15,Kirik,Veritas,https://www.youtube.com/watch?v=atAc7YC3ahE,2024
2026-09-11T09:54:21,1,2026-09-11T09:54:21,Mik Kartl,Pink Sky,https://www.youtube.com/watch?v=2utUh3lO56o,2021
2026-09-11T10:01:51,1,2026-09-11T10:01:51,Lee Burridge,Satellite Girl (Tim Green Remix),https://www.youtube.com/watch?v=QQzVaGW1zA0,2021
2026-09-11T10:06:21,1,2026-09-11T10:06:21,Thorsten Hammer & Leroy Barry,All About Us,https://www.youtube.com/watch?v=2zQBgWDdd7Y,2026
2026-09-11T10:13:46,1,2026-09-11T10:13:46,Traumhouse,Caelum,https://www.youtube.com/watch?v=8OrrADL62Jw,2025
2026-09-11T10:17:27,1,2026-09-11T10:17:27,Drubon,Minerva,https://www.youtube.com/watch?v=v-rhrIqJieE,2021
2026-09-11T10:24:48,1,2026-09-11T10:24:48,Mariner & Domingo,Miss You,https://www.youtube.com/watch?v=2WryoGfezKY,2020
2026-09-11T10:28:51,1,2026-09-11T10:28:51,Yves Eaux & Rehatta & Tibetania,Tuareg,https://www.youtube.com/watch?v=Arplcom2J2g,2025
2026-09-11T10:38:18,1,2026-09-11T10:38:18,Malone & The Kimonos,Bana (BLONDISH Remix),https://www.youtube.com/watch?v=Nyla7Y50ucw,2021
2026-09-11T10:42:17,1,2026-09-11T10:42:17,Latteo,I am I,https://www.youtube.com/watch?v=1fv9PUFoIUk,2021
2026-09-11T10:50:27,1,2026-09-11T10:50:27,The Midnight,Kids (PROFF Remix),https://www.youtube.com/watch?v=Q7BAmqwACJ4,2020
2026-09-11T10:59:36,1,2026-09-11T10:59:36,Leomar,Elusive,https://www.youtube.com/watch?v=WYUKyk6a_fY,2026
2026-09-11T11:08:59,1,2026-09-11T11:08:59,Dj Phellix & Seventh Soul & Ario Vibes & Ali Kashani,Pari Kojaei,https://www.youtube.com/watch?v=H2lBR74swUk,2025
2026-09-11T11:12:53,1,2026-09-11T11:12:53,Dee Montero & Newman (I Love),Shadows,https://www.youtube.com/watch?v=Q6lnVEzx_NQ,2020
2026-09-11T11:22:56,1,2026-09-11T11:22:56,Engelhart,Touching You,https://www.youtube.com/watch?v=5N_v3TjPwVA,2025
2026-09-11T11:27:44,1,2026-09-11T11:27:44,Makebo & Amonita,Back To The Roots,https://www.youtube.com/watch?v=_Z2hXlHb63k,2022
2026-09-11T11:36:12,1,2026-09-11T11:36:12,Nikola Melnikov & Max Sorokin,"Quadrennium (Rammo, Spaniol Remix)",https://www.youtube.com/watch?v=Pwvpkm-lIpw,2021
2026-09-11T11:39:35,1,2026-09-11T11:39:35,Rashid Ajami,The Day We Never Met,https://www.youtube.com/watch?v=FocW7CreKyU,2021
2026-09-11T11:47:14,1,2026-09-11T11:47:14,Wawda & Mulo,Viha,https://www.youtube.com/watch?v=ChhXlX-Qbhg,2024
2026-09-11T11:50:41,1,2026-09-11T11:50:41,Fernando Olaya & Giovanny Aparicio,Gypsy Essence,https://www.youtube.com/watch?v=FksPpBYgCMs,2026
2026-09-11T11:58:33,1,2026-09-11T11:58:33,Fernando Olaya & Arbey Gonzalez,Shalom,https://www.youtube.com/watch?v=K1OJGGDfmTU,2026
2026-09-11T12:03:44,1,2026-09-11T12:03:44,Geovhan,Harmonia,https://www.youtube.com/watch?v=zC50fcr87c4,2026
